Record Length,2500,Points,0.0,1.8399999,
Sample Interval,399.99998990E-6,s,399.99998990E-6,1.8000000,
Trigger Point,0.0,Samples,799.999979790E-6,1.8000000,
,,,1.1999999E-3,1.8000000,
,,,1.6000000E-3,1.8000000,
,,,1.9999999E-3,1.7600000,
Source,CH1,,2.3999999E-3,1.8000000,
Vertical Units,Volts,,2.79999990E-3,1.7600000,
Vertical Scale,1.0239062,,3.19999992E-3,1.7600000,
Vertical Offset,0,,3.59999994E-3,1.7600000,
Horizontal Units,s,,3.99999972E-3,1.7199999,
Horizontal Scale,99.999997474E-3,,4.39999998E-3,1.7199999,
Pt Fmt,Y,,4.79999976E-3,1.7199999,
Yzero,-1.7970395,,5.20000001E-3,1.6799999,
Probe Atten,1.000000,,5.59999980E-3,1.6799999,
,,,6.00000005E-3,1.6799999,
Note,TDS 2022B - 15:51:58   16.01.2019,,6.39999984E-3,1.6799999,
,,,6.79999962E-3,1.6799999,
,,,7.19999988E-3,1.6400000,
,,,7.599999662E-3,1.6400000,
,,,7.999999449E-3,1.6400000,
,,,8.399999700E-3,1.5999999,
,,,8.799999952E-3,1.6400000,
,,,9.200000204E-3,1.5999999,
,,,9.599999525E-3,1.5999999,
,,,9.999999776E-3,1.5999999,
,,,10.4000000E-3,1.5999999,
,,,10.7999993E-3,1.5599999,
,,,11.1999996E-3,1.5599999,
,,,11.5999999E-3,1.5599999,
,,,12.0000001E-3,1.5599999,
,,,12.3999994E-3,1.5200000,
,,,12.7999997E-3,1.5200000,
,,,13.1999999E-3,1.5200000,
,,,13.5999992E-3,1.4800000,
,,,13.9999995E-3,1.4800000,
,,,14.3999998E-3,1.4800000,
,,,14.8000000E-3,1.4800000,
,,,15.1999993E-3,1.4800000,
,,,15.5999996E-3,1.4399999,
,,,15.9999989E-3,1.4399999,
,,,16.4000001E-3,1.4399999,
,,,16.7999994E-3,1.4399999,
,,,17.1999987E-3,1.4399999,
,,,17.5999999E-3,1.4000000,
,,,17.9999992E-3,1.4000000,
,,,18.4000004E-3,1.4399999,
,,,18.7999997E-3,1.4000000,
,,,19.1999990E-3,1.3600000,
,,,19.6000002E-3,1.4000000,
,,,19.9999996E-3,1.3600000,
,,,20.39999887E-3,1.3600000,
,,,20.80000006E-3,1.3600000,
,,,21.19999938E-3,1.3600000,
,,,21.59999870E-3,1.3600000,
,,,21.99999988E-3,1.3600000,
,,,22.39999920E-3,1.3199999,
,,,22.79999852E-3,1.3199999,
,,,23.19999970E-3,1.3199999,
,,,23.59999903E-3,1.2800000,
,,,24.00000021E-3,1.2800000,
,,,24.39999953E-3,1.3199999,
,,,24.79999885E-3,1.2800000,
,,,25.20000003E-3,1.2800000,
,,,25.59999935E-3,1.2800000,
,,,25.99999867E-3,1.2800000,
,,,26.39999986E-3,1.2800000,
,,,26.79999918E-3,1.2800000,
,,,27.19999850E-3,1.2800000,
,,,27.59999968E-3,1.2400000,
,,,27.99999900E-3,1.2400000,
,,,28.40000018E-3,1.2400000,
,,,28.79999951E-3,1.2400000,
,,,29.19999883E-3,1.2400000,
,,,29.60000001E-3,1.2400000,
,,,29.99999933E-3,1.2400000,
,,,30.39999865E-3,1.2400000,
,,,30.79999983E-3,1.1999999,
,,,31.19999915E-3,1.2400000,
,,,31.59999847E-3,1.1999999,
,,,31.99999779E-3,1.1600000,
,,,32.40000084E-3,1.1999999,
,,,32.80000016E-3,1.1600000,
,,,33.19999948E-3,1.1999999,
,,,33.59999880E-3,1.1600000,
,,,33.99999812E-3,1.1600000,
,,,34.39999744E-3,1.1600000,
,,,34.80000049E-3,1.1600000,
,,,35.19999981E-3,1.1600000,
,,,35.59999913E-3,1.1600000,
,,,35.99999845E-3,1.1600000,
,,,36.39999777E-3,1.1200000,
,,,36.80000082E-3,1.1600000,
,,,37.20000014E-3,1.1200000,
,,,37.59999946E-3,1.1200000,
,,,37.99999878E-3,1.1200000,
,,,38.39999810E-3,1.1200000,
,,,38.79999742E-3,1.1600000,
,,,39.20000046E-3,1.1200000,
,,,39.59999979E-3,1.1200000,
,,,39.99999911E-3,1.1200000,
,,,40.39999843E-3,1.1200000,
,,,40.79999775E-3,1.1200000,
,,,41.20000079E-3,1.0799999,
,,,41.60000011E-3,1.0799999,
,,,41.99999943E-3,1.0799999,
,,,42.39999875E-3,1.0799999,
,,,42.79999807E-3,1.0799999,
,,,43.19999740E-3,1.0799999,
,,,43.60000044E-3,1.0799999,
,,,43.99999976E-3,1.1200000,
,,,44.39999908E-3,1.1200000,
,,,44.79999840E-3,1.0799999,
,,,45.19999772E-3,1.0799999,
,,,45.59999704E-3,1.0799999,
,,,46.00000009E-3,1.0799999,
,,,46.39999941E-3,1.0799999,
,,,46.79999873E-3,1.0799999,
,,,47.19999805E-3,1.0799999,
,,,47.59999737E-3,1.0799999,
,,,48.00000042E-3,1.0799999,
,,,48.39999974E-3,1.0799999,
,,,48.79999906E-3,1.0799999,
,,,49.19999838E-3,1.0799999,
,,,49.59999770E-3,1.0799999,
,,,49.99999702E-3,1.0799999,
,,,50.40000007E-3,1.0799999,
,,,50.79999939E-3,1.0799999,
,,,51.19999871E-3,1.0799999,
,,,51.59999803E-3,1.0799999,
,,,51.99999735E-3,1.0400000,
,,,52.40000039E-3,1.0799999,
,,,52.79999971E-3,1.0799999,
,,,53.19999903E-3,1.0799999,
,,,53.59999835E-3,1.0799999,
,,,53.99999768E-3,1.0799999,
,,,54.39999700E-3,1.0799999,
,,,54.800000042E-3,1.0799999,
,,,55.199999362E-3,1.0799999,
,,,55.599998683E-3,1.0799999,
,,,55.999998003E-3,1.0799999,
,,,56.399997324E-3,1.1200000,
,,,56.800000370E-3,1.0799999,
,,,57.199999690E-3,1.0799999,
,,,57.599999011E-3,1.0799999,
,,,57.999998331E-3,1.1200000,
,,,58.399997652E-3,1.0799999,
,,,58.799996972E-3,1.0799999,
,,,59.200000018E-3,1.1200000,
,,,59.599999338E-3,1.0799999,
,,,59.999998659E-3,1.1200000,
,,,60.399997979E-3,1.1200000,
,,,60.799997300E-3,1.1200000,
,,,61.199996620E-3,1.1600000,
,,,61.599999666E-3,1.1200000,
,,,61.999998987E-3,1.1200000,
,,,62.399998307E-3,1.1200000,
,,,62.799997628E-3,1.1600000,
,,,63.199996948E-3,1.1600000,
,,,63.599996269E-3,1.1200000,
,,,63.999995589E-3,1.1200000,
,,,64.399994910E-3,1.1600000,
,,,64.800001681E-3,1.1200000,
,,,65.200001001E-3,1.1600000,
,,,65.600000322E-3,1.1600000,
,,,65.999999642E-3,1.1600000,
,,,66.399998963E-3,1.1600000,
,,,66.799998283E-3,1.1999999,
,,,67.199997604E-3,1.1600000,
,,,67.599996924E-3,1.1999999,
,,,67.999996245E-3,1.1999999,
,,,68.399995565E-3,1.1999999,
,,,68.799994886E-3,1.2400000,
,,,69.200001657E-3,1.1999999,
,,,69.600000978E-3,1.2400000,
,,,70.000000298E-3,1.2400000,
,,,70.399999619E-3,1.2400000,
,,,70.799998939E-3,1.2400000,
,,,71.199998260E-3,1.2400000,
,,,71.599997580E-3,1.2400000,
,,,71.999996901E-3,1.2400000,
,,,72.399996221E-3,1.2400000,
,,,72.799995542E-3,1.2800000,
,,,73.199994862E-3,1.2400000,
,,,73.600001633E-3,1.2400000,
,,,74.000000954E-3,1.2800000,
,,,74.400000274E-3,1.2800000,
,,,74.799999595E-3,1.2800000,
,,,75.199998915E-3,1.2800000,
,,,75.599998236E-3,1.2800000,
,,,75.999997556E-3,1.2800000,
,,,76.399996877E-3,1.3199999,
,,,76.799996197E-3,1.2800000,
,,,77.199995518E-3,1.3199999,
,,,77.599994838E-3,1.3199999,
,,,78.000001609E-3,1.3199999,
,,,78.400000930E-3,1.3600000,
,,,78.800000250E-3,1.3600000,
,,,79.199999571E-3,1.3600000,
,,,79.599998891E-3,1.3600000,
,,,79.999998212E-3,1.3600000,
,,,80.399997532E-3,1.4000000,
,,,80.799996853E-3,1.4000000,
,,,81.199996173E-3,1.3600000,
,,,81.599995494E-3,1.4000000,
,,,81.999994814E-3,1.3600000,
,,,82.400001585E-3,1.4000000,
,,,82.800000906E-3,1.4000000,
,,,83.200000226E-3,1.4000000,
,,,83.599999547E-3,1.4399999,
,,,83.999998868E-3,1.4399999,
,,,84.399998188E-3,1.4399999,
,,,84.799997509E-3,1.4800000,
,,,85.199996829E-3,1.4800000,
,,,85.599996150E-3,1.5200000,
,,,85.999995470E-3,1.5200000,
,,,86.399994791E-3,1.5200000,
,,,86.799994111E-3,1.5200000,
,,,87.200000882E-3,1.5200000,
,,,87.600000203E-3,1.5200000,
,,,87.999999523E-3,1.5599999,
,,,88.399998844E-3,1.5599999,
,,,88.799998164E-3,1.5599999,
,,,89.199997485E-3,1.5999999,
,,,89.599996805E-3,1.5599999,
,,,89.999996126E-3,1.5599999,
,,,90.399995446E-3,1.5999999,
,,,90.799994767E-3,1.5999999,
,,,91.199994087E-3,1.5999999,
,,,91.600000858E-3,1.6400000,
,,,92.000000179E-3,1.6400000,
,,,92.399999499E-3,1.6400000,
,,,92.799998820E-3,1.6799999,
,,,93.199998140E-3,1.6799999,
,,,93.599997461E-3,1.7199999,
,,,93.999996781E-3,1.6799999,
,,,94.399996102E-3,1.7199999,
,,,94.799995422E-3,1.7199999,
,,,95.199994743E-3,1.7199999,
,,,95.599994063E-3,1.7199999,
,,,96.000000834E-3,1.7199999,
,,,96.400000155E-3,1.7600000,
,,,96.799999475E-3,1.7600000,
,,,97.199998796E-3,1.7600000,
,,,97.599998116E-3,1.7600000,
,,,97.999997437E-3,1.7600000,
,,,98.399996758E-3,1.8000000,
,,,98.799996078E-3,1.8000000,
,,,99.199995399E-3,1.8000000,
,,,99.599994719E-3,1.8399999,
,,,99.999994040E-3,1.8399999,
,,,100.4000008E-3,1.8399999,
,,,100.8000001E-3,1.8800000,
,,,101.1999995E-3,1.8800000,
,,,101.5999988E-3,1.8800000,
,,,101.9999981E-3,1.8800000,
,,,102.3999974E-3,1.9200000,
,,,102.7999967E-3,1.9200000,
,,,103.1999961E-3,1.9200000,
,,,103.5999954E-3,1.9599999,
,,,103.9999947E-3,1.9599999,
,,,104.3999940E-3,1.9599999,
,,,104.8000008E-3,1.9599999,
,,,105.2000001E-3,1.9599999,
,,,105.5999994E-3,1.9599999,
,,,105.9999987E-3,2.0000000,
,,,106.3999981E-3,1.9599999,
,,,106.7999974E-3,2.0000000,
,,,107.1999967E-3,2.0000000,
,,,107.5999960E-3,2.0400000,
,,,107.9999954E-3,2.0400000,
,,,108.3999947E-3,2.0799999,
,,,108.7999940E-3,2.0400000,
,,,109.2000008E-3,2.0799999,
,,,109.6000001E-3,2.0799999,
,,,109.9999994E-3,2.1199999,
,,,110.3999987E-3,2.1199999,
,,,110.7999980E-3,2.1199999,
,,,111.1999974E-3,2.1599998,
,,,111.5999967E-3,2.1599998,
,,,111.9999960E-3,2.1599998,
,,,112.3999953E-3,2.2000000,
,,,112.7999946E-3,2.1599998,
,,,113.1999940E-3,2.1599998,
,,,113.6000007E-3,2.2000000,
,,,114.0000001E-3,2.2000000,
,,,114.3999994E-3,2.2000000,
,,,114.7999987E-3,2.2000000,
,,,115.1999980E-3,2.2400000,
,,,115.5999973E-3,2.2400000,
,,,115.9999967E-3,2.2400000,
,,,116.3999960E-3,2.2800000,
,,,116.7999953E-3,2.3199999,
,,,117.1999946E-3,2.2800000,
,,,117.5999939E-3,2.3199999,
,,,118.0000007E-3,2.3199999,
,,,118.4000000E-3,2.3199999,
,,,118.7999994E-3,2.3599999,
,,,119.1999987E-3,2.3599999,
,,,119.5999980E-3,2.3599999,
,,,119.9999973E-3,2.3599999,
,,,120.3999966E-3,2.3599999,
,,,120.7999960E-3,2.3999999,
,,,121.1999953E-3,2.3999999,
,,,121.5999946E-3,2.3599999,
,,,121.9999939E-3,2.3999999,
,,,122.3999932E-3,2.3999999,
,,,122.8000000E-3,2.3999999,
,,,123.1999993E-3,2.4400001,
,,,123.5999987E-3,2.4400001,
,,,123.9999980E-3,2.4800000,
,,,124.3999973E-3,2.4800000,
,,,124.7999966E-3,2.5200000,
,,,125.2000034E-3,2.5200000,
,,,125.5999953E-3,2.5200000,
,,,126.0000020E-3,2.5200000,
,,,126.3999939E-3,2.5599999,
,,,126.8000007E-3,2.5599999,
,,,127.1999925E-3,2.5599999,
,,,127.5999993E-3,2.5599999,
,,,127.9999912E-3,2.5999999,
,,,128.3999979E-3,2.5999999,
,,,128.7999898E-3,2.5999999,
,,,129.1999966E-3,2.5999999,
,,,129.6000034E-3,2.5999999,
,,,129.9999952E-3,2.5999999,
,,,130.4000020E-3,2.5999999,
,,,130.7999939E-3,2.6399999,
,,,131.2000006E-3,2.5999999,
,,,131.5999925E-3,2.6399999,
,,,131.9999993E-3,2.6799998,
,,,132.3999912E-3,2.6799998,
,,,132.7999979E-3,2.6799998,
,,,133.1999898E-3,2.6799998,
,,,133.5999966E-3,2.6799998,
,,,134.0000033E-3,2.72000003,
,,,134.3999952E-3,2.6799998,
,,,134.8000020E-3,2.72000003,
,,,135.1999938E-3,2.72000003,
,,,135.6000006E-3,2.72000003,
,,,135.9999925E-3,2.75999999,
,,,136.3999993E-3,2.72000003,
,,,136.7999911E-3,2.75999999,
,,,137.1999979E-3,2.75999999,
,,,137.5999898E-3,2.75999999,
,,,137.9999965E-3,2.79999995,
,,,138.4000033E-3,2.75999999,
,,,138.7999952E-3,2.79999995,
,,,139.2000020E-3,2.79999995,
,,,139.5999938E-3,2.79999995,
,,,140.0000006E-3,2.79999995,
,,,140.3999925E-3,2.83999991,
,,,140.7999992E-3,2.79999995,
,,,141.1999911E-3,2.83999991,
,,,141.5999979E-3,2.87999988,
,,,141.9999897E-3,2.87999988,
,,,142.3999965E-3,2.87999988,
,,,142.8000033E-3,2.87999988,
,,,143.1999952E-3,2.87999988,
,,,143.6000019E-3,2.91999984,
,,,143.9999938E-3,-3.27999997,
,,,144.4000006E-3,-3.27999997,
,,,144.7999924E-3,-3.27999997,
,,,145.1999992E-3,-3.27999997,
,,,145.5999911E-3,-3.27999997,
,,,145.9999979E-3,-3.27999997,
,,,146.3999897E-3,-3.27999997,
,,,146.7999965E-3,-3.27999997,
,,,147.2000033E-3,-3.27999997,
,,,147.5999951E-3,-3.27999997,
,,,148.0000019E-3,-3.27999997,
,,,148.3999938E-3,-3.27999997,
,,,148.80000055E-3,-3.27999997,
,,,149.19999242E-3,-3.27999997,
,,,149.59999919E-3,-3.27999997,
,,,149.99999106E-3,-3.27999997,
,,,150.39999783E-3,-3.27999997,
,,,150.79998970E-3,-3.27999997,
,,,151.19999647E-3,-3.27999997,
,,,151.60000324E-3,-3.27999997,
,,,151.99999511E-3,-3.27999997,
,,,152.40000188E-3,-3.27999997,
,,,152.79999375E-3,-3.27999997,
,,,153.20000052E-3,-3.27999997,
,,,153.59999239E-3,-3.27999997,
,,,153.99999917E-3,-3.27999997,
,,,154.39999104E-3,-3.27999997,
,,,154.79999781E-3,-3.27999997,
,,,155.19998968E-3,-3.27999997,
,,,155.59999645E-3,-3.27999997,
,,,156.00000322E-3,-3.27999997,
,,,156.39999509E-3,-3.27999997,
,,,156.80000186E-3,-3.27999997,
,,,157.19999373E-3,-3.27999997,
,,,157.60000050E-3,-3.27999997,
,,,157.99999237E-3,-3.27999997,
,,,158.39999914E-3,-3.27999997,
,,,158.79999101E-3,-3.27999997,
,,,159.19999778E-3,-3.27999997,
,,,159.59998965E-3,-3.27999997,
,,,159.99999642E-3,-3.27999997,
,,,160.40000319E-3,-3.27999997,
,,,160.79999506E-3,-3.27999997,
,,,161.20000184E-3,-3.27999997,
,,,161.59999371E-3,-3.27999997,
,,,162.00000048E-3,-3.27999997,
,,,162.39999235E-3,-3.27999997,
,,,162.79999912E-3,-3.27999997,
,,,163.19999099E-3,-3.27999997,
,,,163.59999776E-3,-3.27999997,
,,,163.99998963E-3,-3.27999997,
,,,164.39999640E-3,-3.27999997,
,,,164.80000317E-3,-3.27999997,
,,,165.19999504E-3,-3.27999997,
,,,165.60000181E-3,-3.27999997,
,,,165.99999368E-3,-3.27999997,
,,,166.40000045E-3,-3.27999997,
,,,166.79999232E-3,-3.27999997,
,,,167.19999909E-3,-3.27999997,
,,,167.59999096E-3,-3.27999997,
,,,167.99999774E-3,-3.27999997,
,,,168.39998960E-3,-3.27999997,
,,,168.79999638E-3,-3.27999997,
,,,169.20000315E-3,-3.27999997,
,,,169.59999502E-3,-3.27999997,
,,,170.00000179E-3,-3.27999997,
,,,170.39999366E-3,-3.27999997,
,,,170.80000043E-3,-3.27999997,
,,,171.19999230E-3,-3.27999997,
,,,171.59999907E-3,-3.27999997,
,,,171.99999094E-3,-3.27999997,
,,,172.39999771E-3,-3.27999997,
,,,172.79998958E-3,-3.27999997,
,,,173.19999635E-3,-3.27999997,
,,,173.59998822E-3,-3.27999997,
,,,173.99999499E-3,-3.27999997,
,,,174.40000176E-3,-3.27999997,
,,,174.79999363E-3,-3.27999997,
,,,175.20000041E-3,-3.27999997,
,,,175.59999228E-3,-3.27999997,
,,,175.99999905E-3,-3.27999997,
,,,176.39999092E-3,-3.27999997,
,,,176.79999769E-3,-3.27999997,
,,,177.19998956E-3,-3.27999997,
,,,177.59999633E-3,-3.27999997,
,,,177.99998820E-3,-3.27999997,
,,,178.39999497E-3,-3.27999997,
,,,178.80000174E-3,-3.27999997,
,,,179.19999361E-3,-3.27999997,
,,,179.60000038E-3,-3.27999997,
,,,179.99999225E-3,-3.27999997,
,,,180.39999902E-3,-3.27999997,
,,,180.79999089E-3,-3.27999997,
,,,181.19999766E-3,-3.27999997,
,,,181.59998953E-3,-3.27999997,
,,,181.99999630E-3,-3.27999997,
,,,182.39998817E-3,-3.27999997,
,,,182.79999495E-3,-3.27999997,
,,,183.20000172E-3,-3.27999997,
,,,183.59999359E-3,-3.27999997,
,,,184.00000036E-3,-3.27999997,
,,,184.39999223E-3,-3.27999997,
,,,184.79999900E-3,-3.27999997,
,,,185.19999087E-3,-3.27999997,
,,,185.59999764E-3,-3.27999997,
,,,185.99998951E-3,-3.27999997,
,,,186.39999628E-3,-3.27999997,
,,,186.79998815E-3,-3.27999997,
,,,187.19999492E-3,-3.27999997,
,,,187.60000169E-3,-3.27999997,
,,,187.99999356E-3,-3.27999997,
,,,188.40000033E-3,-3.27999997,
,,,188.79999220E-3,-3.27999997,
,,,189.19999897E-3,-3.27999997,
,,,189.59999084E-3,-3.27999997,
,,,189.99999762E-3,-3.27999997,
,,,190.39998949E-3,-3.27999997,
,,,190.79999626E-3,-3.27999997,
,,,191.19998813E-3,-3.27999997,
,,,191.59999490E-3,-3.27999997,
,,,192.00000167E-3,-3.27999997,
,,,192.39999354E-3,-3.27999997,
,,,192.80000031E-3,-3.27999997,
,,,193.19999218E-3,-3.27999997,
,,,193.59999895E-3,-3.27999997,
,,,193.99999082E-3,-3.27999997,
,,,194.39999759E-3,-3.27999997,
,,,194.79998946E-3,-3.27999997,
,,,195.19999623E-3,-3.27999997,
,,,195.59998810E-3,-3.27999997,
,,,195.99999487E-3,-3.27999997,
,,,196.40000165E-3,-3.27999997,
,,,196.79999352E-3,-3.27999997,
,,,197.20000029E-3,-3.27999997,
,,,197.59999216E-3,-3.27999997,
,,,197.99999893E-3,-3.27999997,
,,,198.39999080E-3,-3.27999997,
,,,198.79999757E-3,-3.27999997,
,,,199.19998944E-3,-3.27999997,
,,,199.59999621E-3,-3.27999997,
,,,199.99998808E-3,-3.27999997,
,,,200.39999485E-3,-3.27999997,
,,,200.80000162E-3,-3.27999997,
,,,201.19999349E-3,-3.27999997,
,,,201.60000026E-3,-3.27999997,
,,,201.99999213E-3,-3.27999997,
,,,202.39999890E-3,-3.27999997,
,,,202.79999077E-3,-3.27999997,
,,,203.19999754E-3,-3.27999997,
,,,203.59998941E-3,-3.27999997,
,,,203.99999619E-3,-3.27999997,
,,,204.39998806E-3,-3.27999997,
,,,204.79999483E-3,-3.27999997,
,,,205.20000160E-3,-3.27999997,
,,,205.59999347E-3,-3.27999997,
,,,206.00000024E-3,-3.27999997,
,,,206.39999211E-3,-3.27999997,
,,,206.79999888E-3,-3.27999997,
,,,207.19999075E-3,-3.27999997,
,,,207.59999752E-3,-3.27999997,
,,,207.99998939E-3,-3.27999997,
,,,208.39999616E-3,-3.27999997,
,,,208.79998803E-3,-3.27999997,
,,,209.19999480E-3,-3.27999997,
,,,209.60000157E-3,-3.27999997,
,,,209.99999344E-3,-3.27999997,
,,,210.40000021E-3,-3.27999997,
,,,210.79999208E-3,-3.27999997,
,,,211.19999886E-3,-3.27999997,
,,,211.59999073E-3,-3.27999997,
,,,211.99999750E-3,-3.27999997,
,,,212.39998937E-3,-3.27999997,
,,,212.79999614E-3,-3.27999997,
,,,213.19998801E-3,-3.27999997,
,,,213.59999478E-3,-3.27999997,
,,,214.00000155E-3,-3.27999997,
,,,214.39999342E-3,-3.27999997,
,,,214.80000019E-3,-3.27999997,
,,,215.19999206E-3,-3.27999997,
,,,215.59999883E-3,-3.27999997,
,,,215.99999070E-3,-3.27999997,
,,,216.39999747E-3,-3.27999997,
,,,216.79998934E-3,-3.27999997,
,,,217.19999611E-3,-3.27999997,
,,,217.59998798E-3,-3.27999997,
,,,217.99999475E-3,-3.27999997,
,,,218.40000153E-3,-3.27999997,
,,,218.79999340E-3,-3.27999997,
,,,219.20000017E-3,-3.27999997,
,,,219.59999204E-3,-3.27999997,
,,,219.99999881E-3,-3.27999997,
,,,220.39999068E-3,-3.27999997,
,,,220.79999745E-3,-3.27999997,
,,,221.19998932E-3,-3.27999997,
,,,221.59999609E-3,-3.27999997,
,,,221.99998796E-3,-3.27999997,
,,,222.39999473E-3,-3.27999997,
,,,222.80000150E-3,-3.27999997,
,,,223.19999337E-3,-3.27999997,
,,,223.60000014E-3,-3.27999997,
,,,223.99999201E-3,-3.27999997,
,,,224.39999878E-3,-3.27999997,
,,,224.79999065E-3,-3.27999997,
,,,225.19999743E-3,-3.27999997,
,,,225.59998930E-3,-3.27999997,
,,,225.99999607E-3,-3.27999997,
,,,226.39998794E-3,-3.27999997,
,,,226.79999471E-3,-3.27999997,
,,,227.20000148E-3,-3.27999997,
,,,227.59999335E-3,-3.27999997,
,,,228.00000012E-3,-3.27999997,
,,,228.39999199E-3,-3.27999997,
,,,228.79999876E-3,-3.27999997,
,,,229.19999063E-3,-3.27999997,
,,,229.59999740E-3,-3.27999997,
,,,229.99998927E-3,-3.27999997,
,,,230.39999604E-3,-3.27999997,
,,,230.79998791E-3,-3.27999997,
,,,231.19999468E-3,-3.27999997,
,,,231.60000145E-3,-3.27999997,
,,,231.99999332E-3,-3.27999997,
,,,232.40000010E-3,-3.27999997,
,,,232.79999197E-3,-3.27999997,
,,,233.19999874E-3,-3.27999997,
,,,233.59999061E-3,-3.27999997,
,,,233.99999738E-3,-3.27999997,
,,,234.39998925E-3,-3.27999997,
,,,234.79999602E-3,-3.27999997,
,,,235.19998789E-3,-3.27999997,
,,,235.59999466E-3,-3.27999997,
,,,236.00000143E-3,-3.27999997,
,,,236.39999330E-3,-3.27999997,
,,,236.80000007E-3,-3.27999997,
,,,237.19999194E-3,-3.27999997,
,,,237.59999871E-3,-3.27999997,
,,,237.99999058E-3,-3.27999997,
,,,238.39999735E-3,-3.27999997,
,,,238.79998922E-3,-3.27999997,
,,,239.19999599E-3,-3.27999997,
,,,239.59998786E-3,-3.27999997,
,,,239.99999464E-3,-3.27999997,
,,,240.39998651E-3,-3.27999997,
,,,240.79999328E-3,-3.27999997,
,,,241.20000005E-3,-3.27999997,
,,,241.59999192E-3,-3.27999997,
,,,241.99999869E-3,-3.27999997,
,,,242.39999056E-3,-3.27999997,
,,,242.79999733E-3,-3.27999997,
,,,243.19998920E-3,-3.27999997,
,,,243.59999597E-3,2.72000003,
,,,243.99998784E-3,2.72000003,
,,,244.39999461E-3,2.72000003,
,,,244.79998648E-3,2.6799998,
,,,245.19999325E-3,2.6799998,
,,,245.60000002E-3,2.6799998,
,,,245.99999189E-3,2.6799998,
,,,246.39999866E-3,2.6399999,
,,,246.79999053E-3,2.6799998,
,,,247.19999731E-3,2.6399999,
,,,247.59998918E-3,2.6399999,
,,,247.99999595E-3,2.5999999,
,,,248.39998782E-3,2.5999999,
,,,248.79999459E-3,2.6399999,
,,,249.19998646E-3,2.5999999,
,,,249.59999323E-3,2.5999999,
,,,250.00000000E-3,2.5999999,
,,,250.40000677E-3,2.5999999,
,,,250.79998374E-3,2.5999999,
,,,251.19999051E-3,2.5599999,
,,,251.59999728E-3,2.5599999,
,,,252.00000405E-3,2.5200000,
,,,252.39998102E-3,2.5599999,
,,,252.79998779E-3,2.4800000,
,,,253.19999456E-3,2.5200000,
,,,253.60000134E-3,2.4800000,
,,,254.00000811E-3,2.4800000,
,,,254.39998507E-3,2.4800000,
,,,254.79999185E-3,2.4400001,
,,,255.19999862E-3,2.4800000,
,,,255.60000539E-3,2.4400001,
,,,255.99998236E-3,2.4400001,
,,,256.39998913E-3,2.4400001,
,,,256.79999590E-3,2.4400001,
,,,257.20000267E-3,2.3999999,
,,,257.59997964E-3,2.3999999,
,,,257.99998641E-3,2.3999999,
,,,258.39999318E-3,2.3999999,
,,,258.79999995E-3,2.3599999,
,,,259.20000672E-3,2.3599999,
,,,259.59998369E-3,2.3599999,
,,,259.99999046E-3,2.3199999,
,,,260.39999723E-3,2.3599999,
,,,260.80000401E-3,2.3199999,
,,,261.19998097E-3,2.3199999,
,,,261.59998775E-3,2.2800000,
,,,261.99999452E-3,2.2800000,
,,,262.40000129E-3,2.2400000,
,,,262.80000806E-3,2.2400000,
,,,263.19998503E-3,2.2400000,
,,,263.59999180E-3,2.2800000,
,,,263.99999857E-3,2.2400000,
,,,264.40000534E-3,2.2400000,
,,,264.79998231E-3,2.2400000,
,,,265.19998908E-3,2.2000000,
,,,265.59999585E-3,2.2000000,
,,,266.00000262E-3,2.2000000,
,,,266.39997959E-3,2.2000000,
,,,266.79998636E-3,2.2000000,
,,,267.19999313E-3,2.2000000,
,,,267.59999990E-3,2.1599998,
,,,268.00000668E-3,2.1599998,
,,,268.39998364E-3,2.1199999,
,,,268.79999042E-3,2.0799999,
,,,269.19999719E-3,2.1199999,
,,,269.60000396E-3,2.0799999,
,,,269.99998093E-3,2.0799999,
,,,270.39998770E-3,2.0799999,
,,,270.79999447E-3,2.0799999,
,,,271.20000124E-3,2.0400000,
,,,271.60000801E-3,2.0000000,
,,,271.99998498E-3,2.0000000,
,,,272.39999175E-3,2.0000000,
,,,272.79999852E-3,2.0000000,
,,,273.20000529E-3,2.0000000,
,,,273.59998226E-3,2.0000000,
,,,273.99998903E-3,2.0000000,
,,,274.39999580E-3,1.9599999,
,,,274.80000257E-3,1.9599999,
,,,275.19997954E-3,1.9599999,
,,,275.59998631E-3,1.9599999,
,,,275.99999309E-3,1.9599999,
,,,276.39999986E-3,1.9200000,
,,,276.80000663E-3,1.9200000,
,,,277.19998360E-3,1.8800000,
,,,277.59999037E-3,1.8800000,
,,,277.99999714E-3,1.8399999,
,,,278.40000391E-3,1.8800000,
,,,278.79998088E-3,1.8399999,
,,,279.19998765E-3,1.8399999,
,,,279.59999442E-3,1.8399999,
,,,280.00000119E-3,1.8000000,
,,,280.39997816E-3,1.8000000,
,,,280.79998493E-3,1.8399999,
,,,281.19999170E-3,1.8000000,
,,,281.59999847E-3,1.8000000,
,,,282.00000525E-3,1.7600000,
,,,282.39998221E-3,1.8000000,
,,,282.79998899E-3,1.8000000,
,,,283.19999576E-3,1.7600000,
,,,283.60000253E-3,1.7600000,
,,,283.99997950E-3,1.7199999,
,,,284.39998627E-3,1.7199999,
,,,284.79999304E-3,1.7199999,
,,,285.19999981E-3,1.6799999,
,,,285.60000658E-3,1.6400000,
,,,285.99998355E-3,1.6799999,
,,,286.39999032E-3,1.6400000,
,,,286.79999709E-3,1.6799999,
,,,287.20000386E-3,1.6799999,
,,,287.59998083E-3,1.5999999,
,,,287.99998760E-3,1.5999999,
,,,288.39999437E-3,1.5999999,
,,,288.80000114E-3,1.5999999,
,,,289.19997811E-3,1.5999999,
,,,289.59998488E-3,1.5999999,
,,,289.99999166E-3,1.5999999,
,,,290.39999843E-3,1.5599999,
,,,290.80000520E-3,1.5999999,
,,,291.19998217E-3,1.5599999,
,,,291.59998894E-3,1.5599999,
,,,291.99999571E-3,1.5200000,
,,,292.40000248E-3,1.5200000,
,,,292.79997945E-3,1.5200000,
,,,293.19998622E-3,1.4800000,
,,,293.59999299E-3,1.4800000,
,,,293.99999976E-3,1.4800000,
,,,294.40000653E-3,1.4800000,
,,,294.79998350E-3,1.4800000,
,,,295.19999027E-3,1.4800000,
,,,295.59999704E-3,1.4800000,
,,,296.00000381E-3,1.4800000,
,,,296.39998078E-3,1.4399999,
,,,296.79998755E-3,1.4399999,
,,,297.19999433E-3,1.4000000,
,,,297.60000110E-3,1.4399999,
,,,297.99997807E-3,1.4000000,
,,,298.39998484E-3,1.4000000,
,,,298.79999161E-3,1.4399999,
,,,299.19999838E-3,1.3600000,
,,,299.60000515E-3,1.3600000,
,,,299.99998212E-3,1.3600000,
,,,300.39998889E-3,1.3600000,
,,,300.79999566E-3,1.3600000,
,,,301.20000243E-3,1.3600000,
,,,301.59997940E-3,1.3600000,
,,,301.99998617E-3,1.3199999,
,,,302.39999294E-3,1.3600000,
,,,302.79999971E-3,1.3199999,
,,,303.20000648E-3,1.3199999,
,,,303.59998345E-3,1.3199999,
,,,303.99999022E-3,1.3199999,
,,,304.39999700E-3,1.3199999,
,,,304.80000377E-3,1.2800000,
,,,305.19998074E-3,1.2800000,
,,,305.59998751E-3,1.2800000,
,,,305.99999428E-3,1.2800000,
,,,306.40000105E-3,1.2800000,
,,,306.79997802E-3,1.2800000,
,,,307.19998479E-3,1.2400000,
,,,307.59999156E-3,1.2400000,
,,,307.99999833E-3,1.2400000,
,,,308.40000510E-3,1.2400000,
,,,308.79998207E-3,1.2400000,
,,,309.19998884E-3,1.2400000,
,,,309.59999561E-3,1.2400000,
,,,310.00000238E-3,1.2400000,
,,,310.39997935E-3,1.1999999,
,,,310.79998612E-3,1.1999999,
,,,311.19999290E-3,1.1999999,
,,,311.59999967E-3,1.1999999,
,,,312.00000644E-3,1.1999999,
,,,312.39998341E-3,1.1999999,
,,,312.79999018E-3,1.1999999,
,,,313.19999695E-3,1.1999999,
,,,313.60000372E-3,1.1600000,
,,,313.99998069E-3,1.1600000,
,,,314.39998746E-3,1.1600000,
,,,314.79999423E-3,1.1600000,
,,,315.20000100E-3,1.1600000,
,,,315.59997797E-3,1.1200000,
,,,315.99998474E-3,1.1600000,
,,,316.39999151E-3,1.1600000,
,,,316.79999828E-3,1.1600000,
,,,317.20000505E-3,1.1200000,
,,,317.59998202E-3,1.1200000,
,,,317.99998879E-3,1.1200000,
,,,318.39999557E-3,1.1200000,
,,,318.80000234E-3,1.1200000,
,,,319.19997931E-3,1.0799999,
,,,319.59998608E-3,1.1200000,
,,,319.99999285E-3,1.1200000,
,,,320.39999962E-3,1.1200000,
,,,320.80000639E-3,1.0799999,
,,,321.19998336E-3,1.1200000,
,,,321.59999013E-3,1.0799999,
,,,321.99999690E-3,1.1200000,
,,,322.40000367E-3,1.1200000,
,,,322.79998064E-3,1.0799999,
,,,323.19998741E-3,1.1200000,
,,,323.59999418E-3,1.0799999,
,,,324.00000095E-3,1.0799999,
,,,324.39997792E-3,1.0799999,
,,,324.79998469E-3,1.0799999,
,,,325.19999146E-3,1.0799999,
,,,325.59999824E-3,1.0799999,
,,,326.00000501E-3,1.0799999,
,,,326.39998198E-3,1.0799999,
,,,326.79998875E-3,1.0799999,
,,,327.19999552E-3,1.0799999,
,,,327.60000229E-3,1.0799999,
,,,327.99997926E-3,1.0799999,
,,,328.39998603E-3,1.0799999,
,,,328.79999280E-3,1.0799999,
,,,329.19999957E-3,1.0400000,
,,,329.60000634E-3,1.0799999,
,,,329.99998331E-3,1.0799999,
,,,330.39999008E-3,1.0799999,
,,,330.79999685E-3,1.0400000,
,,,331.20000362E-3,1.0799999,
,,,331.59998059E-3,1.0400000,
,,,331.99998736E-3,1.0799999,
,,,332.39999413E-3,1.0799999,
,,,332.80000091E-3,1.1200000,
,,,333.19997787E-3,1.0799999,
,,,333.59998465E-3,1.1200000,
,,,333.99999142E-3,1.0799999,
,,,334.39999819E-3,1.1200000,
,,,334.80000496E-3,1.0799999,
,,,335.19998193E-3,1.0799999,
,,,335.59998870E-3,1.0799999,
,,,335.99999547E-3,1.0799999,
,,,336.40000224E-3,1.1200000,
,,,336.79997921E-3,1.1200000,
,,,337.19998598E-3,1.0799999,
,,,337.59999275E-3,1.1200000,
,,,337.99999952E-3,1.0799999,
,,,338.40000629E-3,1.1200000,
,,,338.79998326E-3,1.0799999,
,,,339.19999003E-3,1.1200000,
,,,339.59999681E-3,1.0799999,
,,,340.00000358E-3,1.1200000,
,,,340.39998055E-3,1.0799999,
,,,340.79998732E-3,1.1600000,
,,,341.19999409E-3,1.1200000,
,,,341.60000086E-3,1.1200000,
,,,341.99997783E-3,1.1200000,
,,,342.39998460E-3,1.1200000,
,,,342.79999137E-3,1.1200000,
,,,343.19999814E-3,1.1200000,
,,,343.60000491E-3,1.1200000,
,,,343.99998188E-3,1.1600000,
,,,344.39998865E-3,1.1600000,
,,,344.79999542E-3,1.1200000,
,,,345.20000219E-3,1.1600000,
,,,345.59997916E-3,1.1600000,
,,,345.99998593E-3,1.1600000,
,,,346.39999270E-3,1.1600000,
,,,346.79999948E-3,1.1600000,
,,,347.19997644E-3,1.1600000,
,,,347.59998322E-3,1.1999999,
,,,347.99998999E-3,1.1999999,
,,,348.39999676E-3,1.1999999,
,,,348.80000353E-3,1.2400000,
,,,349.19998050E-3,1.1999999,
,,,349.59998727E-3,1.2400000,
,,,349.99999404E-3,1.1999999,
,,,350.40000081E-3,1.2400000,
,,,350.79997778E-3,1.2400000,
,,,351.19998455E-3,1.2400000,
,,,351.59999132E-3,1.2400000,
,,,351.99999809E-3,1.2400000,
,,,352.40000486E-3,1.2400000,
,,,352.79998183E-3,1.2400000,
,,,353.19998860E-3,1.2400000,
,,,353.59999537E-3,1.2800000,
,,,354.00000215E-3,1.2400000,
,,,354.39997911E-3,1.2800000,
,,,354.79998589E-3,1.2800000,
,,,355.19999266E-3,1.2800000,
,,,355.59999943E-3,1.2800000,
,,,355.99997640E-3,1.2800000,
,,,356.39998317E-3,1.3199999,
,,,356.79998994E-3,1.3199999,
,,,357.19999671E-3,1.3199999,
,,,357.60000348E-3,1.3600000,
,,,357.99998045E-3,1.3600000,
,,,358.39998722E-3,1.3600000,
,,,358.79999399E-3,1.3600000,
,,,359.20000076E-3,1.3600000,
,,,359.59997773E-3,1.3600000,
,,,359.99998450E-3,1.4000000,
,,,360.39999127E-3,1.4000000,
,,,360.79999804E-3,1.3600000,
,,,361.20000482E-3,1.3600000,
,,,361.59998178E-3,1.4000000,
,,,361.99998856E-3,1.4000000,
,,,362.39999533E-3,1.4000000,
,,,362.80000210E-3,1.4000000,
,,,363.19997907E-3,1.4399999,
,,,363.59998584E-3,1.4399999,
,,,363.99999261E-3,1.4800000,
,,,364.39999938E-3,1.4399999,
,,,364.79997635E-3,1.4800000,
,,,365.19998312E-3,1.4800000,
,,,365.59998989E-3,1.5200000,
,,,365.99999666E-3,1.5200000,
,,,366.40000343E-3,1.5200000,
,,,366.79998040E-3,1.5200000,
,,,367.19998717E-3,1.5200000,
,,,367.59999394E-3,1.5200000,
,,,368.00000072E-3,1.5200000,
,,,368.39997768E-3,1.5599999,
,,,368.79998446E-3,1.5599999,
,,,369.19999123E-3,1.5599999,
,,,369.59999800E-3,1.5999999,
,,,370.00000477E-3,1.5999999,
,,,370.39998174E-3,1.5999999,
,,,370.79998851E-3,1.5599999,
,,,371.19999528E-3,1.6400000,
,,,371.60000205E-3,1.6400000,
,,,371.99997902E-3,1.6400000,
,,,372.39998579E-3,1.6400000,
,,,372.79999256E-3,1.6400000,
,,,373.19999933E-3,1.6799999,
,,,373.59997630E-3,1.7199999,
,,,373.99998307E-3,1.7199999,
,,,374.39998984E-3,1.7199999,
,,,374.79999661E-3,1.7199999,
,,,375.20000339E-3,1.7199999,
,,,375.59998035E-3,1.7199999,
,,,375.99998713E-3,1.7199999,
,,,376.39999390E-3,1.7600000,
,,,376.80000067E-3,1.7600000,
,,,377.19997764E-3,1.7600000,
,,,377.59998441E-3,1.7600000,
,,,377.99999118E-3,1.8000000,
,,,378.39999795E-3,1.8000000,
,,,378.80000472E-3,1.8000000,
,,,379.19998169E-3,1.8000000,
,,,379.59998846E-3,1.8000000,
,,,379.99999523E-3,1.8399999,
,,,380.40000200E-3,1.8399999,
,,,380.79997897E-3,1.8800000,
,,,381.19998574E-3,1.8800000,
,,,381.59999251E-3,1.8800000,
,,,381.99999928E-3,1.9200000,
,,,382.39997625E-3,1.9200000,
,,,382.79998302E-3,1.9200000,
,,,383.19998980E-3,1.9200000,
,,,383.59999657E-3,1.9200000,
,,,384.00000334E-3,1.9599999,
,,,384.39998031E-3,1.9599999,
,,,384.79998708E-3,1.9599999,
,,,385.19999385E-3,2.0000000,
,,,385.60000062E-3,1.9599999,
,,,385.99997759E-3,2.0000000,
,,,386.39998436E-3,1.9599999,
,,,386.79999113E-3,2.0000000,
,,,387.19999790E-3,2.0000000,
,,,387.60000467E-3,2.0400000,
,,,387.99998164E-3,2.0400000,
,,,388.39998841E-3,2.0799999,
,,,388.79999518E-3,2.0799999,
,,,389.20000196E-3,2.0799999,
,,,389.59997892E-3,2.1199999,
,,,389.99998569E-3,2.1199999,
,,,390.39999247E-3,2.1199999,
,,,390.79999924E-3,2.1199999,
,,,391.19997621E-3,2.1599998,
,,,391.59998298E-3,2.1199999,
,,,391.99998975E-3,2.1599998,
,,,392.39999652E-3,2.1599998,
,,,392.80000329E-3,2.1599998,
,,,393.19998026E-3,2.2000000,
,,,393.59998703E-3,2.2400000,
,,,393.99999380E-3,2.2000000,
,,,394.40000057E-3,2.2000000,
,,,394.79997754E-3,2.2400000,
,,,395.19998431E-3,2.2000000,
,,,395.59999108E-3,2.2400000,
,,,395.99999785E-3,2.2400000,
,,,396.40000463E-3,2.2800000,
,,,396.79998159E-3,2.2800000,
,,,397.19998837E-3,2.3199999,
,,,397.59999514E-3,2.3199999,
,,,398.00000191E-3,2.3199999,
,,,398.39997888E-3,2.3599999,
,,,398.79998565E-3,2.3199999,
,,,399.19999242E-3,2.3599999,
,,,399.59999919E-3,2.3599999,
,,,399.99997616E-3,2.3599999,
,,,400.39998293E-3,2.3599999,
,,,400.79998970E-3,2.3599999,
,,,401.19999647E-3,2.3999999,
,,,401.60000324E-3,2.3999999,
,,,401.99998021E-3,2.3999999,
,,,402.39998698E-3,2.3999999,
,,,402.79999375E-3,2.3999999,
,,,403.20000052E-3,2.4400001,
,,,403.599977493E-3,2.4800000,
,,,403.999984264E-3,2.4800000,
,,,404.399991035E-3,2.4800000,
,,,404.799997807E-3,2.4800000,
,,,405.200004578E-3,2.5200000,
,,,405.599981546E-3,2.5200000,
,,,405.999988317E-3,2.5200000,
,,,406.399995089E-3,2.5200000,
,,,406.800001860E-3,2.5599999,
,,,407.199978828E-3,2.5599999,
,,,407.599985600E-3,2.5599999,
,,,407.999992371E-3,2.5599999,
,,,408.399999142E-3,2.5999999,
,,,408.799976110E-3,2.5999999,
,,,409.199982882E-3,2.5599999,
,,,409.599989653E-3,2.5999999,
,,,409.999996424E-3,2.5999999,
,,,410.400003195E-3,2.5999999,
,,,410.799980164E-3,2.5999999,
,,,411.199986935E-3,2.6399999,
,,,411.599993706E-3,2.6399999,
,,,412.000000477E-3,2.6399999,
,,,412.399977446E-3,2.6799998,
,,,412.799984217E-3,2.72000003,
,,,413.199990988E-3,2.6799998,
,,,413.599997759E-3,2.72000003,
,,,413.999974728E-3,2.72000003,
,,,414.399981499E-3,2.72000003,
,,,414.799988270E-3,2.72000003,
,,,415.199995041E-3,2.72000003,
,,,415.600001812E-3,2.75999999,
,,,415.999978781E-3,2.75999999,
,,,416.399985552E-3,2.75999999,
,,,416.799992323E-3,2.75999999,
,,,417.199999094E-3,2.75999999,
,,,417.599976063E-3,2.75999999,
,,,417.999982834E-3,2.79999995,
,,,418.399989605E-3,2.79999995,
,,,418.799996376E-3,2.79999995,
,,,419.200003147E-3,2.79999995,
,,,419.599980116E-3,2.83999991,
,,,419.999986887E-3,2.83999991,
,,,420.399993658E-3,2.83999991,
,,,420.800000429E-3,2.83999991,
,,,421.199977398E-3,2.83999991,
,,,421.599984169E-3,2.87999988,
,,,421.999990940E-3,2.87999988,
,,,422.399997711E-3,2.83999991,
,,,422.799974680E-3,2.87999988,
,,,423.199981451E-3,2.87999988,
,,,423.599988222E-3,2.87999988,
,,,423.999994993E-3,2.91999984,
,,,424.400001764E-3,2.91999984,
,,,424.799978733E-3,2.91999984,
,,,425.199985504E-3,2.91999984,
,,,425.599992275E-3,2.91999984,
,,,425.999999046E-3,2.91999984,
,,,426.399976015E-3,2.91999984,
,,,426.799982786E-3,2.91999984,
,,,427.199989557E-3,2.96000004,
,,,427.599996328E-3,2.96000004,
,,,428.000003099E-3,2.96000004,
,,,428.399980068E-3,2.96000004,
,,,428.799986839E-3,2.96000004,
,,,429.199993610E-3,3.00000000,
,,,429.600000381E-3,3.00000000,
,,,429.999977350E-3,3.00000000,
,,,430.399984121E-3,3.00000000,
,,,430.799990892E-3,3.00000000,
,,,431.199997663E-3,3.00000000,
,,,431.599974632E-3,3.00000000,
,,,431.999981403E-3,3.00000000,
,,,432.399988174E-3,3.00000000,
,,,432.799994946E-3,3.00000000,
,,,433.200001717E-3,3.03999996,
,,,433.599978685E-3,3.00000000,
,,,433.999985456E-3,3.03999996,
,,,434.399992228E-3,3.03999996,
,,,434.799998999E-3,3.00000000,
,,,435.199975967E-3,3.07999992,
,,,435.599982738E-3,3.03999996,
,,,435.999989510E-3,3.07999992,
,,,436.399996281E-3,3.03999996,
,,,436.800003052E-3,3.03999996,
,,,437.199980021E-3,3.03999996,
,,,437.599986792E-3,3.07999992,
,,,437.999993563E-3,3.07999992,
,,,438.400000334E-3,3.07999992,
,,,438.799977303E-3,3.07999992,
,,,439.199984074E-3,3.07999992,
,,,439.599990845E-3,3.07999992,
,,,439.999997616E-3,3.07999992,
,,,440.399974585E-3,3.07999992,
,,,440.799981356E-3,3.07999992,
,,,441.199988127E-3,3.07999992,
,,,441.599994898E-3,3.07999992,
,,,442.000001669E-3,3.07999992,
,,,442.399978638E-3,3.07999992,
,,,442.799985409E-3,3.07999992,
,,,443.199992180E-3,3.11999989,
,,,443.599998951E-3,3.11999989,
,,,443.999975920E-3,3.11999989,
,,,444.399982691E-3,3.07999992,
,,,444.799989462E-3,3.07999992,
,,,445.199996233E-3,3.11999989,
,,,445.600003004E-3,3.07999992,
,,,445.999979973E-3,3.11999989,
,,,446.399986744E-3,3.11999989,
,,,446.799993515E-3,3.07999992,
,,,447.200000286E-3,3.11999989,
,,,447.599977255E-3,3.07999992,
,,,447.999984026E-3,3.11999989,
,,,448.399990797E-3,3.11999989,
,,,448.799997568E-3,3.07999992,
,,,449.199974537E-3,3.11999989,
,,,449.599981308E-3,3.11999989,
,,,449.999988079E-3,3.11999989,
,,,450.399994850E-3,3.11999989,
,,,450.800001621E-3,3.11999989,
,,,451.199978590E-3,3.11999989,
,,,451.599985361E-3,3.15999985,
,,,451.999992132E-3,3.07999992,
,,,452.399998903E-3,3.11999989,
,,,452.799975872E-3,3.11999989,
,,,453.199982643E-3,3.11999989,
,,,453.599989414E-3,3.11999989,
,,,453.999996185E-3,3.07999992,
,,,454.400002956E-3,3.07999992,
,,,454.799979925E-3,3.11999989,
,,,455.199986696E-3,3.07999992,
,,,455.599993467E-3,3.11999989,
,,,456.000000238E-3,3.11999989,
,,,456.399977207E-3,3.11999989,
,,,456.799983978E-3,3.07999992,
,,,457.199990749E-3,3.11999989,
,,,457.599997520E-3,3.07999992,
,,,457.999974489E-3,3.07999992,
,,,458.399981260E-3,3.07999992,
,,,458.799988031E-3,3.07999992,
,,,459.199994802E-3,3.07999992,
,,,459.600001574E-3,3.07999992,
,,,459.999978542E-3,3.07999992,
,,,460.399985313E-3,3.07999992,
,,,460.799992085E-3,3.07999992,
,,,461.199998856E-3,3.07999992,
,,,461.599975824E-3,3.03999996,
,,,461.999982595E-3,3.07999992,
,,,462.399989367E-3,3.07999992,
,,,462.799996138E-3,3.03999996,
,,,463.200002909E-3,3.07999992,
,,,463.599979877E-3,3.03999996,
,,,463.999986649E-3,3.03999996,
,,,464.399993420E-3,3.03999996,
,,,464.800000191E-3,3.03999996,
,,,465.199977160E-3,3.03999996,
,,,465.599983931E-3,3.03999996,
,,,465.999990702E-3,3.03999996,
,,,466.399997473E-3,3.03999996,
,,,466.799974442E-3,3.03999996,
,,,467.199981213E-3,3.00000000,
,,,467.599987984E-3,3.00000000,
,,,467.999994755E-3,3.00000000,
,,,468.400001526E-3,3.00000000,
,,,468.799978495E-3,2.96000004,
,,,469.199985266E-3,2.96000004,
,,,469.599992037E-3,2.96000004,
,,,469.999998808E-3,2.96000004,
,,,470.399975777E-3,2.96000004,
,,,470.799982548E-3,2.96000004,
,,,471.199989319E-3,2.96000004,
,,,471.599996090E-3,2.96000004,
,,,472.000002861E-3,2.91999984,
,,,472.399979830E-3,2.96000004,
,,,472.799986601E-3,2.96000004,
,,,473.199993372E-3,2.91999984,
,,,473.600000143E-3,2.91999984,
,,,473.999977112E-3,2.91999984,
,,,474.399983883E-3,2.91999984,
,,,474.799990654E-3,2.91999984,
,,,475.199997425E-3,2.87999988,
,,,475.599974394E-3,2.87999988,
,,,475.999981165E-3,2.87999988,
,,,476.399987936E-3,2.83999991,
,,,476.799994707E-3,2.87999988,
,,,477.200001478E-3,2.83999991,
,,,477.599978447E-3,2.83999991,
,,,477.999985218E-3,2.83999991,
,,,478.399991989E-3,2.79999995,
,,,478.799998760E-3,2.79999995,
,,,479.199975729E-3,2.83999991,
,,,479.599982500E-3,2.79999995,
,,,479.999989271E-3,2.79999995,
,,,480.399996042E-3,2.79999995,
,,,480.799973011E-3,2.75999999,
,,,481.199979782E-3,2.75999999,
,,,481.599986553E-3,2.75999999,
,,,481.999993324E-3,2.75999999,
,,,482.400000095E-3,2.75999999,
,,,482.799977064E-3,2.75999999,
,,,483.199983835E-3,2.72000003,
,,,483.599990606E-3,2.72000003,
,,,483.999997377E-3,2.6799998,
,,,484.399974346E-3,2.72000003,
,,,484.799981117E-3,2.6799998,
,,,485.199987888E-3,2.6799998,
,,,485.599994659E-3,2.6799998,
,,,486.000001431E-3,2.6399999,
,,,486.399978399E-3,2.6799998,
,,,486.799985170E-3,2.6799998,
,,,487.199991941E-3,2.6799998,
,,,487.599998713E-3,2.6399999,
,,,487.999975681E-3,2.6399999,
,,,488.399982452E-3,2.5999999,
,,,488.799989223E-3,2.6399999,
,,,489.199995995E-3,2.5999999,
,,,489.599972963E-3,2.5999999,
,,,489.999979734E-3,2.5999999,
,,,490.399986506E-3,2.5999999,
,,,490.799993277E-3,2.5999999,
,,,491.200000048E-3,2.5599999,
,,,491.599977016E-3,2.5999999,
,,,491.999983788E-3,2.5599999,
,,,492.399990559E-3,2.5200000,
,,,492.799997330E-3,2.5599999,
,,,493.199974298E-3,2.4800000,
,,,493.599981070E-3,2.4800000,
,,,493.999987841E-3,2.4800000,
,,,494.399994612E-3,2.4800000,
,,,494.800001383E-3,2.4800000,
,,,495.199978352E-3,2.4400001,
,,,495.599985123E-3,2.4400001,
,,,495.999991894E-3,2.4400001,
,,,496.399998665E-3,2.4400001,
,,,496.799975634E-3,2.3999999,
,,,497.199982405E-3,2.4400001,
,,,497.599989176E-3,2.3999999,
,,,497.999995947E-3,2.3999999,
,,,498.399972916E-3,2.3999999,
,,,498.799979687E-3,2.3599999,
,,,499.199986458E-3,2.3999999,
,,,499.599993229E-3,2.3599999,
,,,500.000000000E-3,2.3599999,
,,,500.400006771E-3,2.3199999,
,,,500.800013542E-3,2.3199999,
,,,501.199960709E-3,2.2800000,
,,,501.599967480E-3,2.2800000,
,,,501.999974251E-3,2.2800000,
,,,502.399981022E-3,2.2800000,
,,,502.799987793E-3,2.2400000,
,,,503.199994564E-3,2.2400000,
,,,503.600001335E-3,2.2400000,
,,,504.000008106E-3,2.2400000,
,,,504.400014877E-3,2.2400000,
,,,504.799962044E-3,2.2400000,
,,,505.199968815E-3,2.2400000,
,,,505.599975586E-3,2.2400000,
,,,505.999982357E-3,2.2000000,
,,,506.399989128E-3,2.2000000,
,,,506.799995899E-3,2.2000000,
,,,507.200002670E-3,2.1599998,
,,,507.600009441E-3,2.1599998,
,,,508.000016212E-3,2.1599998,
,,,508.399963379E-3,2.1199999,
,,,508.799970150E-3,2.1199999,
,,,509.199976921E-3,2.1199999,
,,,509.599983692E-3,2.0799999,
,,,509.999990463E-3,2.0799999,
,,,510.399997234E-3,2.0799999,
,,,510.800004005E-3,2.0400000,
,,,511.200010777E-3,2.0400000,
,,,511.599957943E-3,2.0400000,
,,,511.999964714E-3,2.0000000,
,,,512.399971485E-3,2.0000000,
,,,512.799978256E-3,2.0000000,
,,,513.199985027E-3,2.0000000,
,,,513.599991798E-3,2.0000000,
,,,513.999998569E-3,1.9599999,
,,,514.400005341E-3,2.0000000,
,,,514.800012112E-3,2.0000000,
,,,515.199959278E-3,1.9599999,
,,,515.599966049E-3,1.9599999,
,,,515.999972820E-3,1.9200000,
,,,516.399979591E-3,1.9200000,
,,,516.799986362E-3,1.9200000,
,,,517.199993134E-3,1.8800000,
,,,517.599999905E-3,1.8800000,
,,,518.000006676E-3,1.8800000,
,,,518.400013447E-3,1.8800000,
,,,518.799960613E-3,1.8399999,
,,,519.199967384E-3,1.8399999,
,,,519.599974155E-3,1.8399999,
,,,519.999980927E-3,1.8399999,
,,,520.399987698E-3,1.8399999,
,,,520.799994469E-3,1.8000000,
,,,521.200001240E-3,1.8000000,
,,,521.600008011E-3,1.8000000,
,,,522.000014782E-3,1.8000000,
,,,522.399961948E-3,1.7600000,
,,,522.799968719E-3,1.8000000,
,,,523.199975491E-3,1.7600000,
,,,523.599982262E-3,1.7199999,
,,,523.999989033E-3,1.7199999,
,,,524.399995804E-3,1.7199999,
,,,524.800002575E-3,1.7199999,
,,,525.200009346E-3,1.7199999,
,,,525.600016117E-3,1.6799999,
,,,525.999963284E-3,1.6799999,
,,,526.399970055E-3,1.6400000,
,,,526.799976826E-3,1.6400000,
,,,527.199983597E-3,1.6400000,
,,,527.599990368E-3,1.5999999,
,,,527.999997139E-3,1.5999999,
,,,528.400003910E-3,1.5999999,
,,,528.800010681E-3,1.5999999,
,,,529.199957848E-3,1.5999999,
,,,529.599964619E-3,1.5999999,
,,,529.999971390E-3,1.5599999,
,,,530.399978161E-3,1.5999999,
,,,530.799984932E-3,1.5999999,
,,,531.199991703E-3,1.5599999,
,,,531.599998474E-3,1.5200000,
,,,532.000005245E-3,1.5200000,
,,,532.400012016E-3,1.5200000,
,,,532.799959183E-3,1.5200000,
,,,533.199965954E-3,1.5200000,
,,,533.599972725E-3,1.4800000,
,,,533.999979496E-3,1.4800000,
,,,534.399986267E-3,1.4800000,
,,,534.799993038E-3,1.4800000,
,,,535.199999809E-3,1.4399999,
,,,535.600006580E-3,1.4399999,
,,,536.000013351E-3,1.4399999,
,,,536.399960518E-3,1.4399999,
,,,536.799967289E-3,1.4399999,
,,,537.199974060E-3,1.4399999,
,,,537.599980831E-3,1.4399999,
,,,537.999987602E-3,1.4399999,
,,,538.399994373E-3,1.4000000,
,,,538.800001144E-3,1.4000000,
,,,539.200007915E-3,1.4000000,
,,,539.600014687E-3,1.4000000,
,,,539.999961853E-3,1.3600000,
,,,540.399968624E-3,1.3600000,
,,,540.799975395E-3,1.3600000,
,,,541.199982166E-3,1.3600000,
,,,541.599988937E-3,1.3600000,
,,,541.999995708E-3,1.3199999,
,,,542.400002480E-3,1.3199999,
,,,542.800009251E-3,1.3199999,
,,,543.200016022E-3,1.3199999,
,,,543.599963188E-3,1.3199999,
,,,543.999969959E-3,1.2800000,
,,,544.399976730E-3,1.2800000,
,,,544.799983501E-3,1.3199999,
,,,545.199990273E-3,1.2800000,
,,,545.599997044E-3,1.2800000,
,,,546.000003815E-3,1.2800000,
,,,546.400010586E-3,1.2800000,
,,,546.799957752E-3,1.2400000,
,,,547.199964523E-3,1.2800000,
,,,547.599971294E-3,1.2800000,
,,,547.999978065E-3,1.2400000,
,,,548.399984837E-3,1.2400000,
,,,548.799991608E-3,1.2400000,
,,,549.199998379E-3,1.2400000,
,,,549.600005150E-3,1.2400000,
,,,550.000011921E-3,1.1999999,
,,,550.399959087E-3,1.1999999,
,,,550.799965858E-3,1.1999999,
,,,551.199972630E-3,1.1999999,
,,,551.599979401E-3,1.1999999,
,,,551.999986172E-3,1.1999999,
,,,552.399992943E-3,1.1999999,
,,,552.799999714E-3,1.1600000,
,,,553.200006485E-3,1.1600000,
,,,553.600013256E-3,1.1600000,
,,,553.999960423E-3,1.1999999,
,,,554.399967194E-3,1.1600000,
,,,554.799973965E-3,1.1600000,
,,,555.199980736E-3,1.1600000,
,,,555.599987507E-3,1.1600000,
,,,555.999994278E-3,1.1600000,
,,,556.400001049E-3,1.1200000,
,,,556.800007820E-3,1.1600000,
,,,557.200014591E-3,1.1600000,
,,,557.599961758E-3,1.1200000,
,,,557.999968529E-3,1.1200000,
,,,558.399975300E-3,1.1200000,
,,,558.799982071E-3,1.1200000,
,,,559.199988842E-3,1.1200000,
,,,559.599995613E-3,1.1200000,
,,,560.000002384E-3,1.1200000,
,,,560.400009155E-3,1.1200000,
,,,560.799956322E-3,1.1200000,
,,,561.199963093E-3,1.1200000,
,,,561.599969864E-3,1.1200000,
,,,561.999976635E-3,1.0799999,
,,,562.399983406E-3,1.0799999,
,,,562.799990177E-3,1.1200000,
,,,563.199996948E-3,1.1200000,
,,,563.600003719E-3,1.1200000,
,,,564.000010490E-3,1.0799999,
,,,564.399957657E-3,1.1200000,
,,,564.799964428E-3,1.0799999,
,,,565.199971199E-3,1.0799999,
,,,565.599977970E-3,1.0799999,
,,,565.999984741E-3,1.0799999,
,,,566.399991512E-3,1.0799999,
,,,566.799998283E-3,1.0799999,
,,,567.200005054E-3,1.0799999,
,,,567.600011826E-3,1.0799999,
,,,567.999958992E-3,1.0799999,
,,,568.399965763E-3,1.0799999,
,,,568.799972534E-3,1.0799999,
,,,569.199979305E-3,1.0799999,
,,,569.599986076E-3,1.0799999,
,,,569.999992847E-3,1.0799999,
,,,570.399999619E-3,1.0799999,
,,,570.800006390E-3,1.1200000,
,,,571.200013161E-3,1.0799999,
,,,571.599960327E-3,1.0799999,
,,,571.999967098E-3,1.0799999,
,,,572.399973869E-3,1.0799999,
,,,572.799980640E-3,1.0799999,
,,,573.199987411E-3,1.0400000,
,,,573.599994183E-3,1.0799999,
,,,574.000000954E-3,1.0799999,
,,,574.400007725E-3,1.0799999,
,,,574.800014496E-3,1.0799999,
,,,575.199961662E-3,1.1200000,
,,,575.599968433E-3,1.0799999,
,,,575.999975204E-3,1.0799999,
,,,576.399981976E-3,1.0799999,
,,,576.799988747E-3,1.0799999,
,,,577.199995518E-3,1.0799999,
,,,577.600002289E-3,1.0799999,
,,,578.000009060E-3,1.1200000,
,,,578.399956226E-3,1.0799999,
,,,578.799962997E-3,1.1200000,
,,,579.199969769E-3,1.0799999,
,,,579.599976540E-3,1.0799999,
,,,579.999983311E-3,1.1200000,
,,,580.399990082E-3,1.1200000,
,,,580.799996853E-3,1.1200000,
,,,581.200003624E-3,1.1200000,
,,,581.600010395E-3,1.1600000,
,,,581.999957561E-3,1.1200000,
,,,582.399964333E-3,1.1200000,
,,,582.799971104E-3,1.1200000,
,,,583.199977875E-3,1.1200000,
,,,583.599984646E-3,1.1600000,
,,,583.999991417E-3,1.1600000,
,,,584.399998188E-3,1.1600000,
,,,584.800004959E-3,1.1200000,
,,,585.200011730E-3,1.1600000,
,,,585.599958897E-3,1.1600000,
,,,585.999965668E-3,1.1600000,
,,,586.399972439E-3,1.1600000,
,,,586.799979210E-3,1.1600000,
,,,587.199985981E-3,1.1600000,
,,,587.599992752E-3,1.1999999,
,,,587.999999523E-3,1.1999999,
,,,588.400006294E-3,1.1999999,
,,,588.800013065E-3,1.1999999,
,,,589.199960232E-3,1.1999999,
,,,589.599967003E-3,1.1999999,
,,,589.999973774E-3,1.2400000,
,,,590.399980545E-3,1.2400000,
,,,590.799987316E-3,1.2400000,
,,,591.199994087E-3,1.2400000,
,,,591.600000858E-3,1.2400000,
,,,592.000007629E-3,1.2800000,
,,,592.400014400E-3,1.2400000,
,,,592.799961567E-3,1.2400000,
,,,593.199968338E-3,1.2400000,
,,,593.599975109E-3,1.2400000,
,,,593.999981880E-3,1.2800000,
,,,594.399988651E-3,1.2800000,
,,,594.799995422E-3,1.2800000,
,,,595.200002193E-3,1.2800000,
,,,595.600008965E-3,1.2800000,
,,,595.999956131E-3,1.2800000,
,,,596.399962902E-3,1.3199999,
,,,596.799969673E-3,1.2800000,
,,,597.199976444E-3,1.3199999,
,,,597.599983215E-3,1.3199999,
,,,597.999989986E-3,1.3600000,
,,,598.399996758E-3,1.3600000,
,,,598.800003529E-3,1.3600000,
,,,599.200010300E-3,1.3600000,
,,,599.599957466E-3,1.3600000,
,,,599.999964237E-3,1.3600000,
,,,600.399971008E-3,1.3600000,
,,,600.799977779E-3,1.3600000,
,,,601.199984550E-3,1.3600000,
,,,601.599991322E-3,1.4000000,
,,,601.999998093E-3,1.4000000,
,,,602.400004864E-3,1.4000000,
,,,602.800011635E-3,1.4000000,
,,,603.199958801E-3,1.4000000,
,,,603.599965572E-3,1.4399999,
,,,603.999972343E-3,1.4399999,
,,,604.399979115E-3,1.4399999,
,,,604.799985886E-3,1.5200000,
,,,605.199992657E-3,1.4800000,
,,,605.599999428E-3,1.4800000,
,,,606.000006199E-3,1.4800000,
,,,606.400012970E-3,1.4800000,
,,,606.799960136E-3,1.5200000,
,,,607.199966908E-3,1.5599999,
,,,607.599973679E-3,1.5599999,
,,,607.999980450E-3,1.5599999,
,,,608.399987221E-3,1.5599999,
,,,608.799993992E-3,1.5599999,
,,,609.200000763E-3,1.5599999,
,,,609.600007534E-3,1.5599999,
,,,610.000014305E-3,1.5599999,
,,,610.399961472E-3,1.5999999,
,,,610.799968243E-3,1.5999999,
,,,611.199975014E-3,1.6400000,
,,,611.599981785E-3,1.6400000,
,,,611.999988556E-3,1.6400000,
,,,612.399995327E-3,1.6400000,
,,,612.800002098E-3,1.6400000,
,,,613.200008869E-3,1.6799999,
,,,613.599956036E-3,1.6799999,
,,,613.999962807E-3,1.6799999,
,,,614.399969578E-3,1.7199999,
,,,614.799976349E-3,1.6799999,
,,,615.199983120E-3,1.7199999,
,,,615.599989891E-3,1.7199999,
,,,615.999996662E-3,1.7600000,
,,,616.400003433E-3,1.7600000,
,,,616.800010204E-3,1.7600000,
,,,617.199957371E-3,1.7600000,
,,,617.599964142E-3,1.8000000,
,,,617.999970913E-3,1.7600000,
,,,618.399977684E-3,1.8000000,
,,,618.799984455E-3,1.8000000,
,,,619.199991226E-3,1.8000000,
,,,619.599997997E-3,1.8000000,
,,,620.000004768E-3,1.8399999,
,,,620.400011539E-3,1.8399999,
,,,620.799958706E-3,1.8800000,
,,,621.199965477E-3,1.8800000,
,,,621.599972248E-3,1.9200000,
,,,621.999979019E-3,1.9200000,
,,,622.399985790E-3,1.9200000,
,,,622.799992561E-3,1.8800000,
,,,623.199999332E-3,1.9599999,
,,,623.600006104E-3,1.9200000,
,,,624.000012875E-3,1.9599999,
,,,624.399960041E-3,1.9599999,
,,,624.799966812E-3,1.9599999,
,,,625.199973583E-3,1.9599999,
,,,625.599980354E-3,2.0000000,
,,,625.999987125E-3,1.9599999,
,,,626.399993896E-3,1.9599999,
,,,626.800000668E-3,2.0000000,
,,,627.200007439E-3,2.0000000,
,,,627.599954605E-3,2.0000000,
,,,627.999961376E-3,2.0400000,
,,,628.399968147E-3,2.0799999,
,,,628.799974918E-3,2.0799999,
,,,629.199981689E-3,2.0799999,
,,,629.599988461E-3,2.1199999,
,,,629.999995232E-3,2.0799999,
,,,630.400002003E-3,2.1199999,
,,,630.800008774E-3,2.1199999,
,,,631.199955940E-3,2.1199999,
,,,631.599962711E-3,2.1599998,
,,,631.999969482E-3,2.1199999,
,,,632.399976254E-3,2.1599998,
,,,632.799983025E-3,2.1599998,
,,,633.199989796E-3,2.2000000,
,,,633.599996567E-3,2.2000000,
,,,634.000003338E-3,2.1599998,
,,,634.400010109E-3,2.2400000,
,,,634.799957275E-3,2.2000000,
,,,635.199964046E-3,2.2400000,
,,,635.599970818E-3,2.2400000,
,,,635.999977589E-3,2.2400000,
,,,636.399984360E-3,2.2400000,
,,,636.799991131E-3,2.2800000,
,,,637.199997902E-3,2.3199999,
,,,637.600004673E-3,2.3199999,
,,,638.000011444E-3,2.3199999,
,,,638.399958611E-3,2.3599999,
,,,638.799965382E-3,2.3599999,
,,,639.199972153E-3,2.3599999,
,,,639.599978924E-3,2.3599999,
,,,639.999985695E-3,2.3599999,
,,,640.399992466E-3,2.3599999,
,,,640.799999237E-3,2.3999999,
,,,641.200006008E-3,2.3999999,
,,,641.600012779E-3,2.3999999,
,,,641.999959946E-3,2.3999999,
,,,642.399966717E-3,2.3999999,
,,,642.799973488E-3,2.4400001,
,,,643.199980259E-3,2.4400001,
,,,643.599987030E-3,2.4400001,
,,,643.999993801E-3,2.4800000,
,,,644.400000572E-3,2.4800000,
,,,644.800007343E-3,2.5200000,
,,,645.199954510E-3,2.5200000,
,,,645.599961281E-3,2.5200000,
,,,645.999968052E-3,2.5200000,
,,,646.399974823E-3,2.5200000,
,,,646.799981594E-3,2.5599999,
,,,647.199988365E-3,2.5599999,
,,,647.599995136E-3,2.5999999,
,,,648.000001907E-3,2.5599999,
,,,648.400008678E-3,2.5599999,
,,,648.799955845E-3,2.5999999,
,,,649.199962616E-3,2.5999999,
,,,649.599969387E-3,2.5999999,
,,,649.999976158E-3,2.5999999,
,,,650.399982929E-3,2.5999999,
,,,650.799989700E-3,2.5999999,
,,,651.199996471E-3,2.6399999,
,,,651.600003242E-3,2.6399999,
,,,652.000010014E-3,2.6799998,
,,,652.399957180E-3,2.6799998,
,,,652.799963951E-3,2.6799998,
,,,653.199970722E-3,2.6799998,
,,,653.599977493E-3,2.6799998,
,,,653.999984264E-3,2.72000003,
,,,654.399991035E-3,2.72000003,
,,,654.799997807E-3,2.72000003,
,,,655.200004578E-3,2.75999999,
,,,655.600011349E-3,2.75999999,
,,,655.999958515E-3,2.75999999,
,,,656.399965286E-3,2.75999999,
,,,656.799972057E-3,2.75999999,
,,,657.199978828E-3,2.79999995,
,,,657.599985600E-3,2.75999999,
,,,657.999992371E-3,2.75999999,
,,,658.399999142E-3,2.75999999,
,,,658.800005913E-3,2.79999995,
,,,659.200012684E-3,2.79999995,
,,,659.599959850E-3,2.79999995,
,,,659.999966621E-3,2.79999995,
,,,660.399973392E-3,2.83999991,
,,,660.799980164E-3,2.83999991,
,,,661.199986935E-3,2.83999991,
,,,661.599993706E-3,2.87999988,
,,,662.000000477E-3,2.83999991,
,,,662.400007248E-3,2.87999988,
,,,662.799954414E-3,2.87999988,
,,,663.199961185E-3,2.87999988,
,,,663.599967957E-3,2.87999988,
,,,663.999974728E-3,2.91999984,
,,,664.399981499E-3,2.87999988,
,,,664.799988270E-3,2.87999988,
,,,665.199995041E-3,2.91999984,
,,,665.600001812E-3,2.91999984,
,,,666.000008583E-3,2.87999988,
,,,666.399955750E-3,2.96000004,
,,,666.799962521E-3,2.96000004,
,,,667.199969292E-3,2.91999984,
,,,667.599976063E-3,2.91999984,
,,,667.999982834E-3,2.96000004,
,,,668.399989605E-3,2.96000004,
,,,668.799996376E-3,3.00000000,
,,,669.200003147E-3,2.96000004,
,,,669.600009918E-3,3.00000000,
,,,669.999957085E-3,3.00000000,
,,,670.399963856E-3,3.00000000,
,,,670.799970627E-3,3.00000000,
,,,671.199977398E-3,3.00000000,
,,,671.599984169E-3,3.03999996,
,,,671.999990940E-3,3.03999996,
,,,672.399997711E-3,3.03999996,
,,,672.800004482E-3,3.00000000,
,,,673.200011253E-3,3.03999996,
,,,673.599958420E-3,3.03999996,
,,,673.999965191E-3,3.03999996,
,,,674.399971962E-3,3.03999996,
,,,674.799978733E-3,3.03999996,
,,,675.199985504E-3,3.03999996,
,,,675.599992275E-3,3.03999996,
,,,675.999999046E-3,3.03999996,
,,,676.400005817E-3,3.07999992,
,,,676.800012589E-3,3.03999996,
,,,677.199959755E-3,3.07999992,
,,,677.599966526E-3,3.07999992,
,,,677.999973297E-3,3.07999992,
,,,678.399980068E-3,3.07999992,
,,,678.799986839E-3,3.07999992,
,,,679.199993610E-3,3.07999992,
,,,679.600000381E-3,3.07999992,
,,,680.000007153E-3,3.07999992,
,,,680.399954319E-3,3.07999992,
,,,680.799961090E-3,3.07999992,
,,,681.199967861E-3,3.07999992,
,,,681.599974632E-3,3.07999992,
,,,681.999981403E-3,3.07999992,
,,,682.399988174E-3,3.07999992,
,,,682.799994946E-3,3.11999989,
,,,683.200001717E-3,3.07999992,
,,,683.600008488E-3,3.11999989,
,,,683.999955654E-3,3.11999989,
,,,684.399962425E-3,3.07999992,
,,,684.799969196E-3,3.11999989,
,,,685.199975967E-3,3.11999989,
,,,685.599982738E-3,3.11999989,
,,,685.999989510E-3,3.11999989,
,,,686.399996281E-3,3.07999992,
,,,686.800003052E-3,3.07999992,
,,,687.200009823E-3,3.11999989,
,,,687.599956989E-3,3.11999989,
,,,687.999963760E-3,3.11999989,
,,,688.399970531E-3,3.07999992,
,,,688.799977303E-3,3.11999989,
,,,689.199984074E-3,3.11999989,
,,,689.599990845E-3,3.11999989,
,,,689.999997616E-3,3.07999992,
,,,690.400004387E-3,3.11999989,
,,,690.800011158E-3,3.11999989,
,,,691.199958324E-3,3.07999992,
,,,691.599965096E-3,3.11999989,
,,,691.999971867E-3,3.11999989,
,,,692.399978638E-3,3.11999989,
,,,692.799985409E-3,3.11999989,
,,,693.199992180E-3,3.07999992,
,,,693.599998951E-3,3.07999992,
,,,694.000005722E-3,3.07999992,
,,,694.399952888E-3,3.11999989,
,,,694.799959660E-3,3.07999992,
,,,695.199966431E-3,3.07999992,
,,,695.599973202E-3,3.07999992,
,,,695.999979973E-3,3.07999992,
,,,696.399986744E-3,3.11999989,
,,,696.799993515E-3,3.07999992,
,,,697.200000286E-3,3.07999992,
,,,697.600007057E-3,3.07999992,
,,,697.999954224E-3,3.07999992,
,,,698.399960995E-3,3.07999992,
,,,698.799967766E-3,3.07999992,
,,,699.199974537E-3,3.07999992,
,,,699.599981308E-3,3.07999992,
,,,699.999988079E-3,3.07999992,
,,,700.399994850E-3,3.07999992,
,,,700.800001621E-3,3.07999992,
,,,701.200008392E-3,3.07999992,
,,,701.599955559E-3,3.03999996,
,,,701.999962330E-3,3.03999996,
,,,702.399969101E-3,3.07999992,
,,,702.799975872E-3,3.03999996,
,,,703.199982643E-3,3.03999996,
,,,703.599989414E-3,3.03999996,
,,,703.999996185E-3,3.03999996,
,,,704.400002956E-3,3.03999996,
,,,704.800009727E-3,3.03999996,
,,,705.199956894E-3,3.03999996,
,,,705.599963665E-3,3.03999996,
,,,705.999970436E-3,3.03999996,
,,,706.399977207E-3,3.03999996,
,,,706.799983978E-3,3.03999996,
,,,707.199990749E-3,3.03999996,
,,,707.599997520E-3,2.96000004,
,,,708.000004292E-3,3.00000000,
,,,708.400011063E-3,3.00000000,
,,,708.799958229E-3,3.00000000,
,,,709.199965000E-3,2.96000004,
,,,709.599971771E-3,2.96000004,
,,,709.999978542E-3,2.96000004,
,,,710.399985313E-3,2.96000004,
,,,710.799992085E-3,2.96000004,
,,,711.199998856E-3,2.96000004,
,,,711.600005627E-3,2.96000004,
,,,711.999952793E-3,2.91999984,
,,,712.399959564E-3,2.91999984,
,,,712.799966335E-3,2.91999984,
,,,713.199973106E-3,2.91999984,
,,,713.599979877E-3,2.91999984,
,,,713.999986649E-3,2.91999984,
,,,714.399993420E-3,2.91999984,
,,,714.800000191E-3,2.87999988,
,,,715.200006962E-3,2.91999984,
,,,715.599954128E-3,2.91999984,
,,,715.999960899E-3,2.87999988,
,,,716.399967670E-3,2.87999988,
,,,716.799974442E-3,2.87999988,
,,,717.199981213E-3,2.83999991,
,,,717.599987984E-3,2.83999991,
,,,717.999994755E-3,2.83999991,
,,,718.400001526E-3,2.79999995,
,,,718.800008297E-3,2.83999991,
,,,719.199955463E-3,2.79999995,
,,,719.599962234E-3,2.79999995,
,,,719.999969006E-3,2.79999995,
,,,720.399975777E-3,2.75999999,
,,,720.799982548E-3,2.79999995,
,,,721.199989319E-3,2.75999999,
,,,721.599996090E-3,2.75999999,
,,,722.000002861E-3,2.75999999,
,,,722.400009632E-3,2.79999995,
,,,722.799956799E-3,2.75999999,
,,,723.199963570E-3,2.72000003,
,,,723.599970341E-3,2.72000003,
,,,723.999977112E-3,2.72000003,
,,,724.399983883E-3,2.72000003,
,,,724.799990654E-3,2.6799998,
,,,725.199997425E-3,2.6799998,
,,,725.600004196E-3,2.6799998,
,,,726.000010967E-3,2.6399999,
,,,726.399958134E-3,2.6799998,
,,,726.799964905E-3,2.6399999,
,,,727.199971676E-3,2.6399999,
,,,727.599978447E-3,2.5999999,
,,,727.999985218E-3,2.5999999,
,,,728.399991989E-3,2.6399999,
,,,728.799998760E-3,2.6399999,
,,,729.200005531E-3,2.5999999,
,,,729.599952698E-3,2.5999999,
,,,729.999959469E-3,2.5999999,
,,,730.399966240E-3,2.5999999,
,,,730.799973011E-3,2.5999999,
,,,731.199979782E-3,2.5999999,
,,,731.599986553E-3,2.5999999,
,,,731.999993324E-3,2.5599999,
,,,732.400000095E-3,2.5200000,
,,,732.800006866E-3,2.5200000,
,,,733.199954033E-3,2.4800000,
,,,733.599960804E-3,2.4800000,
,,,733.999967575E-3,2.4800000,
,,,734.399974346E-3,2.4800000,
,,,734.799981117E-3,2.4400001,
,,,735.199987888E-3,2.4400001,
,,,735.599994659E-3,2.4400001,
,,,736.000001431E-3,2.4400001,
,,,736.400008202E-3,2.4400001,
,,,736.799955368E-3,2.3999999,
,,,737.199962139E-3,2.4400001,
,,,737.599968910E-3,2.3999999,
,,,737.999975681E-3,2.3599999,
,,,738.399982452E-3,2.3999999,
,,,738.799989223E-3,2.3999999,
,,,739.199995995E-3,2.3599999,
,,,739.600002766E-3,2.3599999,
,,,740.000009537E-3,2.3599999,
,,,740.399956703E-3,2.3199999,
,,,740.799963474E-3,2.3199999,
,,,741.199970245E-3,2.3199999,
,,,741.599977016E-3,2.2800000,
,,,741.999983788E-3,2.2800000,
,,,742.399990559E-3,2.2800000,
,,,742.799997330E-3,2.2400000,
,,,743.200004101E-3,2.2400000,
,,,743.600010872E-3,2.2400000,
,,,743.999958038E-3,2.2400000,
,,,744.399964809E-3,2.2400000,
,,,744.799971581E-3,2.2400000,
,,,745.199978352E-3,2.2400000,
,,,745.599985123E-3,2.2400000,
,,,745.999991894E-3,2.2000000,
,,,746.399998665E-3,2.2000000,
,,,746.800005436E-3,2.2000000,
,,,747.199952602E-3,2.1599998,
,,,747.599959373E-3,2.1599998,
,,,747.999966145E-3,2.1599998,
,,,748.399972916E-3,2.1199999,
,,,748.799979687E-3,2.1199999,
,,,749.199986458E-3,2.0799999,
,,,749.599993229E-3,2.0799999,
,,,750.000000000E-3,2.0400000,
,,,750.400006771E-3,2.0400000,
,,,750.799953938E-3,2.0400000,
,,,751.199960709E-3,2.0799999,
,,,751.599967480E-3,2.0400000,
,,,751.999974251E-3,2.0400000,
,,,752.399981022E-3,2.0000000,
,,,752.799987793E-3,2.0000000,
,,,753.199994564E-3,2.0000000,
,,,753.600001335E-3,2.0000000,
,,,754.000008106E-3,1.9599999,
,,,754.399955273E-3,1.9599999,
,,,754.799962044E-3,1.9599999,
,,,755.199968815E-3,1.9599999,
,,,755.599975586E-3,1.9200000,
,,,755.999982357E-3,1.9599999,
,,,756.399989128E-3,1.9200000,
,,,756.799995899E-3,1.8800000,
,,,757.200002670E-3,1.8800000,
,,,757.600009441E-3,1.8800000,
,,,757.999956608E-3,1.8399999,
,,,758.399963379E-3,1.8800000,
,,,758.799970150E-3,1.8399999,
,,,759.199976921E-3,1.8399999,
,,,759.599983692E-3,1.8399999,
,,,759.999990463E-3,1.8399999,
,,,760.399997234E-3,1.8000000,
,,,760.800004005E-3,1.8000000,
,,,761.199951172E-3,1.8000000,
,,,761.599957943E-3,1.8000000,
,,,761.999964714E-3,1.8000000,
,,,762.399971485E-3,1.8000000,
,,,762.799978256E-3,1.8000000,
,,,763.199985027E-3,1.7600000,
,,,763.599991798E-3,1.7199999,
,,,763.999998569E-3,1.7199999,
,,,764.400005341E-3,1.7199999,
,,,764.799952507E-3,1.7199999,
,,,765.199959278E-3,1.6799999,
,,,765.599966049E-3,1.6799999,
,,,765.999972820E-3,1.7199999,
,,,766.399979591E-3,1.6799999,
,,,766.799986362E-3,1.6799999,
,,,767.199993134E-3,1.6400000,
,,,767.599999905E-3,1.6400000,
,,,768.000006676E-3,1.6400000,
,,,768.399953842E-3,1.6400000,
,,,768.799960613E-3,1.5999999,
,,,769.199967384E-3,1.5999999,
,,,769.599974155E-3,1.5999999,
,,,769.999980927E-3,1.5999999,
,,,770.399987698E-3,1.5999999,
,,,770.799994469E-3,1.5999999,
,,,771.200001240E-3,1.5599999,
,,,771.600008011E-3,1.5200000,
,,,771.999955177E-3,1.5200000,
,,,772.399961948E-3,1.5200000,
,,,772.799968719E-3,1.5200000,
,,,773.199975491E-3,1.5200000,
,,,773.599982262E-3,1.4800000,
,,,773.999989033E-3,1.4800000,
,,,774.399995804E-3,1.4800000,
,,,774.800002575E-3,1.4800000,
,,,775.200009346E-3,1.4800000,
,,,775.599956512E-3,1.4399999,
,,,775.999963284E-3,1.4399999,
,,,776.399970055E-3,1.4399999,
,,,776.799976826E-3,1.4399999,
,,,777.199983597E-3,1.4399999,
,,,777.599990368E-3,1.4399999,
,,,777.999997139E-3,1.4000000,
,,,778.400003910E-3,1.4000000,
,,,778.799951077E-3,1.4000000,
,,,779.199957848E-3,1.3600000,
,,,779.599964619E-3,1.3600000,
,,,779.999971390E-3,1.3600000,
,,,780.399978161E-3,1.3600000,
,,,780.799984932E-3,1.3600000,
,,,781.199991703E-3,1.3600000,
,,,781.599998474E-3,1.3199999,
,,,782.000005245E-3,1.3600000,
,,,782.399952412E-3,1.3199999,
,,,782.799959183E-3,1.3199999,
,,,783.199965954E-3,1.2800000,
,,,783.599972725E-3,1.2800000,
,,,783.999979496E-3,1.3199999,
,,,784.399986267E-3,1.2800000,
,,,784.799993038E-3,1.2800000,
,,,785.199999809E-3,1.2800000,
,,,785.600006580E-3,1.2800000,
,,,785.999953747E-3,1.2800000,
,,,786.399960518E-3,1.2800000,
,,,786.799967289E-3,1.2400000,
,,,787.199974060E-3,1.2400000,
,,,787.599980831E-3,1.2400000,
,,,787.999987602E-3,1.2400000,
,,,788.399994373E-3,1.2400000,
,,,788.800001144E-3,1.2400000,
,,,789.200007915E-3,1.2400000,
,,,789.599955082E-3,1.1999999,
,,,789.999961853E-3,1.2400000,
,,,790.399968624E-3,1.2400000,
,,,790.799975395E-3,1.1999999,
,,,791.199982166E-3,1.1999999,
,,,791.599988937E-3,1.1999999,
,,,791.999995708E-3,1.1999999,
,,,792.400002480E-3,1.1999999,
,,,792.800009251E-3,1.1600000,
,,,793.199956417E-3,1.1600000,
,,,793.599963188E-3,1.1600000,
,,,793.999969959E-3,1.1600000,
,,,794.399976730E-3,1.1600000,
,,,794.799983501E-3,1.1600000,
,,,795.199990273E-3,1.1600000,
,,,795.599997044E-3,1.1600000,
,,,796.000003815E-3,1.1600000,
,,,796.399950981E-3,1.1200000,
,,,796.799957752E-3,1.1200000,
,,,797.199964523E-3,1.1200000,
,,,797.599971294E-3,1.1600000,
,,,797.999978065E-3,1.1200000,
,,,798.399984837E-3,1.1200000,
,,,798.799991608E-3,1.1200000,
,,,799.199998379E-3,1.1200000,
,,,799.600005150E-3,1.1200000,
,,,799.999952316E-3,1.1200000,
,,,800.399959087E-3,1.1200000,
,,,800.799965858E-3,1.0799999,
,,,801.199972630E-3,1.0799999,
,,,801.599979401E-3,1.1200000,
,,,801.999986172E-3,1.0799999,
,,,802.399992943E-3,1.0799999,
,,,802.799999714E-3,1.0799999,
,,,803.200006485E-3,1.0799999,
,,,803.599953651E-3,1.0799999,
,,,803.999960423E-3,1.1200000,
,,,804.399967194E-3,1.1200000,
,,,804.799973965E-3,1.0799999,
,,,805.199980736E-3,1.1200000,
,,,805.599987507E-3,1.1200000,
,,,805.999994278E-3,1.0799999,
,,,806.400001049E-3,1.0799999,
,,,806.800007820E-3,1.1200000,
,,,807.199954987E-3,1.0799999,
,,,807.599961758E-3,1.0799999,
,,,807.999968529E-3,1.0799999,
,,,808.399975300E-3,1.0799999,
,,,808.799982071E-3,1.0799999,
,,,809.199988842E-3,1.0400000,
,,,809.599995613E-3,1.0400000,
,,,810.000002384E-3,1.0799999,
,,,810.400009155E-3,1.0799999,
,,,810.799956322E-3,1.0400000,
,,,811.199963093E-3,1.0799999,
,,,811.599969864E-3,1.0799999,
,,,811.999976635E-3,1.0799999,
,,,812.399983406E-3,1.0400000,
,,,812.799990177E-3,1.0799999,
,,,813.199996948E-3,1.0799999,
,,,813.600003719E-3,1.0799999,
,,,813.999950886E-3,1.0799999,
,,,814.399957657E-3,1.1200000,
,,,814.799964428E-3,1.0799999,
,,,815.199971199E-3,1.0799999,
,,,815.599977970E-3,1.0799999,
,,,815.999984741E-3,1.0799999,
,,,816.399991512E-3,1.0799999,
,,,816.799998283E-3,1.0799999,
,,,817.200005054E-3,1.0799999,
,,,817.599952221E-3,1.0799999,
,,,817.999958992E-3,1.0799999,
,,,818.399965763E-3,1.0799999,
,,,818.799972534E-3,1.0799999,
,,,819.199979305E-3,1.0799999,
,,,819.599986076E-3,1.1200000,
,,,819.999992847E-3,1.1200000,
,,,820.399999619E-3,1.1200000,
,,,820.800006390E-3,1.1200000,
,,,821.199953556E-3,1.1200000,
,,,821.599960327E-3,1.1200000,
,,,821.999967098E-3,1.1200000,
,,,822.399973869E-3,1.1200000,
,,,822.799980640E-3,1.1600000,
,,,823.199987411E-3,1.1600000,
,,,823.599994183E-3,1.1600000,
,,,824.000000954E-3,1.1600000,
,,,824.400007725E-3,1.1600000,
,,,824.799954891E-3,1.1600000,
,,,825.199961662E-3,1.1600000,
,,,825.599968433E-3,1.1600000,
,,,825.999975204E-3,1.1600000,
,,,826.399981976E-3,1.1600000,
,,,826.799988747E-3,1.1600000,
,,,827.199995518E-3,1.1600000,
,,,827.600002289E-3,1.1600000,
,,,827.999949455E-3,1.1999999,
,,,828.399956226E-3,1.1999999,
,,,828.799962997E-3,1.1600000,
,,,829.199969769E-3,1.1999999,
,,,829.599976540E-3,1.1999999,
,,,829.999983311E-3,1.2400000,
,,,830.399990082E-3,1.2400000,
,,,830.799996853E-3,1.2400000,
,,,831.200003624E-3,1.2400000,
,,,831.599950790E-3,1.2400000,
,,,831.999957561E-3,1.2400000,
,,,832.399964333E-3,1.2400000,
,,,832.799971104E-3,1.2400000,
,,,833.199977875E-3,1.2800000,
,,,833.599984646E-3,1.2800000,
,,,833.999991417E-3,1.2800000,
,,,834.399998188E-3,1.2400000,
,,,834.800004959E-3,1.2800000,
,,,835.199952126E-3,1.2800000,
,,,835.599958897E-3,1.2800000,
,,,835.999965668E-3,1.3199999,
,,,836.399972439E-3,1.2800000,
,,,836.799979210E-3,1.3199999,
,,,837.199985981E-3,1.3600000,
,,,837.599992752E-3,1.3600000,
,,,837.999999523E-3,1.3199999,
,,,838.400006294E-3,1.3600000,
,,,838.799953461E-3,1.3600000,
,,,839.199960232E-3,1.3600000,
,,,839.599967003E-3,1.4000000,
,,,839.999973774E-3,1.4000000,
,,,840.399980545E-3,1.4000000,
,,,840.799987316E-3,1.4000000,
,,,841.199994087E-3,1.4000000,
,,,841.600000858E-3,1.4000000,
,,,842.000007629E-3,1.4000000,
,,,842.399954796E-3,1.4000000,
,,,842.799961567E-3,1.4000000,
,,,843.199968338E-3,1.4399999,
,,,843.599975109E-3,1.4000000,
,,,843.999981880E-3,1.4399999,
,,,844.399988651E-3,1.4800000,
,,,844.799995422E-3,1.4399999,
,,,845.200002193E-3,1.4800000,
,,,845.599949360E-3,1.4800000,
,,,845.999956131E-3,1.5200000,
,,,846.399962902E-3,1.5200000,
,,,846.799969673E-3,1.5200000,
,,,847.199976444E-3,1.5200000,
,,,847.599983215E-3,1.5599999,
,,,847.999989986E-3,1.5599999,
,,,848.399996758E-3,1.5200000,
,,,848.800003529E-3,1.5599999,
,,,849.199950695E-3,1.5999999,
,,,849.599957466E-3,1.5999999,
,,,849.999964237E-3,1.5599999,
,,,850.399971008E-3,1.5999999,
,,,850.799977779E-3,1.5599999,
,,,851.199984550E-3,1.5999999,
,,,851.599991322E-3,1.5999999,
,,,851.999998093E-3,1.5999999,
,,,852.400004864E-3,1.6400000,
,,,852.799952030E-3,1.6799999,
,,,853.199958801E-3,1.6799999,
,,,853.599965572E-3,1.6799999,
,,,853.999972343E-3,1.6799999,
,,,854.399979115E-3,1.7199999,
,,,854.799985886E-3,1.7199999,
,,,855.199992657E-3,1.7600000,
,,,855.599999428E-3,1.7199999,
,,,856.000006199E-3,1.7199999,
,,,856.399953365E-3,1.7600000,
,,,856.799960136E-3,1.7600000,
,,,857.199966908E-3,1.7600000,
,,,857.599973679E-3,1.8000000,
,,,857.999980450E-3,1.7600000,
,,,858.399987221E-3,1.7600000,
,,,858.799993992E-3,1.8000000,
,,,859.200000763E-3,1.8000000,
,,,859.600007534E-3,1.8000000,
,,,859.999954700E-3,1.8399999,
,,,860.399961472E-3,1.8399999,
,,,860.799968243E-3,1.8800000,
,,,861.199975014E-3,1.8800000,
,,,861.599981785E-3,1.8800000,
,,,861.999988556E-3,1.9200000,
,,,862.399995327E-3,1.9200000,
,,,862.800002098E-3,1.9200000,
,,,863.199949265E-3,1.9200000,
,,,863.599956036E-3,1.9599999,
,,,863.999962807E-3,1.9599999,
,,,864.399969578E-3,1.9599999,
,,,864.799976349E-3,1.9599999,
,,,865.199983120E-3,1.9599999,
,,,865.599989891E-3,1.9599999,
,,,865.999996662E-3,1.9599999,
,,,866.400003433E-3,2.0000000,
,,,866.799950600E-3,1.9599999,
,,,867.199957371E-3,2.0000000,
,,,867.599964142E-3,2.0000000,
,,,867.999970913E-3,2.0400000,
,,,868.399977684E-3,2.0799999,
,,,868.799984455E-3,2.0799999,
,,,869.199991226E-3,2.0799999,
,,,869.599997997E-3,2.0799999,
,,,870.000004768E-3,2.0799999,
,,,870.399951935E-3,2.1199999,
,,,870.799958706E-3,2.1199999,
,,,871.199965477E-3,2.1599998,
,,,871.599972248E-3,2.1599998,
,,,871.999979019E-3,2.1199999,
,,,872.399985790E-3,2.1599998,
,,,872.799992561E-3,2.1599998,
,,,873.199999332E-3,2.2000000,
,,,873.600006104E-3,2.2000000,
,,,873.999953270E-3,2.2000000,
,,,874.399960041E-3,2.2000000,
,,,874.799966812E-3,2.2400000,
,,,875.199973583E-3,2.2000000,
,,,875.599980354E-3,2.2400000,
,,,875.999987125E-3,2.2400000,
,,,876.399993896E-3,2.3199999,
,,,876.800000668E-3,2.3199999,
,,,877.200007439E-3,2.3199999,
,,,877.599954605E-3,2.3199999,
,,,877.999961376E-3,2.3199999,
,,,878.399968147E-3,2.3199999,
,,,878.799974918E-3,2.3199999,
,,,879.199981689E-3,2.3599999,
,,,879.599988461E-3,2.3599999,
,,,879.999995232E-3,2.3599999,
,,,880.400002003E-3,2.3599999,
,,,880.799949169E-3,2.3599999,
,,,881.199955940E-3,2.3999999,
,,,881.599962711E-3,2.3999999,
,,,881.999969482E-3,2.3999999,
,,,882.399976254E-3,2.4400001,
,,,882.799983025E-3,2.3999999,
,,,883.199989796E-3,2.4400001,
,,,883.599996567E-3,2.4400001,
,,,884.000003338E-3,2.4400001,
,,,884.399950504E-3,2.4800000,
,,,884.799957275E-3,2.4800000,
,,,885.199964046E-3,2.5200000,
,,,885.599970818E-3,2.5200000,
,,,885.999977589E-3,2.5200000,
,,,886.399984360E-3,2.5599999,
,,,886.799991131E-3,2.5599999,
,,,887.199997902E-3,2.5599999,
,,,887.600004673E-3,2.5999999,
,,,887.999951839E-3,2.5599999,
,,,888.399958611E-3,2.5999999,
,,,888.799965382E-3,2.5999999,
,,,889.199972153E-3,2.5999999,
,,,889.599978924E-3,2.5999999,
,,,889.999985695E-3,2.5999999,
,,,890.399992466E-3,2.5999999,
,,,890.799999237E-3,2.5999999,
,,,891.200006008E-3,2.6399999,
,,,891.599953175E-3,2.6399999,
,,,891.999959946E-3,2.6799998,
,,,892.399966717E-3,2.6399999,
,,,892.799973488E-3,2.6799998,
,,,893.199980259E-3,2.6799998,
,,,893.599987030E-3,2.6799998,
,,,893.999993801E-3,2.72000003,
,,,894.400000572E-3,2.72000003,
,,,894.799947739E-3,2.72000003,
,,,895.199954510E-3,2.72000003,
,,,895.599961281E-3,2.72000003,
,,,895.999968052E-3,2.72000003,
,,,896.399974823E-3,2.75999999,
,,,896.799981594E-3,2.75999999,
,,,897.199988365E-3,2.79999995,
,,,897.599995136E-3,2.79999995,
,,,898.000001907E-3,2.79999995,
,,,898.399949074E-3,2.79999995,
,,,898.799955845E-3,2.75999999,
,,,899.199962616E-3,2.83999991,
,,,899.599969387E-3,2.79999995,
,,,899.999976158E-3,2.83999991,
,,,900.399982929E-3,2.83999991,
,,,900.799989700E-3,2.83999991,
,,,901.199996471E-3,2.87999988,
,,,901.600003242E-3,2.87999988,
,,,901.999950409E-3,2.83999991,
,,,902.399957180E-3,2.87999988,
,,,902.799963951E-3,2.91999984,
,,,903.199970722E-3,2.91999984,
,,,903.599977493E-3,2.91999984,
,,,903.999984264E-3,2.87999988,
,,,904.399991035E-3,2.91999984,
,,,904.799997807E-3,2.91999984,
,,,905.200004578E-3,2.91999984,
,,,905.599951744E-3,2.91999984,
,,,905.999958515E-3,2.96000004,
,,,906.399965286E-3,2.91999984,
,,,906.799972057E-3,2.96000004,
,,,907.199978828E-3,2.96000004,
,,,907.599985600E-3,2.96000004,
,,,907.999992371E-3,2.96000004,
,,,908.399999142E-3,2.96000004,
,,,908.800005913E-3,2.96000004,
,,,909.199953079E-3,2.96000004,
,,,909.599959850E-3,2.96000004,
,,,909.999966621E-3,3.00000000,
,,,910.399973392E-3,3.00000000,
,,,910.799980164E-3,3.00000000,
,,,911.199986935E-3,3.00000000,
,,,911.599993706E-3,3.00000000,
,,,912.000000477E-3,3.00000000,
,,,912.399947643E-3,3.00000000,
,,,912.799954414E-3,3.03999996,
,,,913.199961185E-3,3.03999996,
,,,913.599967957E-3,3.03999996,
,,,913.999974728E-3,3.03999996,
,,,914.399981499E-3,3.03999996,
,,,914.799988270E-3,3.03999996,
,,,915.199995041E-3,3.03999996,
,,,915.600001812E-3,3.07999992,
,,,915.999948978E-3,3.07999992,
,,,916.399955750E-3,3.07999992,
,,,916.799962521E-3,3.07999992,
,,,917.199969292E-3,3.03999996,
,,,917.599976063E-3,3.07999992,
,,,917.999982834E-3,3.03999996,
,,,918.399989605E-3,3.07999992,
,,,918.799996376E-3,3.07999992,
,,,919.200003147E-3,3.07999992,
,,,919.599950314E-3,3.07999992,
,,,919.999957085E-3,3.07999992,
,,,920.399963856E-3,3.07999992,
,,,920.799970627E-3,3.11999989,
,,,921.199977398E-3,3.07999992,
,,,921.599984169E-3,3.11999989,
,,,921.999990940E-3,3.07999992,
,,,922.399997711E-3,3.07999992,
,,,922.800004482E-3,3.11999989,
,,,923.199951649E-3,3.11999989,
,,,923.599958420E-3,3.11999989,
,,,923.999965191E-3,3.11999989,
,,,924.399971962E-3,3.07999992,
,,,924.799978733E-3,3.07999992,
,,,925.199985504E-3,3.07999992,
,,,925.599992275E-3,3.07999992,
,,,925.999999046E-3,3.07999992,
,,,926.400005817E-3,3.07999992,
,,,926.799952984E-3,3.11999989,
,,,927.199959755E-3,3.07999992,
,,,927.599966526E-3,3.07999992,
,,,927.999973297E-3,3.11999989,
,,,928.399980068E-3,3.15999985,
,,,928.799986839E-3,3.11999989,
,,,929.199993610E-3,3.11999989,
,,,929.600000381E-3,3.11999989,
,,,929.999947548E-3,3.11999989,
,,,930.399954319E-3,3.11999989,
,,,930.799961090E-3,3.07999992,
,,,931.199967861E-3,3.07999992,
,,,931.599974632E-3,3.11999989,
,,,931.999981403E-3,3.11999989,
,,,932.399988174E-3,3.11999989,
,,,932.799994946E-3,3.07999992,
,,,933.200001717E-3,3.07999992,
,,,933.599948883E-3,3.07999992,
,,,933.999955654E-3,3.07999992,
,,,934.399962425E-3,3.11999989,
,,,934.799969196E-3,3.07999992,
,,,935.199975967E-3,3.07999992,
,,,935.599982738E-3,3.07999992,
,,,935.999989510E-3,3.07999992,
,,,936.399996281E-3,3.07999992,
,,,936.800003052E-3,3.07999992,
,,,937.199950218E-3,3.07999992,
,,,937.599956989E-3,3.07999992,
,,,937.999963760E-3,3.07999992,
,,,938.399970531E-3,3.07999992,
,,,938.799977303E-3,3.03999996,
,,,939.199984074E-3,3.07999992,
,,,939.599990845E-3,3.07999992,
,,,939.999997616E-3,3.07999992,
,,,940.400004387E-3,3.03999996,
,,,940.799951553E-3,3.07999992,
,,,941.199958324E-3,3.03999996,
,,,941.599965096E-3,3.03999996,
,,,941.999971867E-3,3.03999996,
,,,942.399978638E-3,3.03999996,
,,,942.799985409E-3,3.07999992,
,,,943.199992180E-3,3.03999996,
,,,943.599998951E-3,3.03999996,
,,,944.000005722E-3,3.03999996,
,,,944.399952888E-3,3.03999996,
,,,944.799959660E-3,3.03999996,
,,,945.199966431E-3,3.00000000,
,,,945.599973202E-3,3.00000000,
,,,945.999979973E-3,3.03999996,
,,,946.399986744E-3,3.00000000,
,,,946.799993515E-3,3.00000000,
,,,947.200000286E-3,3.03999996,
,,,947.599947453E-3,3.00000000,
,,,947.999954224E-3,3.00000000,
,,,948.399960995E-3,3.00000000,
,,,948.799967766E-3,2.96000004,
,,,949.199974537E-3,3.00000000,
,,,949.599981308E-3,2.96000004,
,,,949.999988079E-3,2.96000004,
,,,950.399994850E-3,2.96000004,
,,,950.800001621E-3,2.96000004,
,,,951.199948788E-3,2.91999984,
,,,951.599955559E-3,2.96000004,
,,,951.999962330E-3,2.91999984,
,,,952.399969101E-3,2.91999984,
,,,952.799975872E-3,2.91999984,
,,,953.199982643E-3,2.91999984,
,,,953.599989414E-3,2.91999984,
,,,953.999996185E-3,2.91999984,
,,,954.400002956E-3,2.91999984,
,,,954.799950123E-3,2.87999988,
,,,955.199956894E-3,2.87999988,
,,,955.599963665E-3,2.87999988,
,,,955.999970436E-3,2.91999984,
,,,956.399977207E-3,2.87999988,
,,,956.799983978E-3,2.83999991,
,,,957.199990749E-3,2.83999991,
,,,957.599997520E-3,2.83999991,
,,,958.000004292E-3,2.83999991,
,,,958.399951458E-3,2.79999995,
,,,958.799958229E-3,2.79999995,
,,,959.199965000E-3,2.79999995,
,,,959.599971771E-3,2.79999995,
,,,959.999978542E-3,2.79999995,
,,,960.399985313E-3,2.79999995,
,,,960.799992085E-3,2.75999999,
,,,961.199998856E-3,2.79999995,
,,,961.599946022E-3,2.75999999,
,,,961.999952793E-3,2.75999999,
,,,962.399959564E-3,2.75999999,
,,,962.799966335E-3,2.75999999,
,,,963.199973106E-3,2.72000003,
,,,963.599979877E-3,2.72000003,
,,,963.999986649E-3,2.72000003,
,,,964.399993420E-3,2.72000003,
,,,964.800000191E-3,2.72000003,
,,,965.199947357E-3,2.6799998,
,,,965.599954128E-3,2.6799998,
,,,965.999960899E-3,2.6799998,
,,,966.399967670E-3,2.6399999,
,,,966.799974442E-3,2.6799998,
,,,967.199981213E-3,2.6399999,
,,,967.599987984E-3,2.6399999,
,,,967.999994755E-3,2.6399999,
,,,968.400001526E-3,2.5999999,
,,,968.799948692E-3,2.5999999,
,,,969.199955463E-3,2.5999999,
,,,969.599962234E-3,2.5999999,
,,,969.999969006E-3,2.5999999,
,,,970.399975777E-3,2.5999999,
,,,970.799982548E-3,2.5999999,
,,,971.199989319E-3,2.5599999,
,,,971.599996090E-3,2.5599999,
,,,972.000002861E-3,2.5200000,
,,,972.399950027E-3,2.5200000,
,,,972.799956799E-3,2.5200000,
,,,973.199963570E-3,2.4800000,
,,,973.599970341E-3,2.4800000,
,,,973.999977112E-3,2.4800000,
,,,974.399983883E-3,2.4400001,
,,,974.799990654E-3,2.4400001,
,,,975.199997425E-3,2.4400001,
,,,975.600004196E-3,2.4400001,
,,,975.999951363E-3,2.4400001,
,,,976.399958134E-3,2.3999999,
,,,976.799964905E-3,2.3999999,
,,,977.199971676E-3,2.3999999,
,,,977.599978447E-3,2.3999999,
,,,977.999985218E-3,2.3999999,
,,,978.399991989E-3,2.3999999,
,,,978.799998760E-3,2.3999999,
,,,979.199945927E-3,2.3599999,
,,,979.599952698E-3,2.3599999,
,,,979.999959469E-3,2.3599999,
,,,980.399966240E-3,2.3599999,
,,,980.799973011E-3,2.3199999,
,,,981.199979782E-3,2.3199999,
,,,981.599986553E-3,2.3199999,
,,,981.999993324E-3,2.2800000,
,,,982.400000095E-3,2.2800000,
,,,982.799947262E-3,2.2800000,
,,,983.199954033E-3,2.2400000,
,,,983.599960804E-3,2.2400000,
,,,983.999967575E-3,2.2400000,
,,,984.399974346E-3,2.2400000,
,,,984.799981117E-3,2.2400000,
,,,985.199987888E-3,2.2000000,
,,,985.599994659E-3,2.2400000,
,,,986.000001431E-3,2.2000000,
,,,986.399948597E-3,2.1599998,
,,,986.799955368E-3,2.2400000,
,,,987.199962139E-3,2.2000000,
,,,987.599968910E-3,2.1599998,
,,,987.999975681E-3,2.1199999,
,,,988.399982452E-3,2.1199999,
,,,988.799989223E-3,2.1199999,
,,,989.199995995E-3,2.0799999,
,,,989.600002766E-3,2.0799999,
,,,989.999949932E-3,2.1199999,
,,,990.399956703E-3,2.0400000,
,,,990.799963474E-3,2.0400000,
,,,991.199970245E-3,2.0799999,
,,,991.599977016E-3,2.0000000,
,,,991.999983788E-3,2.0400000,
,,,992.399990559E-3,2.0000000,
,,,992.799997330E-3,2.0000000,
,,,993.200004101E-3,2.0000000,
,,,993.599951267E-3,2.0000000,
,,,993.999958038E-3,1.9599999,
,,,994.399964809E-3,1.9599999,
,,,994.799971581E-3,1.9599999,
,,,995.199978352E-3,1.9599999,
,,,995.599985123E-3,1.9599999,
,,,995.999991894E-3,1.9599999,
,,,996.399998665E-3,1.9200000,
,,,996.799945831E-3,1.9200000,
,,,997.199952602E-3,1.9200000,
,,,997.599959373E-3,1.8800000,
,,,997.999966145E-3,1.8399999,
,,,998.399972916E-3,1.8399999,
,,,998.799979687E-3,1.8399999,
,,,999.199986458E-3,1.8399999,
,,,999.599993229E-3,1.8399999,
