Record Length,2500,Points,0.0,-479.999989271E-3,
Sample Interval,1.0000000E-3,s,1.0000000E-3,-479.999989271E-3,
Trigger Point,0.0,Samples,2.0000001E-3,-479.999989271E-3,
,,,3.00000003E-3,-479.999989271E-3,
,,,4.00000019E-3,-479.999989271E-3,
,,,5.00000035E-3,-479.999989271E-3,
Source,CH1,,6.00000005E-3,-479.999989271E-3,
Vertical Units,Volts,,7.00000022E-3,-479.999989271E-3,
Vertical Scale,511.953113557E-3,,8.000000380E-3,-479.999989271E-3,
Vertical Offset,0,,9.000000544E-3,-479.999989271E-3,
Horizontal Units,s,,10.0000007E-3,-479.999989271E-3,
Horizontal Scale,250.00001187E-3,,11.0000009E-3,-479.999989271E-3,
Pt Fmt,Y,,12.0000001E-3,-479.999989271E-3,
Yzero,-4.06287197,,13.0000003E-3,-479.999989271E-3,
Probe Atten,1.000000,,14.0000004E-3,-479.999989271E-3,
,,,15.0000006E-3,-479.999989271E-3,
Note,TDS 2022B - 15:43:18   09.01.2019,,16.0000008E-3,-479.999989271E-3,
,,,17.0000009E-3,-479.999989271E-3,
,,,18.0000011E-3,-479.999989271E-3,
,,,19.0000013E-3,-479.999989271E-3,
,,,20.0000014E-3,-479.999989271E-3,
,,,21.00000158E-3,-479.999989271E-3,
,,,22.00000174E-3,-479.999989271E-3,
,,,23.00000191E-3,-479.999989271E-3,
,,,24.00000021E-3,-479.999989271E-3,
,,,25.00000037E-3,-479.999989271E-3,
,,,26.00000054E-3,-479.999989271E-3,
,,,27.00000070E-3,-479.999989271E-3,
,,,28.00000086E-3,-479.999989271E-3,
,,,29.00000103E-3,-479.999989271E-3,
,,,30.00000119E-3,-479.999989271E-3,
,,,31.00000136E-3,-479.999989271E-3,
,,,32.00000152E-3,-479.999989271E-3,
,,,32.99999982E-3,-479.999989271E-3,
,,,34.00000185E-3,-479.999989271E-3,
,,,35.00000015E-3,-479.999989271E-3,
,,,36.00000218E-3,-479.999989271E-3,
,,,37.00000048E-3,-479.999989271E-3,
,,,38.00000250E-3,-479.999989271E-3,
,,,39.00000080E-3,-479.999989271E-3,
,,,40.00000283E-3,-479.999989271E-3,
,,,41.00000113E-3,-479.999989271E-3,
,,,42.00000316E-3,-479.999989271E-3,
,,,43.00000146E-3,-479.999989271E-3,
,,,44.00000349E-3,-479.999989271E-3,
,,,45.00000179E-3,-479.999989271E-3,
,,,46.00000381E-3,-479.999989271E-3,
,,,47.00000212E-3,-479.999989271E-3,
,,,48.00000042E-3,-479.999989271E-3,
,,,49.00000244E-3,-479.999989271E-3,
,,,50.00000075E-3,-479.999989271E-3,
,,,51.00000277E-3,-479.999989271E-3,
,,,52.00000107E-3,-479.999989271E-3,
,,,53.00000310E-3,-479.999989271E-3,
,,,54.00000140E-3,-479.999989271E-3,
,,,55.000003427E-3,-479.999989271E-3,
,,,56.000001729E-3,-479.999989271E-3,
,,,57.000003755E-3,-479.999989271E-3,
,,,58.000002056E-3,-479.999989271E-3,
,,,59.000004083E-3,-479.999989271E-3,
,,,60.000002384E-3,-479.999989271E-3,
,,,61.000004411E-3,-479.999989271E-3,
,,,62.000002712E-3,-479.999989271E-3,
,,,63.000001013E-3,-479.999989271E-3,
,,,64.000003040E-3,-479.999989271E-3,
,,,65.000005066E-3,-479.999989271E-3,
,,,65.999999642E-3,-479.999989271E-3,
,,,67.000001669E-3,-479.999989271E-3,
,,,68.000003695E-3,-479.999989271E-3,
,,,69.000005722E-3,-479.999989271E-3,
,,,70.000000298E-3,-479.999989271E-3,
,,,71.000002325E-3,-479.999989271E-3,
,,,72.000004351E-3,-479.999989271E-3,
,,,73.000006378E-3,-479.999989271E-3,
,,,74.000000954E-3,-479.999989271E-3,
,,,75.000002980E-3,-479.999989271E-3,
,,,76.000005007E-3,-479.999989271E-3,
,,,77.000007033E-3,-479.999989271E-3,
,,,78.000001609E-3,-479.999989271E-3,
,,,79.000003636E-3,-479.999989271E-3,
,,,80.000005662E-3,-479.999989271E-3,
,,,81.000000238E-3,-479.999989271E-3,
,,,82.000002265E-3,-479.999989271E-3,
,,,83.000004292E-3,-479.999989271E-3,
,,,84.000006318E-3,-479.999989271E-3,
,,,85.000000894E-3,-479.999989271E-3,
,,,86.000002921E-3,-479.999989271E-3,
,,,87.000004947E-3,-479.999989271E-3,
,,,88.000006974E-3,-479.999989271E-3,
,,,89.000001550E-3,-479.999989271E-3,
,,,90.000003576E-3,-479.999989271E-3,
,,,91.000005603E-3,-479.999989271E-3,
,,,92.000007629E-3,-479.999989271E-3,
,,,93.000002205E-3,-479.999989271E-3,
,,,94.000004232E-3,-479.999989271E-3,
,,,95.000006258E-3,-479.999989271E-3,
,,,96.000000834E-3,-479.999989271E-3,
,,,97.000002861E-3,-479.999989271E-3,
,,,98.000004888E-3,-479.999989271E-3,
,,,99.000006914E-3,-479.999989271E-3,
,,,100.0000015E-3,-479.999989271E-3,
,,,101.0000035E-3,-479.999989271E-3,
,,,102.0000055E-3,-479.999989271E-3,
,,,103.0000076E-3,-479.999989271E-3,
,,,104.0000021E-3,-479.999989271E-3,
,,,105.0000042E-3,-479.999989271E-3,
,,,106.0000062E-3,-479.999989271E-3,
,,,107.0000082E-3,-479.999989271E-3,
,,,108.0000028E-3,-479.999989271E-3,
,,,109.0000048E-3,-479.999989271E-3,
,,,110.0000069E-3,-479.999989271E-3,
,,,111.0000089E-3,-479.999989271E-3,
,,,112.0000035E-3,-479.999989271E-3,
,,,113.0000055E-3,-479.999989271E-3,
,,,114.0000075E-3,-479.999989271E-3,
,,,115.0000021E-3,-479.999989271E-3,
,,,116.0000041E-3,-479.999989271E-3,
,,,117.0000061E-3,-479.999989271E-3,
,,,118.0000082E-3,-479.999989271E-3,
,,,119.0000027E-3,-479.999989271E-3,
,,,120.0000048E-3,-479.999989271E-3,
,,,121.0000068E-3,-479.999989271E-3,
,,,122.0000088E-3,-479.999989271E-3,
,,,123.0000034E-3,-479.999989271E-3,
,,,124.0000054E-3,-479.999989271E-3,
,,,125.0000000E-3,-479.999989271E-3,
,,,126.0000020E-3,-479.999989271E-3,
,,,127.0000041E-3,-479.999989271E-3,
,,,128.0000061E-3,-479.999989271E-3,
,,,129.0000081E-3,-479.999989271E-3,
,,,130.0000101E-3,-479.999989271E-3,
,,,131.0000122E-3,-479.999989271E-3,
,,,131.9999993E-3,-479.999989271E-3,
,,,133.0000013E-3,-479.999989271E-3,
,,,134.0000033E-3,-479.999989271E-3,
,,,135.0000054E-3,-479.999989271E-3,
,,,136.0000074E-3,-479.999989271E-3,
,,,137.0000094E-3,-479.999989271E-3,
,,,138.0000114E-3,-479.999989271E-3,
,,,139.0000135E-3,-479.999989271E-3,
,,,140.0000006E-3,-479.999989271E-3,
,,,141.0000026E-3,-479.999989271E-3,
,,,142.0000046E-3,-479.999989271E-3,
,,,143.0000067E-3,-479.999989271E-3,
,,,144.0000087E-3,-479.999989271E-3,
,,,145.0000107E-3,-479.999989271E-3,
,,,146.0000128E-3,-479.999989271E-3,
,,,146.9999999E-3,-479.999989271E-3,
,,,148.0000019E-3,-479.999989271E-3,
,,,149.00000393E-3,-479.999989271E-3,
,,,150.00000596E-3,-479.999989271E-3,
,,,151.00000799E-3,-479.999989271E-3,
,,,152.00001001E-3,-479.999989271E-3,
,,,153.00001204E-3,-479.999989271E-3,
,,,154.00001407E-3,-479.999989271E-3,
,,,155.00000119E-3,-479.999989271E-3,
,,,156.00000322E-3,-479.999989271E-3,
,,,157.00000525E-3,-479.999989271E-3,
,,,158.00000727E-3,-479.999989271E-3,
,,,159.00000930E-3,-479.999989271E-3,
,,,160.00001132E-3,-479.999989271E-3,
,,,161.00001335E-3,-479.999989271E-3,
,,,162.00000048E-3,-479.999989271E-3,
,,,163.00000250E-3,-479.999989271E-3,
,,,164.00000453E-3,-479.999989271E-3,
,,,165.00000656E-3,-479.999989271E-3,
,,,166.00000858E-3,-479.999989271E-3,
,,,167.00001061E-3,-479.999989271E-3,
,,,168.00001264E-3,-479.999989271E-3,
,,,169.00001466E-3,-479.999989271E-3,
,,,170.00000179E-3,1.1000000,
,,,171.00000381E-3,1.1000000,
,,,172.00000584E-3,1.0799999,
,,,173.00000787E-3,1.0799999,
,,,174.00000989E-3,1.0799999,
,,,175.00001192E-3,1.1000000,
,,,176.00001395E-3,1.1000000,
,,,177.00000107E-3,1.0599999,
,,,178.00000310E-3,1.0799999,
,,,179.00000513E-3,1.0799999,
,,,180.00000715E-3,1.0799999,
,,,181.00000918E-3,1.0599999,
,,,182.00001121E-3,1.0799999,
,,,183.00001323E-3,1.0599999,
,,,184.00001526E-3,1.0599999,
,,,185.00000238E-3,1.0599999,
,,,186.00000441E-3,1.0599999,
,,,187.00000644E-3,1.0400000,
,,,188.00000846E-3,1.0400000,
,,,189.00001049E-3,1.0599999,
,,,190.00001252E-3,1.0400000,
,,,191.00001454E-3,1.0599999,
,,,192.00000167E-3,1.0599999,
,,,193.00000370E-3,1.0400000,
,,,194.00000572E-3,1.0400000,
,,,195.00000775E-3,1.0400000,
,,,196.00000978E-3,1.0400000,
,,,197.00001180E-3,1.0400000,
,,,198.00001383E-3,1.0400000,
,,,199.00001585E-3,1.0400000,
,,,200.00000298E-3,1.0599999,
,,,201.00000501E-3,1.0400000,
,,,202.00000703E-3,1.0400000,
,,,203.00000906E-3,1.0200000,
,,,204.00001109E-3,1.0599999,
,,,205.00001311E-3,1.0400000,
,,,206.00001514E-3,1.0400000,
,,,207.00001717E-3,1.0599999,
,,,208.00000429E-3,1.0200000,
,,,209.00000632E-3,1.0599999,
,,,210.00000834E-3,1.0400000,
,,,211.00001037E-3,1.0799999,
,,,212.00001240E-3,1.0599999,
,,,213.00001442E-3,1.0599999,
,,,214.00001645E-3,1.0799999,
,,,215.00000358E-3,1.0599999,
,,,216.00000560E-3,1.0599999,
,,,217.00000763E-3,1.0799999,
,,,218.00000966E-3,1.0599999,
,,,219.00001168E-3,1.0799999,
,,,220.00001371E-3,1.0799999,
,,,221.00001574E-3,1.0599999,
,,,222.00001776E-3,1.0599999,
,,,223.00000489E-3,1.0799999,
,,,224.00000691E-3,1.1000000,
,,,225.00000894E-3,1.1000000,
,,,226.00001097E-3,1.1000000,
,,,227.00001299E-3,1.1200000,
,,,228.00001502E-3,1.1400000,
,,,229.00001705E-3,1.1200000,
,,,230.00000417E-3,1.1400000,
,,,231.00000620E-3,1.1200000,
,,,232.00000823E-3,1.1400000,
,,,233.00001025E-3,1.1600000,
,,,234.00001228E-3,1.1600000,
,,,235.00001431E-3,1.1400000,
,,,236.00001633E-3,1.1600000,
,,,237.00001836E-3,1.1600000,
,,,238.00000548E-3,1.1400000,
,,,239.00000751E-3,1.1600000,
,,,240.00000954E-3,1.1799999,
,,,241.00001156E-3,1.2200000,
,,,242.00001359E-3,1.2200000,
,,,243.00001562E-3,1.2200000,
,,,244.00001764E-3,1.2400000,
,,,245.00000477E-3,1.2400000,
,,,246.00000679E-3,1.2400000,
,,,247.00000882E-3,1.2400000,
,,,248.00001085E-3,1.2600000,
,,,249.00001287E-3,1.2400000,
,,,250.00000000E-3,1.2400000,
,,,251.00001693E-3,1.2400000,
,,,252.00000405E-3,1.2800000,
,,,253.00002098E-3,1.2600000,
,,,254.00000811E-3,1.2600000,
,,,255.00002503E-3,1.2800000,
,,,256.00001216E-3,1.3199999,
,,,256.99999928E-3,1.3199999,
,,,258.00001621E-3,1.3600000,
,,,259.00000334E-3,1.3800000,
,,,260.00002027E-3,1.3800000,
,,,261.00000739E-3,1.4200000,
,,,262.00002432E-3,1.4000000,
,,,263.00001144E-3,1.4000000,
,,,263.99999857E-3,1.4200000,
,,,265.00001550E-3,1.4200000,
,,,266.00000262E-3,1.4200000,
,,,267.00001955E-3,1.4200000,
,,,268.00000668E-3,1.4000000,
,,,269.00002360E-3,1.4200000,
,,,270.00001073E-3,1.4399999,
,,,271.00002766E-3,1.4599999,
,,,272.00001478E-3,1.4599999,
,,,273.00000191E-3,1.4800000,
,,,274.00001884E-3,1.4800000,
,,,275.00000596E-3,1.5400000,
,,,276.00002289E-3,1.5200000,
,,,277.00001001E-3,1.5599999,
,,,278.00002694E-3,1.5799999,
,,,279.00001407E-3,1.5999999,
,,,280.00000119E-3,1.5999999,
,,,281.00001812E-3,1.5799999,
,,,282.00000525E-3,1.5999999,
,,,283.00002217E-3,1.5999999,
,,,284.00000930E-3,1.6200000,
,,,285.00002623E-3,1.6200000,
,,,286.00001335E-3,1.6200000,
,,,287.00000048E-3,1.6400000,
,,,288.00001740E-3,1.6600000,
,,,289.00000453E-3,1.6999999,
,,,290.00002146E-3,1.6999999,
,,,291.00000858E-3,1.7400000,
,,,292.00002551E-3,1.7400000,
,,,293.00001264E-3,1.7600000,
,,,293.99999976E-3,1.7600000,
,,,295.00001669E-3,1.7600000,
,,,296.00000381E-3,1.8000000,
,,,297.00002074E-3,1.7800000,
,,,298.00000787E-3,1.8000000,
,,,299.00002480E-3,1.8000000,
,,,300.00001192E-3,1.8199999,
,,,301.00002885E-3,1.8199999,
,,,302.00001597E-3,1.8199999,
,,,303.00000310E-3,1.8600000,
,,,304.00002003E-3,1.8800000,
,,,305.00000715E-3,1.9200000,
,,,306.00002408E-3,1.9000000,
,,,307.00001121E-3,1.9599999,
,,,308.00002813E-3,1.9599999,
,,,309.00001526E-3,1.9799999,
,,,310.00000238E-3,1.9799999,
,,,311.00001931E-3,1.9799999,
,,,312.00000644E-3,2.0200000,
,,,313.00002337E-3,2.0200000,
,,,314.00001049E-3,2.0200000,
,,,315.00002742E-3,2.0400000,
,,,316.00001454E-3,2.0599999,
,,,317.00000167E-3,2.0400000,
,,,318.00001860E-3,2.0400000,
,,,319.00000572E-3,2.0799999,
,,,320.00002265E-3,2.0799999,
,,,321.00000978E-3,2.1399999,
,,,322.00002670E-3,2.1399999,
,,,323.00001383E-3,2.1599998,
,,,324.00000095E-3,2.1800001,
,,,325.00001788E-3,2.1800001,
,,,326.00000501E-3,2.2000000,
,,,327.00002193E-3,2.2000000,
,,,328.00000906E-3,2.2200000,
,,,329.00002599E-3,2.2400000,
,,,330.00001311E-3,2.2200000,
,,,331.00003004E-3,2.2400000,
,,,332.00001717E-3,2.2400000,
,,,333.00000429E-3,2.2600000,
,,,334.00002122E-3,2.2400000,
,,,335.00000834E-3,2.2800000,
,,,336.00002527E-3,2.3000000,
,,,337.00001240E-3,2.3399999,
,,,338.00002933E-3,2.3599999,
,,,339.00001645E-3,2.3599999,
,,,340.00000358E-3,2.3799999,
,,,341.00002050E-3,2.4199998,
,,,342.00000763E-3,2.4199998,
,,,343.00002456E-3,2.4199998,
,,,344.00001168E-3,2.4400001,
,,,345.00002861E-3,2.4400001,
,,,346.00001574E-3,2.4400001,
,,,347.00000286E-3,2.4600000,
,,,348.00001979E-3,2.4600000,
,,,349.00000691E-3,2.4600000,
,,,350.00002384E-3,2.4800000,
,,,351.00001097E-3,2.5000000,
,,,352.00002789E-3,2.5200000,
,,,353.00001502E-3,2.5200000,
,,,354.00000215E-3,2.5599999,
,,,355.00001907E-3,2.5799999,
,,,356.00000620E-3,2.5799999,
,,,357.00002313E-3,2.5999999,
,,,358.00001025E-3,2.5999999,
,,,359.00002718E-3,2.6199999,
,,,360.00001431E-3,2.6199999,
,,,361.00003123E-3,2.6399999,
,,,362.00001836E-3,2.6399999,
,,,363.00000548E-3,2.6599998,
,,,364.00002241E-3,2.6399999,
,,,365.00000954E-3,2.6399999,
,,,366.00002646E-3,2.6399999,
,,,367.00001359E-3,2.6799998,
,,,368.00003052E-3,2.7000000,
,,,369.00001764E-3,2.72000003,
,,,370.00000477E-3,2.74000001,
,,,371.00002170E-3,2.75999999,
,,,372.00000882E-3,2.77999997,
,,,373.00002575E-3,2.75999999,
,,,374.00001287E-3,2.79999995,
,,,375.00002980E-3,2.79999995,
,,,376.00001693E-3,2.79999995,
,,,377.00000405E-3,2.79999995,
,,,378.00002098E-3,2.81999993,
,,,379.00000811E-3,2.79999995,
,,,380.00002503E-3,2.83999991,
,,,381.00001216E-3,2.81999993,
,,,382.00002909E-3,2.81999993,
,,,383.00001621E-3,2.83999991,
,,,384.00000334E-3,2.87999988,
,,,385.00002027E-3,2.85999990,
,,,386.00000739E-3,2.87999988,
,,,387.00002432E-3,2.89999986,
,,,388.00001144E-3,2.89999986,
,,,389.00002837E-3,2.91999984,
,,,390.00001550E-3,2.91999984,
,,,391.00003242E-3,2.93999982,
,,,392.00001955E-3,2.93999982,
,,,393.00000668E-3,2.93999982,
,,,394.00002360E-3,2.93999982,
,,,395.00001073E-3,2.93999982,
,,,396.00002766E-3,2.93999982,
,,,397.00001478E-3,2.96000004,
,,,398.00003171E-3,2.93999982,
,,,399.00001884E-3,2.96000004,
,,,400.00000596E-3,2.98000002,
,,,401.00002289E-3,3.00000000,
,,,402.00001001E-3,3.00000000,
,,,403.00002694E-3,3.01999998,
,,,404.000014067E-3,3.01999998,
,,,405.000030994E-3,3.03999996,
,,,406.000018120E-3,3.01999998,
,,,407.000005245E-3,3.03999996,
,,,408.000022173E-3,3.03999996,
,,,409.000009298E-3,3.01999998,
,,,410.000026226E-3,3.05999994,
,,,411.000013351E-3,3.03999996,
,,,412.000030279E-3,3.05999994,
,,,413.000017405E-3,3.03999996,
,,,414.000034332E-3,3.03999996,
,,,415.000021458E-3,3.05999994,
,,,416.000008583E-3,3.05999994,
,,,417.000025511E-3,3.07999992,
,,,418.000012636E-3,3.03999996,
,,,419.000029564E-3,3.07999992,
,,,420.000016689E-3,3.09999990,
,,,421.000033617E-3,3.09999990,
,,,422.000020742E-3,3.09999990,
,,,423.000007868E-3,3.09999990,
,,,424.000024796E-3,3.09999990,
,,,425.000011921E-3,3.09999990,
,,,426.000028849E-3,3.09999990,
,,,427.000015974E-3,3.07999992,
,,,428.000032902E-3,3.09999990,
,,,429.000020027E-3,3.09999990,
,,,430.000007153E-3,3.07999992,
,,,431.000024080E-3,3.11999989,
,,,432.000011206E-3,3.09999990,
,,,433.000028133E-3,3.09999990,
,,,434.000015259E-3,3.09999990,
,,,435.000032187E-3,3.11999989,
,,,436.000019312E-3,3.09999990,
,,,437.000006437E-3,3.09999990,
,,,438.000023365E-3,3.11999989,
,,,439.000010490E-3,3.09999990,
,,,440.000027418E-3,3.11999989,
,,,441.000014544E-3,3.09999990,
,,,442.000031471E-3,3.09999990,
,,,443.000018597E-3,3.07999992,
,,,444.000035524E-3,3.07999992,
,,,445.000022650E-3,3.09999990,
,,,446.000009775E-3,3.07999992,
,,,447.000026703E-3,3.09999990,
,,,448.000013828E-3,3.07999992,
,,,449.000030756E-3,3.07999992,
,,,450.000017881E-3,3.05999994,
,,,451.000034809E-3,3.07999992,
,,,452.000021935E-3,3.07999992,
,,,453.000009060E-3,3.07999992,
,,,454.000025988E-3,3.05999994,
,,,455.000013113E-3,3.05999994,
,,,456.000030041E-3,3.07999992,
,,,457.000017166E-3,3.05999994,
,,,458.000034094E-3,3.05999994,
,,,459.000021219E-3,3.05999994,
,,,460.000008345E-3,3.07999992,
,,,461.000025272E-3,3.07999992,
,,,462.000012398E-3,3.05999994,
,,,463.000029325E-3,3.07999992,
,,,464.000016451E-3,3.03999996,
,,,465.000033379E-3,3.01999998,
,,,466.000020504E-3,3.03999996,
,,,467.000007629E-3,3.01999998,
,,,468.000024557E-3,3.00000000,
,,,469.000011683E-3,3.00000000,
,,,470.000028610E-3,3.00000000,
,,,471.000015736E-3,3.00000000,
,,,472.000032663E-3,3.00000000,
,,,473.000019789E-3,2.98000002,
,,,474.000036716E-3,2.98000002,
,,,475.000023842E-3,2.96000004,
,,,476.000010967E-3,3.00000000,
,,,477.000027895E-3,2.98000002,
,,,478.000015020E-3,2.96000004,
,,,479.000031948E-3,2.98000002,
,,,480.000019073E-3,2.98000002,
,,,481.000036001E-3,2.93999982,
,,,482.000023127E-3,2.93999982,
,,,483.000010252E-3,2.89999986,
,,,484.000027180E-3,2.89999986,
,,,485.000014305E-3,2.87999988,
,,,486.000031233E-3,2.87999988,
,,,487.000018358E-3,2.85999990,
,,,488.000035286E-3,2.85999990,
,,,489.000022411E-3,2.87999988,
,,,490.000009537E-3,2.85999990,
,,,491.000026464E-3,2.85999990,
,,,492.000013590E-3,2.85999990,
,,,493.000030518E-3,2.85999990,
,,,494.000017643E-3,2.83999991,
,,,495.000034571E-3,2.83999991,
,,,496.000021696E-3,2.83999991,
,,,497.000008821E-3,2.79999995,
,,,498.000025749E-3,2.77999997,
,,,499.000012875E-3,2.77999997,
,,,500.000000000E-3,2.75999999,
,,,501.000046730E-3,2.72000003,
,,,502.000033855E-3,2.74000001,
,,,503.000020981E-3,2.72000003,
,,,504.000008106E-3,2.72000003,
,,,504.999995232E-3,2.72000003,
,,,506.000041962E-3,2.72000003,
,,,507.000029087E-3,2.72000003,
,,,508.000016212E-3,2.72000003,
,,,509.000003338E-3,2.72000003,
,,,510.000050068E-3,2.6799998,
,,,511.000037193E-3,2.6799998,
,,,512.000024319E-3,2.6399999,
,,,513.000011444E-3,2.6399999,
,,,513.999998569E-3,2.6199999,
,,,515.000045300E-3,2.5999999,
,,,516.000032425E-3,2.5599999,
,,,517.000019550E-3,2.5599999,
,,,518.000006676E-3,2.5599999,
,,,519.000053406E-3,2.5599999,
,,,520.000040531E-3,2.5400000,
,,,521.000027657E-3,2.5400000,
,,,522.000014782E-3,2.5400000,
,,,523.000001907E-3,2.5200000,
,,,524.000048637E-3,2.5400000,
,,,525.000035763E-3,2.5200000,
,,,526.000022888E-3,2.5200000,
,,,527.000010014E-3,2.5000000,
,,,527.999997139E-3,2.4600000,
,,,529.000043869E-3,2.4400001,
,,,530.000030994E-3,2.4199998,
,,,531.000018120E-3,2.3999999,
,,,532.000005245E-3,2.3999999,
,,,533.000051975E-3,2.3599999,
,,,534.000039101E-3,2.3799999,
,,,535.000026226E-3,2.3399999,
,,,536.000013351E-3,2.3199999,
,,,537.000000477E-3,2.3399999,
,,,538.000047207E-3,2.3399999,
,,,539.000034332E-3,2.3399999,
,,,540.000021458E-3,2.3199999,
,,,541.000008583E-3,2.3399999,
,,,542.000055313E-3,2.3199999,
,,,543.000042439E-3,2.3199999,
,,,544.000029564E-3,2.2600000,
,,,545.000016689E-3,2.2400000,
,,,546.000003815E-3,2.2000000,
,,,547.000050545E-3,2.2000000,
,,,548.000037670E-3,2.1800001,
,,,549.000024796E-3,2.1599998,
,,,550.000011921E-3,2.1599998,
,,,550.999999046E-3,2.1199999,
,,,552.000045776E-3,2.1399999,
,,,553.000032902E-3,2.1199999,
,,,554.000020027E-3,2.1199999,
,,,555.000007153E-3,2.0999999,
,,,556.000053883E-3,2.1199999,
,,,557.000041008E-3,2.0799999,
,,,558.000028133E-3,2.0799999,
,,,559.000015259E-3,2.0799999,
,,,560.000002384E-3,2.0400000,
,,,561.000049114E-3,2.0000000,
,,,562.000036240E-3,2.0000000,
,,,563.000023365E-3,1.9799999,
,,,564.000010490E-3,1.9599999,
,,,564.999997616E-3,1.9399999,
,,,566.000044346E-3,1.9399999,
,,,567.000031471E-3,1.9200000,
,,,568.000018597E-3,1.9200000,
,,,569.000005722E-3,1.9000000,
,,,570.000052452E-3,1.9000000,
,,,571.000039577E-3,1.8800000,
,,,572.000026703E-3,1.9000000,
,,,573.000013828E-3,1.9000000,
,,,574.000000954E-3,1.8800000,
,,,575.000047684E-3,1.8600000,
,,,576.000034809E-3,1.8199999,
,,,577.000021935E-3,1.8399999,
,,,578.000009060E-3,1.7800000,
,,,579.000055790E-3,1.7600000,
,,,580.000042915E-3,1.7400000,
,,,581.000030041E-3,1.7600000,
,,,582.000017166E-3,1.7400000,
,,,583.000004292E-3,1.7199999,
,,,584.000051022E-3,1.7199999,
,,,585.000038147E-3,1.6999999,
,,,586.000025272E-3,1.6799999,
,,,587.000012398E-3,1.6799999,
,,,587.999999523E-3,1.6799999,
,,,589.000046253E-3,1.6799999,
,,,590.000033379E-3,1.6799999,
,,,591.000020504E-3,1.6400000,
,,,592.000007629E-3,1.6200000,
,,,593.000054359E-3,1.5999999,
,,,594.000041485E-3,1.5999999,
,,,595.000028610E-3,1.5799999,
,,,596.000015736E-3,1.5599999,
,,,597.000002861E-3,1.5599999,
,,,598.000049591E-3,1.5200000,
,,,599.000036716E-3,1.5000000,
,,,600.000023842E-3,1.5200000,
,,,601.000010967E-3,1.5000000,
,,,602.000057697E-3,1.5200000,
,,,603.000044823E-3,1.5000000,
,,,604.000031948E-3,1.5000000,
,,,605.000019073E-3,1.5000000,
,,,606.000006199E-3,1.5000000,
,,,607.000052929E-3,1.4599999,
,,,608.000040054E-3,1.4599999,
,,,609.000027180E-3,1.4200000,
,,,610.000014305E-3,1.4000000,
,,,611.000001431E-3,1.3800000,
,,,612.000048161E-3,1.3800000,
,,,613.000035286E-3,1.3800000,
,,,614.000022411E-3,1.3600000,
,,,615.000009537E-3,1.3600000,
,,,616.000056267E-3,1.3600000,
,,,617.000043392E-3,1.3399999,
,,,618.000030518E-3,1.3399999,
,,,619.000017643E-3,1.3399999,
,,,620.000004768E-3,1.3399999,
,,,621.000051498E-3,1.3000000,
,,,622.000038624E-3,1.3000000,
,,,623.000025749E-3,1.3000000,
,,,624.000012875E-3,1.3000000,
,,,625.000000000E-3,1.2600000,
,,,626.000046730E-3,1.2800000,
,,,627.000033855E-3,1.2600000,
,,,628.000020981E-3,1.2400000,
,,,629.000008106E-3,1.2400000,
,,,630.000054836E-3,1.2400000,
,,,631.000041962E-3,1.2200000,
,,,632.000029087E-3,1.2400000,
,,,633.000016212E-3,1.1999999,
,,,634.000003338E-3,1.1999999,
,,,635.000050068E-3,1.1999999,
,,,636.000037193E-3,1.2200000,
,,,637.000024319E-3,1.1999999,
,,,638.000011444E-3,1.1999999,
,,,639.000058174E-3,1.1799999,
,,,640.000045300E-3,1.1400000,
,,,641.000032425E-3,1.1600000,
,,,642.000019550E-3,1.1400000,
,,,643.000006676E-3,1.1400000,
,,,644.000053406E-3,1.1200000,
,,,645.000040531E-3,1.1200000,
,,,646.000027657E-3,1.1400000,
,,,647.000014782E-3,1.1200000,
,,,648.000001907E-3,1.1200000,
,,,649.000048637E-3,1.1200000,
,,,650.000035763E-3,1.1200000,
,,,651.000022888E-3,1.1000000,
,,,652.000010014E-3,1.0799999,
,,,653.000056744E-3,1.1000000,
,,,654.000043869E-3,1.1000000,
,,,655.000030994E-3,1.0799999,
,,,656.000018120E-3,1.0799999,
,,,657.000005245E-3,1.0599999,
,,,658.000051975E-3,1.0599999,
,,,659.000039101E-3,1.0799999,
,,,660.000026226E-3,1.0599999,
,,,661.000013351E-3,1.0599999,
,,,662.000060081E-3,1.0599999,
,,,663.000047207E-3,1.0400000,
,,,664.000034332E-3,1.0599999,
,,,665.000021458E-3,1.0599999,
,,,666.000008583E-3,1.0400000,
,,,667.000055313E-3,1.0400000,
,,,668.000042439E-3,1.0400000,
,,,669.000029564E-3,1.0400000,
,,,670.000016689E-3,1.0400000,
,,,671.000003815E-3,1.0400000,
,,,672.000050545E-3,1.0400000,
,,,673.000037670E-3,1.0400000,
,,,674.000024796E-3,1.0200000,
,,,675.000011921E-3,1.0599999,
,,,676.000058651E-3,1.0400000,
,,,677.000045776E-3,1.0599999,
,,,678.000032902E-3,1.0400000,
,,,679.000020027E-3,1.0400000,
,,,680.000007153E-3,1.0400000,
,,,681.000053883E-3,1.0400000,
,,,682.000041008E-3,1.0400000,
,,,683.000028133E-3,1.0200000,
,,,684.000015259E-3,1.0200000,
,,,685.000061989E-3,1.0400000,
,,,686.000049114E-3,1.0400000,
,,,687.000036240E-3,1.0400000,
,,,688.000023365E-3,1.0400000,
,,,689.000010490E-3,1.0599999,
,,,690.000057220E-3,1.0599999,
,,,691.000044346E-3,1.0599999,
,,,692.000031471E-3,1.0599999,
,,,693.000018597E-3,1.0799999,
,,,694.000005722E-3,1.0799999,
,,,695.000052452E-3,1.0799999,
,,,696.000039577E-3,1.0799999,
,,,697.000026703E-3,1.0799999,
,,,698.000013828E-3,1.0799999,
,,,699.000060558E-3,1.0799999,
,,,700.000047684E-3,1.0799999,
,,,701.000034809E-3,1.0799999,
,,,702.000021935E-3,1.0799999,
,,,703.000009060E-3,1.0799999,
,,,704.000055790E-3,1.0799999,
,,,705.000042915E-3,1.1000000,
,,,706.000030041E-3,1.1200000,
,,,707.000017166E-3,1.1400000,
,,,708.000004292E-3,1.1400000,
,,,709.000051022E-3,1.1400000,
,,,710.000038147E-3,1.1400000,
,,,711.000025272E-3,1.1400000,
,,,712.000012398E-3,1.1600000,
,,,713.000059128E-3,1.1400000,
,,,714.000046253E-3,1.1600000,
,,,715.000033379E-3,1.1600000,
,,,716.000020504E-3,1.1400000,
,,,717.000007629E-3,1.1600000,
,,,718.000054359E-3,1.1400000,
,,,719.000041485E-3,1.1600000,
,,,720.000028610E-3,1.1999999,
,,,721.000015736E-3,1.1999999,
,,,722.000062466E-3,1.2200000,
,,,723.000049591E-3,1.2200000,
,,,724.000036716E-3,1.2200000,
,,,725.000023842E-3,1.2400000,
,,,726.000010967E-3,1.2600000,
,,,727.000057697E-3,1.2400000,
,,,728.000044823E-3,1.2400000,
,,,729.000031948E-3,1.2600000,
,,,730.000019073E-3,1.2600000,
,,,731.000006199E-3,1.2800000,
,,,732.000052929E-3,1.2600000,
,,,733.000040054E-3,1.2600000,
,,,734.000027180E-3,1.3000000,
,,,735.000014305E-3,1.3000000,
,,,736.000061035E-3,1.3199999,
,,,737.000048161E-3,1.3399999,
,,,738.000035286E-3,1.3399999,
,,,739.000022411E-3,1.3600000,
,,,740.000009537E-3,1.3800000,
,,,741.000056267E-3,1.3800000,
,,,742.000043392E-3,1.4000000,
,,,743.000030518E-3,1.4000000,
,,,744.000017643E-3,1.4399999,
,,,745.000064373E-3,1.4200000,
,,,746.000051498E-3,1.4399999,
,,,747.000038624E-3,1.4200000,
,,,748.000025749E-3,1.4399999,
,,,749.000012875E-3,1.4399999,
,,,750.000059605E-3,1.4399999,
,,,751.000046730E-3,1.4599999,
,,,752.000033855E-3,1.4800000,
,,,753.000020981E-3,1.4800000,
,,,754.000008106E-3,1.5400000,
,,,755.000054836E-3,1.5200000,
,,,756.000041962E-3,1.5400000,
,,,757.000029087E-3,1.5599999,
,,,758.000016212E-3,1.5599999,
,,,759.000062943E-3,1.5799999,
,,,760.000050068E-3,1.5799999,
,,,761.000037193E-3,1.5799999,
,,,762.000024319E-3,1.5799999,
,,,763.000011444E-3,1.5999999,
,,,764.000058174E-3,1.5999999,
,,,765.000045300E-3,1.6200000,
,,,766.000032425E-3,1.6200000,
,,,767.000019550E-3,1.6400000,
,,,768.000006676E-3,1.6600000,
,,,769.000053406E-3,1.6999999,
,,,770.000040531E-3,1.7199999,
,,,771.000027657E-3,1.7400000,
,,,772.000014782E-3,1.7600000,
,,,773.000061512E-3,1.7600000,
,,,774.000048637E-3,1.7600000,
,,,775.000035763E-3,1.7800000,
,,,776.000022888E-3,1.7800000,
,,,777.000010014E-3,1.8000000,
,,,778.000056744E-3,1.8000000,
,,,779.000043869E-3,1.8199999,
,,,780.000030994E-3,1.8000000,
,,,781.000018120E-3,1.8199999,
,,,782.000064850E-3,1.8199999,
,,,783.000051975E-3,1.8399999,
,,,784.000039101E-3,1.8800000,
,,,785.000026226E-3,1.9000000,
,,,786.000013351E-3,1.9000000,
,,,787.000060081E-3,1.9599999,
,,,788.000047207E-3,1.9799999,
,,,789.000034332E-3,1.9799999,
,,,790.000021458E-3,1.9799999,
,,,791.000008583E-3,1.9799999,
,,,792.000055313E-3,2.0000000,
,,,793.000042439E-3,2.0200000,
,,,794.000029564E-3,2.0400000,
,,,795.000016689E-3,2.0400000,
,,,796.000063419E-3,2.0400000,
,,,797.000050545E-3,2.0400000,
,,,798.000037670E-3,2.0400000,
,,,799.000024796E-3,2.0599999,
,,,800.000011921E-3,2.0999999,
,,,801.000058651E-3,2.1199999,
,,,802.000045776E-3,2.1599998,
,,,803.000032902E-3,2.1599998,
,,,804.000020027E-3,2.1800001,
,,,805.000066757E-3,2.2000000,
,,,806.000053883E-3,2.2000000,
,,,807.000041008E-3,2.2200000,
,,,808.000028133E-3,2.2200000,
,,,809.000015259E-3,2.2200000,
,,,810.000061989E-3,2.2400000,
,,,811.000049114E-3,2.2200000,
,,,812.000036240E-3,2.2600000,
,,,813.000023365E-3,2.2600000,
,,,814.000010490E-3,2.2600000,
,,,815.000057220E-3,2.2800000,
,,,816.000044346E-3,2.3000000,
,,,817.000031471E-3,2.3399999,
,,,818.000018597E-3,2.3399999,
,,,819.000065327E-3,2.3999999,
,,,820.000052452E-3,2.3999999,
,,,821.000039577E-3,2.3999999,
,,,822.000026703E-3,2.4199998,
,,,823.000013828E-3,2.4199998,
,,,824.000060558E-3,2.4199998,
,,,825.000047684E-3,2.4400001,
,,,826.000034809E-3,2.4600000,
,,,827.000021935E-3,2.4600000,
,,,828.000068665E-3,2.4600000,
,,,829.000055790E-3,2.4600000,
,,,830.000042915E-3,2.4800000,
,,,831.000030041E-3,2.4800000,
,,,832.000017166E-3,2.5000000,
,,,833.000063896E-3,2.5599999,
,,,834.000051022E-3,2.5400000,
,,,835.000038147E-3,2.5799999,
,,,836.000025272E-3,2.5799999,
,,,837.000012398E-3,2.5999999,
,,,838.000059128E-3,2.6199999,
,,,839.000046253E-3,2.5999999,
,,,840.000033379E-3,2.5999999,
,,,841.000020504E-3,2.6399999,
,,,842.000067234E-3,2.6399999,
,,,843.000054359E-3,2.6399999,
,,,844.000041485E-3,2.6399999,
,,,845.000028610E-3,2.6599998,
,,,846.000015736E-3,2.6599998,
,,,847.000062466E-3,2.6799998,
,,,848.000049591E-3,2.7000000,
,,,849.000036716E-3,2.72000003,
,,,850.000023842E-3,2.74000001,
,,,851.000010967E-3,2.75999999,
,,,852.000057697E-3,2.75999999,
,,,853.000044823E-3,2.77999997,
,,,854.000031948E-3,2.77999997,
,,,855.000019073E-3,2.79999995,
,,,856.000065804E-3,2.81999993,
,,,857.000052929E-3,2.79999995,
,,,858.000040054E-3,2.81999993,
,,,859.000027180E-3,2.81999993,
,,,860.000014305E-3,2.79999995,
,,,861.000061035E-3,2.81999993,
,,,862.000048161E-3,2.81999993,
,,,863.000035286E-3,2.81999993,
,,,864.000022411E-3,2.81999993,
,,,865.000069141E-3,2.87999988,
,,,866.000056267E-3,2.87999988,
,,,867.000043392E-3,2.89999986,
,,,868.000030518E-3,2.89999986,
,,,869.000017643E-3,2.89999986,
,,,870.000064373E-3,2.93999982,
,,,871.000051498E-3,2.93999982,
,,,872.000038624E-3,2.91999984,
,,,873.000025749E-3,2.91999984,
,,,874.000012875E-3,2.93999982,
,,,875.000059605E-3,2.93999982,
,,,876.000046730E-3,2.96000004,
,,,877.000033855E-3,2.96000004,
,,,878.000020981E-3,2.96000004,
,,,879.000067711E-3,2.96000004,
,,,880.000054836E-3,2.98000002,
,,,881.000041962E-3,2.98000002,
,,,882.000029087E-3,3.00000000,
,,,883.000016212E-3,3.01999998,
,,,884.000062943E-3,3.01999998,
,,,885.000050068E-3,3.01999998,
,,,886.000037193E-3,3.01999998,
,,,887.000024319E-3,3.01999998,
,,,888.000071049E-3,3.03999996,
,,,889.000058174E-3,3.05999994,
,,,890.000045300E-3,3.05999994,
,,,891.000032425E-3,3.03999996,
,,,892.000019550E-3,3.03999996,
,,,893.000066280E-3,3.03999996,
,,,894.000053406E-3,3.03999996,
,,,895.000040531E-3,3.03999996,
,,,896.000027657E-3,3.05999994,
,,,897.000014782E-3,3.07999992,
,,,898.000061512E-3,3.05999994,
,,,899.000048637E-3,3.07999992,
,,,900.000035763E-3,3.07999992,
,,,901.000022888E-3,3.07999992,
,,,902.000069618E-3,3.07999992,
,,,903.000056744E-3,3.09999990,
,,,904.000043869E-3,3.07999992,
,,,905.000030994E-3,3.05999994,
,,,906.000018120E-3,3.09999990,
,,,907.000064850E-3,3.07999992,
,,,908.000051975E-3,3.09999990,
,,,909.000039101E-3,3.09999990,
,,,910.000026226E-3,3.09999990,
,,,911.000072956E-3,3.11999989,
,,,912.000060081E-3,3.09999990,
,,,913.000047207E-3,3.09999990,
,,,914.000034332E-3,3.09999990,
,,,915.000021458E-3,3.09999990,
,,,916.000068188E-3,3.11999989,
,,,917.000055313E-3,3.11999989,
,,,918.000042439E-3,3.09999990,
,,,919.000029564E-3,3.07999992,
,,,920.000016689E-3,3.09999990,
,,,921.000063419E-3,3.09999990,
,,,922.000050545E-3,3.13999987,
,,,923.000037670E-3,3.11999989,
,,,924.000024796E-3,3.09999990,
,,,925.000071526E-3,3.09999990,
,,,926.000058651E-3,3.09999990,
,,,927.000045776E-3,3.09999990,
,,,928.000032902E-3,3.07999992,
,,,929.000020027E-3,3.07999992,
,,,930.000066757E-3,3.07999992,
,,,931.000053883E-3,3.09999990,
,,,932.000041008E-3,3.07999992,
,,,933.000028133E-3,3.07999992,
,,,934.000015259E-3,3.05999994,
,,,935.000061989E-3,3.07999992,
,,,936.000049114E-3,3.07999992,
,,,937.000036240E-3,3.05999994,
,,,938.000023365E-3,3.07999992,
,,,939.000070095E-3,3.03999996,
,,,940.000057220E-3,3.05999994,
,,,941.000044346E-3,3.05999994,
,,,942.000031471E-3,3.07999992,
,,,943.000018597E-3,3.05999994,
,,,944.000065327E-3,3.03999996,
,,,945.000052452E-3,3.05999994,
,,,946.000039577E-3,3.01999998,
,,,947.000026703E-3,3.01999998,
,,,948.000073433E-3,3.01999998,
,,,949.000060558E-3,3.01999998,
,,,950.000047684E-3,3.00000000,
,,,951.000034809E-3,2.98000002,
,,,952.000021935E-3,2.98000002,
,,,953.000068665E-3,2.98000002,
,,,954.000055790E-3,2.98000002,
,,,955.000042915E-3,2.98000002,
,,,956.000030041E-3,2.98000002,
,,,957.000017166E-3,2.98000002,
,,,958.000063896E-3,2.98000002,
,,,959.000051022E-3,2.96000004,
,,,960.000038147E-3,2.93999982,
,,,961.000025272E-3,2.93999982,
,,,962.000072002E-3,2.89999986,
,,,963.000059128E-3,2.89999986,
,,,964.000046253E-3,2.89999986,
,,,965.000033379E-3,2.89999986,
,,,966.000020504E-3,2.89999986,
,,,967.000067234E-3,2.85999990,
,,,968.000054359E-3,2.87999988,
,,,969.000041485E-3,2.83999991,
,,,970.000028610E-3,2.87999988,
,,,971.000075340E-3,2.85999990,
,,,972.000062466E-3,2.85999990,
,,,973.000049591E-3,2.85999990,
,,,974.000036716E-3,2.85999990,
,,,975.000023842E-3,2.83999991,
,,,976.000070572E-3,2.81999993,
,,,977.000057697E-3,2.79999995,
,,,978.000044823E-3,2.75999999,
,,,979.000031948E-3,2.77999997,
,,,980.000019073E-3,2.75999999,
,,,981.000065804E-3,2.72000003,
,,,982.000052929E-3,2.72000003,
,,,983.000040054E-3,2.72000003,
,,,984.000027180E-3,2.72000003,
,,,985.000073910E-3,2.72000003,
,,,986.000061035E-3,2.72000003,
,,,987.000048161E-3,2.7000000,
,,,988.000035286E-3,2.72000003,
,,,989.000022411E-3,2.7000000,
,,,990.000069141E-3,2.7000000,
,,,991.000056267E-3,2.6599998,
,,,992.000043392E-3,2.6599998,
,,,993.000030518E-3,2.6399999,
,,,994.000017643E-3,2.5999999,
,,,995.000064373E-3,2.5999999,
,,,996.000051498E-3,2.5799999,
,,,997.000038624E-3,2.5799999,
,,,998.000025749E-3,2.5599999,
,,,999.000072479E-3,2.5400000,
,,,1.000000,2.5599999,
,,,1.0010000,2.5400000,
,,,1.0020001,2.5200000,
,,,1.0030000,2.5200000,
,,,1.0040001,2.5200000,
,,,1.0050000,2.5400000,
,,,1.0060000,2.5000000,
,,,1.0070001,2.5000000,
,,,1.0080000,2.4400001,
,,,1.0090001,2.4600000,
,,,1.0100000,2.3999999,
,,,1.0110000,2.3999999,
,,,1.0120001,2.3799999,
,,,1.0130000,2.3599999,
,,,1.0140001,2.3599999,
,,,1.0150001,2.3599999,
,,,1.0160000,2.3399999,
,,,1.0170001,2.3199999,
,,,1.0180000,2.3399999,
,,,1.0190001,2.3000000,
,,,1.0200001,2.3399999,
,,,1.0210000,2.3199999,
,,,1.0220001,2.3000000,
,,,1.0230000,2.3000000,
,,,1.0240000,2.2800000,
,,,1.0250001,2.2400000,
,,,1.0260000,2.2000000,
,,,1.0270001,2.2000000,
,,,1.0280000,2.1800001,
,,,1.0290000,2.1599998,
,,,1.0300001,2.1599998,
,,,1.0310000,2.1399999,
,,,1.0320001,2.0999999,
,,,1.0330000,2.1199999,
,,,1.0340000,2.1199999,
,,,1.0350001,2.0999999,
,,,1.0360000,2.1199999,
,,,1.0370001,2.0999999,
,,,1.0380001,2.0999999,
,,,1.0390000,2.0799999,
,,,1.0400001,2.0599999,
,,,1.0410000,2.0400000,
,,,1.0420001,2.0200000,
,,,1.0430001,1.9799999,
,,,1.0440000,1.9599999,
,,,1.0450001,1.9799999,
,,,1.0460000,1.9200000,
,,,1.0470001,1.9399999,
,,,1.0480001,1.9000000,
,,,1.0490000,1.9000000,
,,,1.0500001,1.9000000,
,,,1.0510000,1.9000000,
,,,1.0520000,1.9000000,
,,,1.0530001,1.8800000,
,,,1.0540000,1.8800000,
,,,1.0550001,1.8600000,
,,,1.0560000,1.8199999,
,,,1.0570000,1.8199999,
,,,1.0580001,1.7800000,
,,,1.0590000,1.7800000,
,,,1.0600001,1.7600000,
,,,1.0610001,1.7600000,
,,,1.0620000,1.7400000,
,,,1.0630001,1.7400000,
,,,1.0640000,1.6999999,
,,,1.0650001,1.7199999,
,,,1.0660001,1.6799999,
,,,1.0670000,1.6799999,
,,,1.0680001,1.6799999,
,,,1.0690000,1.6799999,
,,,1.0700001,1.6600000,
,,,1.0710001,1.6600000,
,,,1.0720000,1.6200000,
,,,1.0730001,1.5999999,
,,,1.0740000,1.5999999,
,,,1.0750000,1.5799999,
,,,1.0760001,1.5599999,
,,,1.0770000,1.5599999,
,,,1.0780001,1.5400000,
,,,1.0790000,1.5200000,
,,,1.0800000,1.5200000,
,,,1.0810001,1.5200000,
,,,1.0820000,1.5200000,
,,,1.0830001,1.4800000,
,,,1.0840001,1.5000000,
,,,1.0850000,1.4800000,
,,,1.0860001,1.4800000,
,,,1.0870000,1.4599999,
,,,1.0880001,1.4599999,
,,,1.0890001,1.4200000,
,,,1.0900000,1.4000000,
,,,1.0910001,1.4000000,
,,,1.0920000,1.3800000,
,,,1.0930001,1.4000000,
,,,1.0940001,1.3800000,
,,,1.0950000,1.3600000,
,,,1.0960001,1.3600000,
,,,1.0970000,1.3399999,
,,,1.0980000,1.3199999,
,,,1.0990001,1.3199999,
,,,1.1000000,1.3199999,
,,,1.1010001,1.3199999,
,,,1.1020000,1.3199999,
,,,1.1030000,1.3000000,
,,,1.1040001,1.3000000,
,,,1.1050000,1.3000000,
,,,1.1060001,1.2600000,
,,,1.1070000,1.2400000,
,,,1.1080000,1.2400000,
,,,1.1090001,1.2400000,
,,,1.1100000,1.2400000,
,,,1.1110001,1.2200000,
,,,1.1120001,1.1999999,
,,,1.1130000,1.2200000,
,,,1.1140001,1.2200000,
,,,1.1150000,1.1799999,
,,,1.1160001,1.1999999,
,,,1.1170001,1.1799999,
,,,1.1180000,1.1999999,
,,,1.1190001,1.1799999,
,,,1.1200000,1.1600000,
,,,1.1210001,1.1600000,
,,,1.1220001,1.1400000,
,,,1.1230000,1.1400000,
,,,1.1240001,1.1400000,
,,,1.1250000,1.1400000,
,,,1.1260000,1.1400000,
,,,1.1270001,1.1200000,
,,,1.1280000,1.1200000,
,,,1.1290001,1.1200000,
,,,1.1300000,1.1200000,
,,,1.1310000,1.1000000,
,,,1.1320001,1.0799999,
,,,1.1330000,1.1000000,
,,,1.1340001,1.1000000,
,,,1.1350001,1.0799999,
,,,1.1360000,1.0799999,
,,,1.1370001,1.0799999,
,,,1.1380000,1.0599999,
,,,1.1390001,1.0799999,
,,,1.1400001,1.0799999,
,,,1.1410000,1.0599999,
,,,1.1420001,1.0599999,
,,,1.1430000,1.0599999,
,,,1.1440001,1.0400000,
,,,1.1450001,1.0400000,
,,,1.1460000,1.0599999,
,,,1.1470001,1.0400000,
,,,1.1480000,1.0599999,
,,,1.1490000,1.0200000,
,,,1.1500001,1.0599999,
,,,1.1510000,1.0400000,
,,,1.1520001,1.0400000,
,,,1.1530000,1.0599999,
,,,1.1540000,1.0400000,
,,,1.1550001,1.0400000,
,,,1.1560000,1.0200000,
,,,1.1570001,1.0400000,
,,,1.1580001,1.0400000,
,,,1.1590000,1.0400000,
,,,1.1600001,1.0400000,
,,,1.1610000,1.0599999,
,,,1.1620001,1.0400000,
,,,1.1630001,1.0200000,
,,,1.1640000,1.0400000,
,,,1.1650001,1.0200000,
,,,1.1660000,1.0400000,
,,,1.1670001,1.0400000,
,,,1.1680001,1.0400000,
,,,1.1690000,1.0599999,
,,,1.1700001,1.0400000,
,,,1.1710000,1.0599999,
,,,1.1720001,1.0599999,
,,,1.1730001,1.0400000,
,,,1.1740000,1.0599999,
,,,1.1750001,1.0599999,
,,,1.1760000,1.0599999,
,,,1.1770000,1.0799999,
,,,1.1780001,1.0799999,
,,,1.1790000,1.0599999,
,,,1.1800001,1.0599999,
,,,1.1810001,1.0799999,
,,,1.1820000,1.0599999,
,,,1.1830001,1.0799999,
,,,1.1840000,1.0799999,
,,,1.1850001,1.1000000,
,,,1.1860001,1.1200000,
,,,1.1870000,1.1200000,
,,,1.1880001,1.1200000,
,,,1.1890000,1.1400000,
,,,1.1900001,1.1400000,
,,,1.1910001,1.1400000,
,,,1.1920000,1.1400000,
,,,1.1930001,1.1400000,
,,,1.1940000,1.1400000,
,,,1.1950001,1.1400000,
,,,1.1960001,1.1600000,
,,,1.1970000,1.1600000,
,,,1.1980001,1.1600000,
,,,1.1990000,1.1999999,
,,,1.2000000,1.1999999,
,,,1.2010001,1.1999999,
,,,1.2020000,1.1999999,
,,,1.2030001,1.2200000,
,,,1.2040001,1.2400000,
,,,1.2050000,1.2200000,
,,,1.2060001,1.2400000,
,,,1.2070000,1.2600000,
,,,1.2080001,1.2400000,
,,,1.2090001,1.2600000,
,,,1.2100000,1.2600000,
,,,1.2110001,1.2600000,
,,,1.2120000,1.3000000,
,,,1.2130001,1.2600000,
,,,1.2140001,1.2600000,
,,,1.2150000,1.2800000,
,,,1.2160001,1.3199999,
,,,1.2170000,1.3399999,
,,,1.2180001,1.3600000,
,,,1.2190001,1.3800000,
,,,1.2200000,1.3600000,
,,,1.2210001,1.3800000,
,,,1.2220000,1.4000000,
,,,1.2230000,1.4000000,
,,,1.2240001,1.4000000,
,,,1.2250000,1.4000000,
,,,1.2260001,1.4000000,
,,,1.2270001,1.4200000,
,,,1.2280000,1.4399999,
,,,1.2290001,1.4399999,
,,,1.2300000,1.4399999,
,,,1.2310001,1.4399999,
,,,1.2320001,1.4800000,
,,,1.2330000,1.5000000,
,,,1.2340001,1.5200000,
,,,1.2350000,1.5200000,
,,,1.2360001,1.5599999,
,,,1.2370001,1.5599999,
,,,1.2380000,1.5799999,
,,,1.2390001,1.5599999,
,,,1.2400000,1.5799999,
,,,1.2410001,1.5999999,
,,,1.2420001,1.5999999,
,,,1.2430000,1.5999999,
,,,1.2440001,1.5999999,
,,,1.2450000,1.5999999,
,,,1.2460001,1.5999999,
,,,1.2470001,1.6400000,
,,,1.2480000,1.6600000,
,,,1.2490001,1.6999999,
,,,1.2500000,1.6999999,
,,,1.2510000,1.7400000,
,,,1.2520001,1.7400000,
,,,1.2530000,1.7600000,
,,,1.2540001,1.7600000,
,,,1.2550001,1.7800000,
,,,1.2560000,1.8000000,
,,,1.2570001,1.7800000,
,,,1.2580000,1.8000000,
,,,1.2590001,1.8000000,
,,,1.2600001,1.8199999,
,,,1.2610000,1.8199999,
,,,1.2620001,1.8199999,
,,,1.2630000,1.8399999,
,,,1.2640001,1.9000000,
,,,1.2650001,1.9000000,
,,,1.2660000,1.9200000,
,,,1.2670001,1.9399999,
,,,1.2680000,1.9599999,
,,,1.2690001,1.9799999,
,,,1.2700001,2.0000000,
,,,1.2710000,1.9799999,
,,,1.2720001,2.0000000,
,,,1.2730000,2.0200000,
,,,1.2740000,2.0200000,
,,,1.2750001,2.0400000,
,,,1.2760000,2.0400000,
,,,1.2770001,2.0400000,
,,,1.2780001,2.0400000,
,,,1.2790000,2.0599999,
,,,1.2800001,2.0999999,
,,,1.2810000,2.1199999,
,,,1.2820001,2.1399999,
,,,1.2830001,2.1599998,
,,,1.2840000,2.1800001,
,,,1.2850001,2.1800001,
,,,1.2860000,2.2000000,
,,,1.2870001,2.2200000,
,,,1.2880001,2.2400000,
,,,1.2890000,2.2600000,
,,,1.2900001,2.2400000,
,,,1.2910000,2.2200000,
,,,1.2920001,2.2400000,
,,,1.2930001,2.2400000,
,,,1.2940000,2.2600000,
,,,1.2950001,2.2800000,
,,,1.2960000,2.2800000,
,,,1.2970001,2.3399999,
,,,1.2980001,2.3399999,
,,,1.2990000,2.3799999,
,,,1.3000001,2.3799999,
,,,1.3010001,2.3999999,
,,,1.3020000,2.4199998,
,,,1.3030001,2.4199998,
,,,1.3040000,2.4199998,
,,,1.3050001,2.4600000,
,,,1.3060001,2.4600000,
,,,1.3070000,2.4600000,
,,,1.3080001,2.4600000,
,,,1.3090000,2.4400001,
,,,1.3100001,2.4600000,
,,,1.3110001,2.4800000,
,,,1.3120000,2.5200000,
,,,1.3130001,2.5599999,
,,,1.3140000,2.5599999,
,,,1.3150001,2.5799999,
,,,1.3160001,2.5599999,
,,,1.3170000,2.6199999,
,,,1.3180001,2.6199999,
,,,1.3190000,2.6399999,
,,,1.3200001,2.6399999,
,,,1.3210001,2.6399999,
,,,1.3220000,2.6399999,
,,,1.3230001,2.6399999,
,,,1.3240001,2.6599998,
,,,1.3250000,2.6399999,
,,,1.3260001,2.6599998,
,,,1.3270000,2.6799998,
,,,1.3280001,2.7000000,
,,,1.3290001,2.72000003,
,,,1.3300000,2.74000001,
,,,1.3310001,2.75999999,
,,,1.3320000,2.77999997,
,,,1.3330001,2.77999997,
,,,1.3340001,2.77999997,
,,,1.3350000,2.77999997,
,,,1.3360001,2.77999997,
,,,1.3370000,2.83999991,
,,,1.3380001,2.81999993,
,,,1.3390001,2.79999995,
,,,1.3400000,2.81999993,
,,,1.3410001,2.79999995,
,,,1.3420000,2.83999991,
,,,1.3430001,2.81999993,
,,,1.3440001,2.85999990,
,,,1.3450000,2.87999988,
,,,1.3460001,2.85999990,
,,,1.3470001,2.87999988,
,,,1.3480000,2.91999984,
,,,1.3490001,2.89999986,
,,,1.3500000,2.91999984,
,,,1.3510001,2.93999982,
,,,1.3520001,2.93999982,
,,,1.3530000,2.93999982,
,,,1.3540001,2.93999982,
,,,1.3550000,2.93999982,
,,,1.3560001,2.96000004,
,,,1.3570001,2.93999982,
,,,1.3580000,2.96000004,
,,,1.3590001,2.96000004,
,,,1.3600000,2.98000002,
,,,1.3610001,2.98000002,
,,,1.3620001,2.98000002,
,,,1.3630000,3.01999998,
,,,1.3640001,3.01999998,
,,,1.3650000,3.01999998,
,,,1.3660001,3.01999998,
,,,1.3670001,3.01999998,
,,,1.3680000,3.05999994,
,,,1.3690001,3.01999998,
,,,1.3700001,3.03999996,
,,,1.3710001,3.01999998,
,,,1.3720001,3.05999994,
,,,1.3730000,3.03999996,
,,,1.3740001,3.03999996,
,,,1.3750001,3.05999994,
,,,1.3760000,3.05999994,
,,,1.3770001,3.07999992,
,,,1.3780000,3.07999992,
,,,1.3790001,3.07999992,
,,,1.3800001,3.07999992,
,,,1.3810000,3.07999992,
,,,1.3820001,3.05999994,
,,,1.3830000,3.05999994,
,,,1.3840001,3.09999990,
,,,1.3850001,3.07999992,
,,,1.3860000,3.09999990,
,,,1.3870001,3.09999990,
,,,1.3880000,3.09999990,
,,,1.3890001,3.09999990,
,,,1.3900001,3.11999989,
,,,1.3910000,3.09999990,
,,,1.3920001,3.11999989,
,,,1.3930000,3.09999990,
,,,1.3940001,3.07999992,
,,,1.3950001,3.09999990,
,,,1.3960000,3.09999990,
,,,1.3970001,3.11999989,
,,,1.3980001,3.09999990,
,,,1.3990000,3.09999990,
,,,1.4000001,3.09999990,
,,,1.4010000,3.09999990,
,,,1.4020001,3.09999990,
,,,1.4030001,3.11999989,
,,,1.4040000,3.11999989,
,,,1.4050001,3.07999992,
,,,1.4060000,3.09999990,
,,,1.4070001,3.09999990,
,,,1.4080001,3.09999990,
,,,1.4090000,3.07999992,
,,,1.4100001,3.07999992,
,,,1.4110000,3.07999992,
,,,1.4120001,3.07999992,
,,,1.4130001,3.07999992,
,,,1.4140000,3.07999992,
,,,1.4150001,3.07999992,
,,,1.4160000,3.05999994,
,,,1.4170001,3.03999996,
,,,1.4180001,3.07999992,
,,,1.4190000,3.05999994,
,,,1.4200001,3.05999994,
,,,1.4210001,3.05999994,
,,,1.4220001,3.05999994,
,,,1.4230001,3.05999994,
,,,1.4240000,3.03999996,
,,,1.4250001,3.01999998,
,,,1.4260001,3.01999998,
,,,1.4270000,3.03999996,
,,,1.4280001,3.00000000,
,,,1.4290000,3.00000000,
,,,1.4300001,3.00000000,
,,,1.4310001,3.00000000,
,,,1.4320000,2.98000002,
,,,1.4330001,2.98000002,
,,,1.4340000,2.98000002,
,,,1.4350001,2.98000002,
,,,1.4360001,3.00000000,
,,,1.4370000,2.98000002,
,,,1.4380001,2.98000002,
,,,1.4390000,2.98000002,
,,,1.4400001,2.93999982,
,,,1.4410001,2.93999982,
,,,1.4420000,2.91999984,
,,,1.4430001,2.91999984,
,,,1.4440001,2.89999986,
,,,1.4450001,2.89999986,
,,,1.4460001,2.87999988,
,,,1.4470000,2.87999988,
,,,1.4480001,2.85999990,
,,,1.4490001,2.87999988,
,,,1.4500000,2.87999988,
,,,1.4510001,2.85999990,
,,,1.4520000,2.87999988,
,,,1.4530001,2.85999990,
,,,1.4540001,2.87999988,
,,,1.4550000,2.83999991,
,,,1.4560001,2.79999995,
,,,1.4570000,2.79999995,
,,,1.4580001,2.77999997,
,,,1.4590001,2.77999997,
,,,1.4600000,2.74000001,
,,,1.4610001,2.74000001,
,,,1.4620000,2.74000001,
,,,1.4630001,2.72000003,
,,,1.4640001,2.72000003,
,,,1.4650000,2.72000003,
,,,1.4660001,2.7000000,
,,,1.4670001,2.72000003,
,,,1.4680001,2.72000003,
,,,1.4690001,2.6799998,
,,,1.4700000,2.72000003,
,,,1.4710001,2.6799998,
,,,1.4720001,2.6399999,
,,,1.4730000,2.6599998,
,,,1.4740001,2.6199999,
,,,1.4750000,2.5999999,
,,,1.4760001,2.5799999,
,,,1.4770001,2.5799999,
,,,1.4780000,2.5599999,
,,,1.4790001,2.5599999,
,,,1.4800000,2.5599999,
,,,1.4810001,2.5599999,
,,,1.4820001,2.5400000,
,,,1.4830000,2.5200000,
,,,1.4840001,2.5200000,
,,,1.4850000,2.5200000,
,,,1.4860001,2.5200000,
,,,1.4870001,2.5000000,
,,,1.4880000,2.4800000,
,,,1.4890001,2.4400001,
,,,1.4900001,2.4199998,
,,,1.4910001,2.3999999,
,,,1.4920001,2.3799999,
,,,1.4930000,2.3799999,
,,,1.4940001,2.3599999,
,,,1.4950001,2.3399999,
,,,1.4960001,2.3399999,
,,,1.4970001,2.3399999,
,,,1.4980000,2.3199999,
,,,1.4990001,2.3199999,
,,,1.5000001,2.3199999,
,,,1.5010000,2.3199999,
,,,1.5020001,2.3199999,
,,,1.5030000,2.3000000,
,,,1.5040001,2.2600000,
,,,1.5050001,2.2400000,
,,,1.5060000,2.2200000,
,,,1.5070001,2.2000000,
,,,1.5080000,2.1800001,
,,,1.5090001,2.1800001,
,,,1.5100001,2.1599998,
,,,1.5110000,2.1599998,
,,,1.5120001,2.1199999,
,,,1.5130001,2.1199999,
,,,1.5140001,2.1199999,
,,,1.5150001,2.1199999,
,,,1.5160000,2.1199999,
,,,1.5170001,2.0799999,
,,,1.5180001,2.1199999,
,,,1.5190001,2.0799999,
,,,1.5200001,2.0400000,
,,,1.5210000,2.0400000,
,,,1.5220001,2.0000000,
,,,1.5230001,1.9799999,
,,,1.5240000,1.9799999,
,,,1.5250001,1.9399999,
,,,1.5260000,1.9200000,
,,,1.5270001,1.9399999,
,,,1.5280001,1.9000000,
,,,1.5290000,1.9000000,
,,,1.5300001,1.9000000,
,,,1.5310000,1.9000000,
,,,1.5320001,1.8800000,
,,,1.5330001,1.8800000,
,,,1.5340000,1.9000000,
,,,1.5350001,1.8600000,
,,,1.5360000,1.8399999,
,,,1.5370001,1.8000000,
,,,1.5380001,1.7800000,
,,,1.5390000,1.7600000,
,,,1.5400001,1.7600000,
,,,1.5410001,1.7600000,
,,,1.5420001,1.7199999,
,,,1.5430001,1.7199999,
,,,1.5440000,1.6999999,
,,,1.5450001,1.7199999,
,,,1.5460001,1.6799999,
,,,1.5470001,1.6999999,
,,,1.5480001,1.6799999,
,,,1.5490000,1.6799999,
,,,1.5500001,1.6799999,
,,,1.5510001,1.6400000,
,,,1.5520000,1.6400000,
,,,1.5530001,1.5999999,
,,,1.5540000,1.5799999,
,,,1.5550001,1.5799999,
,,,1.5560001,1.5400000,
,,,1.5570000,1.5599999,
,,,1.5580001,1.5200000,
,,,1.5590000,1.5200000,
,,,1.5600001,1.5200000,
,,,1.5610001,1.5000000,
,,,1.5620000,1.5000000,
,,,1.5630001,1.4800000,
,,,1.5640001,1.4800000,
,,,1.5650001,1.4800000,
,,,1.5660001,1.4800000,
,,,1.5670000,1.4800000,
,,,1.5680001,1.4399999,
,,,1.5690001,1.4200000,
,,,1.5700001,1.4200000,
,,,1.5710001,1.4000000,
,,,1.5720000,1.3800000,
,,,1.5730001,1.3600000,
,,,1.5740001,1.3600000,
,,,1.5750000,1.3800000,
,,,1.5760001,1.3600000,
,,,1.5770000,1.3600000,
,,,1.5780001,1.3600000,
,,,1.5790001,1.3600000,
,,,1.5800000,1.3199999,
,,,1.5810001,1.3199999,
,,,1.5820000,1.3199999,
,,,1.5830001,1.3000000,
,,,1.5840001,1.3000000,
,,,1.5850000,1.2600000,
,,,1.5860001,1.2600000,
,,,1.5870001,1.2400000,
,,,1.5880001,1.2400000,
,,,1.5890001,1.2400000,
,,,1.5900000,1.2400000,
,,,1.5910001,1.2400000,
,,,1.5920001,1.2200000,
,,,1.5930001,1.1999999,
,,,1.5940001,1.1999999,
,,,1.5950000,1.1999999,
,,,1.5960001,1.1999999,
,,,1.5970001,1.1799999,
,,,1.5980000,1.1999999,
,,,1.5990001,1.1799999,
,,,1.6000000,1.1600000,
,,,1.6010001,1.1600000,
,,,1.6020001,1.1600000,
,,,1.6030000,1.1400000,
,,,1.6040001,1.1400000,
,,,1.6050000,1.1000000,
,,,1.6060001,1.1200000,
,,,1.6070001,1.1200000,
,,,1.6080000,1.1200000,
,,,1.6090001,1.1200000,
,,,1.6100001,1.1000000,
,,,1.6110001,1.1000000,
,,,1.6120001,1.0799999,
,,,1.6130000,1.1000000,
,,,1.6140001,1.1000000,
,,,1.6150001,1.0799999,
,,,1.6160001,1.1000000,
,,,1.6170001,1.0599999,
,,,1.6180000,1.0799999,
,,,1.6190001,1.0400000,
,,,1.6200001,1.0599999,
,,,1.6210001,1.0400000,
,,,1.6220001,1.0400000,
,,,1.6230000,1.0599999,
,,,1.6240001,1.0400000,
,,,1.6250001,1.0400000,
,,,1.6260000,1.0599999,
,,,1.6270001,1.0599999,
,,,1.6280000,1.0599999,
,,,1.6290001,1.0400000,
,,,1.6300001,1.0599999,
,,,1.6310000,1.0400000,
,,,1.6320001,1.0400000,
,,,1.6330001,1.0400000,
,,,1.6340001,1.0599999,
,,,1.6350001,1.0400000,
,,,1.6360000,1.0200000,
,,,1.6370001,1.0400000,
,,,1.6380001,1.0400000,
,,,1.6390001,1.0200000,
,,,1.6400001,1.0400000,
,,,1.6410000,1.0400000,
,,,1.6420001,1.0599999,
,,,1.6430001,1.0400000,
,,,1.6440001,1.000000,
,,,1.6450001,1.0400000,
,,,1.6460000,1.0400000,
,,,1.6470001,1.0400000,
,,,1.6480001,1.0400000,
,,,1.6490000,1.0799999,
,,,1.6500001,1.0599999,
,,,1.6510000,1.0400000,
,,,1.6520001,1.0599999,
,,,1.6530001,1.0599999,
,,,1.6540000,1.0799999,
,,,1.6550001,1.0799999,
,,,1.6560001,1.0599999,
,,,1.6570001,1.0799999,
,,,1.6580001,1.0599999,
,,,1.6590000,1.0599999,
,,,1.6600001,1.0799999,
,,,1.6610001,1.0799999,
,,,1.6620001,1.0799999,
,,,1.6630001,1.0599999,
,,,1.6640000,1.1000000,
,,,1.6650001,1.1000000,
,,,1.6660001,1.1200000,
,,,1.6670001,1.1200000,
,,,1.6680001,1.1200000,
,,,1.6690000,1.1400000,
,,,1.6700001,1.1400000,
,,,1.6710001,1.1600000,
,,,1.6720001,1.1400000,
,,,1.6730001,1.1400000,
,,,1.6740000,1.1600000,
,,,1.6750001,1.1600000,
,,,1.6760001,1.1600000,
,,,1.6770000,1.1600000,
,,,1.6780001,1.1400000,
,,,1.6790001,1.1799999,
,,,1.6800001,1.1799999,
,,,1.6810001,1.1799999,
,,,1.6820000,1.2200000,
,,,1.6830001,1.2200000,
,,,1.6840001,1.2400000,
,,,1.6850001,1.2400000,
,,,1.6860001,1.2400000,
,,,1.6870000,1.2400000,
,,,1.6880001,1.2400000,
,,,1.6890001,1.2800000,
,,,1.6900001,1.2400000,
,,,1.6910001,1.2800000,
,,,1.6920000,1.2600000,
,,,1.6930001,1.2800000,
,,,1.6940001,1.2800000,
,,,1.6950001,1.2800000,
,,,1.6960001,1.3199999,
,,,1.6970000,1.3399999,
,,,1.6980001,1.3600000,
,,,1.6990001,1.3600000,
,,,1.7000000,1.3800000,
,,,1.7010001,1.3800000,
,,,1.7020000,1.3800000,
,,,1.7030001,1.3800000,
,,,1.7040001,1.4000000,
,,,1.7050000,1.4200000,
,,,1.7060001,1.4200000,
,,,1.7070001,1.4200000,
,,,1.7080001,1.4200000,
,,,1.7090001,1.4200000,
,,,1.7100000,1.4399999,
,,,1.7110001,1.4399999,
,,,1.7120001,1.4599999,
,,,1.7130001,1.5000000,
,,,1.7140001,1.5200000,
,,,1.7150000,1.5200000,
,,,1.7160001,1.5400000,
,,,1.7170001,1.5599999,
,,,1.7180001,1.5599999,
,,,1.7190001,1.5799999,
,,,1.7200000,1.5799999,
,,,1.7210001,1.5999999,
,,,1.7220001,1.5799999,
,,,1.7230000,1.5999999,
,,,1.7240001,1.6200000,
,,,1.7250000,1.5999999,
,,,1.7260001,1.6200000,
,,,1.7270001,1.6400000,
,,,1.7280000,1.6799999,
,,,1.7290001,1.6999999,
,,,1.7300001,1.6999999,
,,,1.7310001,1.7199999,
,,,1.7320001,1.7400000,
,,,1.7330000,1.7600000,
,,,1.7340001,1.7600000,
,,,1.7350001,1.8000000,
,,,1.7360001,1.8000000,
,,,1.7370001,1.8000000,
,,,1.7380000,1.8000000,
,,,1.7390001,1.8199999,
,,,1.7400001,1.8000000,
,,,1.7410001,1.8000000,
,,,1.7420001,1.8199999,
,,,1.7430000,1.8600000,
,,,1.7440001,1.8600000,
,,,1.7450001,1.9000000,
,,,1.7460001,1.9200000,
,,,1.7470001,1.9399999,
,,,1.7480000,1.9599999,
,,,1.7490001,1.9599999,
,,,1.7500001,1.9799999,
,,,1.7510000,2.0000000,
,,,1.7520001,2.0000000,
,,,1.7530001,2.0200000,
,,,1.7540001,2.0200000,
,,,1.7550001,2.0400000,
,,,1.7560000,2.0200000,
,,,1.7570001,2.0400000,
,,,1.7580001,2.0400000,
,,,1.7590001,2.0400000,
,,,1.7600001,2.0999999,
,,,1.7610000,2.1199999,
,,,1.7620001,2.1599998,
,,,1.7630001,2.1599998,
,,,1.7640001,2.1599998,
,,,1.7650001,2.1800001,
,,,1.7660000,2.2000000,
,,,1.7670001,2.2000000,
,,,1.7680001,2.2000000,
,,,1.7690001,2.2200000,
,,,1.7700001,2.2200000,
,,,1.7710000,2.2600000,
,,,1.7720001,2.2400000,
,,,1.7730001,2.2600000,
,,,1.7740000,2.2600000,
,,,1.7750001,2.2800000,
,,,1.7760001,2.2800000,
,,,1.7770001,2.3199999,
,,,1.7780001,2.3599999,
,,,1.7790000,2.3599999,
,,,1.7800001,2.3799999,
,,,1.7810001,2.4199998,
,,,1.7820001,2.4199998,
,,,1.7830001,2.4199998,
,,,1.7840000,2.4400001,
,,,1.7850001,2.4600000,
,,,1.7860001,2.4600000,
,,,1.7870001,2.4600000,
,,,1.7880001,2.4400001,
,,,1.7890000,2.4800000,
,,,1.7900001,2.4800000,
,,,1.7910001,2.4800000,
,,,1.7920001,2.5200000,
,,,1.7930001,2.5200000,
,,,1.7940000,2.5599999,
,,,1.7950001,2.5799999,
,,,1.7960001,2.5799999,
,,,1.7970001,2.5999999,
,,,1.7980001,2.5999999,
,,,1.7990001,2.6199999,
,,,1.8000001,2.6399999,
,,,1.8010001,2.6199999,
,,,1.8020000,2.6599998,
,,,1.8030001,2.6399999,
,,,1.8040001,2.6399999,
,,,1.8050001,2.6599998,
,,,1.8060001,2.6599998,
,,,1.8070000,2.6799998,
,,,1.8080001,2.7000000,
,,,1.8090001,2.72000003,
,,,1.8100001,2.74000001,
,,,1.8110001,2.75999999,
,,,1.8120000,2.77999997,
,,,1.8130001,2.77999997,
,,,1.8140001,2.77999997,
,,,1.8150001,2.77999997,
,,,1.8160001,2.77999997,
,,,1.8170000,2.79999995,
,,,1.8180001,2.79999995,
,,,1.8190001,2.81999993,
,,,1.8200001,2.81999993,
,,,1.8210001,2.81999993,
,,,1.8220001,2.83999991,
,,,1.8230001,2.83999991,
,,,1.8240001,2.85999990,
,,,1.8250000,2.85999990,
,,,1.8260001,2.87999988,
,,,1.8270001,2.89999986,
,,,1.8280001,2.89999986,
,,,1.8290001,2.91999984,
,,,1.8300000,2.91999984,
,,,1.8310001,2.93999982,
,,,1.8320001,2.93999982,
,,,1.8330001,2.93999982,
,,,1.8340001,2.93999982,
,,,1.8350000,2.96000004,
,,,1.8360001,2.93999982,
,,,1.8370001,2.96000004,
,,,1.8380001,2.96000004,
,,,1.8390001,2.96000004,
,,,1.8400000,2.98000002,
,,,1.8410001,3.00000000,
,,,1.8420001,3.00000000,
,,,1.8430001,3.01999998,
,,,1.8440001,3.01999998,
,,,1.8450000,3.01999998,
,,,1.8460001,3.01999998,
,,,1.8470001,3.03999996,
,,,1.8480000,3.03999996,
,,,1.8490001,3.05999994,
,,,1.8500001,3.01999998,
,,,1.8510001,3.03999996,
,,,1.8520001,3.03999996,
,,,1.8530000,3.03999996,
,,,1.8540001,3.05999994,
,,,1.8550001,3.03999996,
,,,1.8560001,3.05999994,
,,,1.8570001,3.05999994,
,,,1.8580000,3.05999994,
,,,1.8590001,3.07999992,
,,,1.8600001,3.07999992,
,,,1.8610001,3.07999992,
,,,1.8620001,3.09999990,
,,,1.8630000,3.07999992,
,,,1.8640001,3.07999992,
,,,1.8650001,3.09999990,
,,,1.8660001,3.07999992,
,,,1.8670001,3.09999990,
,,,1.8680000,3.09999990,
,,,1.8690001,3.07999992,
,,,1.8700001,3.09999990,
,,,1.8710001,3.09999990,
,,,1.8720001,3.09999990,
,,,1.8730001,3.09999990,
,,,1.8740001,3.09999990,
,,,1.8750001,3.09999990,
,,,1.8760000,3.11999989,
,,,1.8770001,3.09999990,
,,,1.8780001,3.09999990,
,,,1.8790001,3.07999992,
,,,1.8800001,3.07999992,
,,,1.8810000,3.09999990,
,,,1.8820001,3.09999990,
,,,1.8830001,3.09999990,
,,,1.8840001,3.09999990,
,,,1.8850001,3.11999989,
,,,1.8860000,3.09999990,
,,,1.8870001,3.07999992,
,,,1.8880001,3.09999990,
,,,1.8890001,3.11999989,
,,,1.8900001,3.07999992,
,,,1.8910000,3.07999992,
,,,1.8920001,3.05999994,
,,,1.8930001,3.07999992,
,,,1.8940001,3.05999994,
,,,1.8950001,3.07999992,
,,,1.8960001,3.07999992,
,,,1.8970001,3.07999992,
,,,1.8980001,3.05999994,
,,,1.8990000,3.07999992,
,,,1.9000001,3.03999996,
,,,1.9010001,3.05999994,
,,,1.9020001,3.07999992,
,,,1.9030001,3.05999994,
,,,1.9040000,3.01999998,
,,,1.9050001,3.03999996,
,,,1.9060001,3.01999998,
,,,1.9070001,3.01999998,
,,,1.9080001,3.01999998,
,,,1.9090000,3.00000000,
,,,1.9100001,3.00000000,
,,,1.9110001,2.98000002,
,,,1.9120001,2.98000002,
,,,1.9130001,3.01999998,
,,,1.9140000,3.00000000,
,,,1.9150001,2.96000004,
,,,1.9160001,2.98000002,
,,,1.9170001,2.98000002,
,,,1.9180001,3.00000000,
,,,1.9190001,2.98000002,
,,,1.9200001,2.96000004,
,,,1.9210001,2.93999982,
,,,1.9220001,2.91999984,
,,,1.9230001,2.89999986,
,,,1.9240001,2.89999986,
,,,1.9250001,2.89999986,
,,,1.9260001,2.87999988,
,,,1.9270000,2.87999988,
,,,1.9280001,2.85999990,
,,,1.9290001,2.87999988,
,,,1.9300001,2.85999990,
,,,1.9310001,2.85999990,
,,,1.9320000,2.85999990,
,,,1.9330001,2.87999988,
,,,1.9340001,2.85999990,
,,,1.9350001,2.83999991,
,,,1.9360001,2.81999993,
,,,1.9370000,2.77999997,
,,,1.9380001,2.77999997,
,,,1.9390001,2.75999999,
,,,1.9400001,2.77999997,
,,,1.9410001,2.74000001,
,,,1.9420002,2.74000001,
,,,1.9430001,2.74000001,
,,,1.9440001,2.72000003,
,,,1.9450001,2.7000000,
,,,1.9460001,2.7000000,
,,,1.9470001,2.72000003,
,,,1.9480001,2.72000003,
,,,1.9490001,2.7000000,
,,,1.9500000,2.7000000,
,,,1.9510001,2.6799998,
,,,1.9520001,2.6399999,
,,,1.9530001,2.6399999,
,,,1.9540001,2.5999999,
,,,1.9550000,2.5799999,
,,,1.9560001,2.5799999,
,,,1.9570001,2.5599999,
,,,1.9580001,2.5599999,
,,,1.9590001,2.5599999,
,,,1.9600000,2.5200000,
,,,1.9610001,2.5200000,
,,,1.9620001,2.5400000,
,,,1.9630001,2.5400000,
,,,1.9640001,2.5000000,
,,,1.9650002,2.5200000,
,,,1.9660001,2.5200000,
,,,1.9670001,2.5000000,
,,,1.9680001,2.4600000,
,,,1.9690001,2.4400001,
,,,1.9700001,2.4199998,
,,,1.9710001,2.4199998,
,,,1.9720001,2.3799999,
,,,1.9730000,2.3599999,
,,,1.9740001,2.3599999,
,,,1.9750001,2.3599999,
,,,1.9760001,2.3399999,
,,,1.9770001,2.3399999,
,,,1.9780000,2.3199999,
,,,1.9790001,2.3199999,
,,,1.9800001,2.3000000,
,,,1.9810001,2.3199999,
,,,1.9820001,2.3399999,
,,,1.9830000,2.2800000,
,,,1.9840001,2.2600000,
,,,1.9850001,2.2400000,
,,,1.9860001,2.2200000,
,,,1.9870001,2.2000000,
,,,1.9880000,2.1800001,
,,,1.9890001,2.1599998,
,,,1.9900001,2.1399999,
,,,1.9910001,2.1399999,
,,,1.9920001,2.1399999,
,,,1.9930001,2.1199999,
,,,1.9940001,2.1199999,
,,,1.9950001,2.1199999,
,,,1.9960001,2.0999999,
,,,1.9970001,2.0999999,
,,,1.9980001,2.0999999,
,,,1.9990001,2.0999999,
,,,2.0000000,2.0400000,
,,,2.0010002,2.0400000,
,,,2.0020001,2.0200000,
,,,2.0030000,1.9799999,
,,,2.0040002,1.9599999,
,,,2.0050001,1.9599999,
,,,2.0060000,1.9200000,
,,,2.0070002,1.9399999,
,,,2.0080001,1.9000000,
,,,2.0090001,1.9000000,
,,,2.0100000,1.9200000,
,,,2.0110002,1.9000000,
,,,2.0120001,1.9000000,
,,,2.0130000,1.9000000,
,,,2.0140002,1.8800000,
,,,2.0150001,1.8600000,
,,,2.0160000,1.8199999,
,,,2.0170002,1.8199999,
,,,2.0180001,1.7800000,
,,,2.0190001,1.7600000,
,,,2.0200000,1.7600000,
,,,2.0210001,1.7600000,
,,,2.0220001,1.7400000,
,,,2.0230000,1.7199999,
,,,2.0240002,1.6999999,
,,,2.0250001,1.7199999,
,,,2.0260000,1.6799999,
,,,2.0270002,1.6799999,
,,,2.0280001,1.6799999,
,,,2.0290000,1.6799999,
,,,2.0300002,1.6999999,
,,,2.0310001,1.6600000,
,,,2.0320001,1.6200000,
,,,2.0330000,1.5999999,
,,,2.0340002,1.5999999,
,,,2.0350001,1.5799999,
,,,2.0360000,1.5799999,
,,,2.0370002,1.5400000,
,,,2.0380001,1.5200000,
,,,2.0390000,1.5400000,
,,,2.0400002,1.5200000,
,,,2.0410001,1.5200000,
,,,2.0420001,1.5000000,
,,,2.0430000,1.5200000,
,,,2.0440001,1.4800000,
,,,2.0450001,1.4800000,
,,,2.0460000,1.4800000,
,,,2.0470002,1.4599999,
,,,2.0480001,1.4399999,
,,,2.0490000,1.4399999,
,,,2.0500002,1.4000000,
,,,2.0510001,1.3800000,
,,,2.0520000,1.4000000,
,,,2.0530002,1.4000000,
,,,2.0540001,1.3399999,
,,,2.0550001,1.3800000,
,,,2.0560000,1.3600000,
,,,2.0570002,1.3399999,
,,,2.0580001,1.3399999,
,,,2.0590000,1.3199999,
,,,2.0600002,1.3000000,
,,,2.0610001,1.3199999,
,,,2.0620000,1.3199999,
,,,2.0630002,1.3000000,
,,,2.0640001,1.3000000,
,,,2.0650001,1.2600000,
,,,2.0660000,1.2600000,
,,,2.0670002,1.2400000,
,,,2.0680001,1.2600000,
,,,2.0690000,1.2200000,
,,,2.0700002,1.2200000,
,,,2.0710001,1.2200000,
,,,2.0720000,1.1999999,
,,,2.0730002,1.2200000,
,,,2.0740001,1.1999999,
,,,2.0750000,1.1799999,
,,,2.0760002,1.1999999,
,,,2.0770001,1.1999999,
,,,2.0780001,1.1799999,
,,,2.0790000,1.1799999,
,,,2.0800002,1.1799999,
,,,2.0810001,1.1600000,
,,,2.0820000,1.1799999,
,,,2.0830002,1.1400000,
,,,2.0840001,1.1200000,
,,,2.0850000,1.1400000,
,,,2.0860002,1.1200000,
,,,2.0870001,1.1400000,
,,,2.0880001,1.1200000,
,,,2.0890000,1.1000000,
,,,2.0900002,1.1000000,
,,,2.0910001,1.1000000,
,,,2.0920000,1.0799999,
,,,2.0930002,1.1000000,
,,,2.0940001,1.0799999,
,,,2.0950000,1.1000000,
,,,2.0960002,1.0799999,
,,,2.0970001,1.0799999,
,,,2.0980000,1.0799999,
,,,2.0990002,1.0799999,
,,,2.1000001,1.0599999,
,,,2.1010001,1.0599999,
,,,2.1020000,1.0599999,
,,,2.1030002,1.0799999,
,,,2.1040001,1.0599999,
,,,2.1050000,1.0400000,
,,,2.1060002,1.0599999,
,,,2.1070001,1.0599999,
,,,2.1080000,1.0599999,
,,,2.1090002,1.0599999,
,,,2.1100001,1.0599999,
,,,2.1110001,1.0599999,
,,,2.1120000,1.0400000,
,,,2.1130002,1.0599999,
,,,2.1140001,1.0400000,
,,,2.1150000,1.0400000,
,,,2.1160002,1.0400000,
,,,2.1170001,1.0400000,
,,,2.1180000,1.0400000,
,,,2.1190002,1.0400000,
,,,2.1200001,1.0400000,
,,,2.1210001,1.0200000,
,,,2.1220002,1.0200000,
,,,2.1230001,1.0200000,
,,,2.1240001,1.0400000,
,,,2.1250000,1.0400000,
,,,2.1260002,1.0400000,
,,,2.1270001,1.0200000,
,,,2.1280000,1.0400000,
,,,2.1290002,1.0599999,
,,,2.1300001,1.0599999,
,,,2.1310000,1.0400000,
,,,2.1320002,1.0599999,
,,,2.1330001,1.0599999,
,,,2.1340001,1.0799999,
,,,2.1350000,1.0599999,
,,,2.1360002,1.0599999,
,,,2.1370001,1.0599999,
,,,2.1380000,1.0599999,
,,,2.1390002,1.0799999,
,,,2.1400001,1.0799999,
,,,2.1410000,1.0799999,
,,,2.1420002,1.0799999,
,,,2.1430001,1.1000000,
,,,2.1440001,1.1000000,
,,,2.1450002,1.1000000,
,,,2.1460001,1.1000000,
,,,2.1470001,1.1200000,
,,,2.1480000,1.1600000,
,,,2.1490002,1.1400000,
,,,2.1500001,1.1400000,
,,,2.1510000,1.1400000,
,,,2.1520002,1.1400000,
,,,2.1530001,1.1600000,
,,,2.1540000,1.1600000,
,,,2.1550002,1.1400000,
,,,2.1560001,1.1600000,
,,,2.1570001,1.1600000,
,,,2.1580000,1.1600000,
,,,2.1590002,1.1799999,
,,,2.1600001,1.1999999,
,,,2.1610000,1.1999999,
,,,2.1620002,1.2200000,
,,,2.1630001,1.2400000,
,,,2.1640000,1.2400000,
,,,2.1650002,1.2200000,
,,,2.1660001,1.2400000,
,,,2.1670001,1.2400000,
,,,2.1680002,1.2600000,
,,,2.1690001,1.2800000,
,,,2.1700001,1.2800000,
,,,2.1710000,1.2800000,
,,,2.1720002,1.2800000,
,,,2.1730001,1.2800000,
,,,2.1740000,1.2600000,
,,,2.1750002,1.3000000,
,,,2.1760001,1.3199999,
,,,2.1770000,1.3399999,
,,,2.1780002,1.3600000,
,,,2.1790001,1.3399999,
,,,2.1800001,1.3600000,
,,,2.1810000,1.3800000,
,,,2.1820002,1.3800000,
,,,2.1830001,1.4000000,
,,,2.1840000,1.4000000,
,,,2.1850002,1.4200000,
,,,2.1860001,1.4200000,
,,,2.1870000,1.4200000,
,,,2.1880002,1.4200000,
,,,2.1890001,1.4200000,
,,,2.1900001,1.4399999,
,,,2.1910002,1.4599999,
,,,2.1920002,1.4599999,
,,,2.1930001,1.4800000,
,,,2.1940000,1.5200000,
,,,2.1950002,1.5200000,
,,,2.1960001,1.5599999,
,,,2.1970000,1.5599999,
,,,2.1980002,1.5599999,
,,,2.1990001,1.5999999,
,,,2.2000000,1.5999999,
,,,2.2010002,1.5999999,
,,,2.2020001,1.6200000,
,,,2.2030001,1.5999999,
,,,2.2040000,1.5999999,
,,,2.2050002,1.6200000,
,,,2.2060001,1.6200000,
,,,2.2070000,1.6400000,
,,,2.2080002,1.6799999,
,,,2.2090001,1.6999999,
,,,2.2100000,1.6999999,
,,,2.2110002,1.7400000,
,,,2.2120001,1.7600000,
,,,2.2130001,1.7600000,
,,,2.2140000,1.7600000,
,,,2.2150002,1.7800000,
,,,2.2160001,1.7800000,
,,,2.2170000,1.8000000,
,,,2.2180002,1.8000000,
,,,2.2190001,1.8000000,
,,,2.2200000,1.8000000,
,,,2.2210002,1.8199999,
,,,2.2220001,1.8199999,
,,,2.2230000,1.8199999,
,,,2.2240002,1.8800000,
,,,2.2250001,1.9000000,
,,,2.2260001,1.9200000,
,,,2.2270000,1.9399999,
,,,2.2280002,1.9599999,
,,,2.2290001,1.9799999,
,,,2.2300000,1.9799999,
,,,2.2310002,2.0200000,
,,,2.2320001,2.0200000,
,,,2.2330000,2.0200000,
,,,2.2340002,2.0200000,
,,,2.2350001,2.0400000,
,,,2.2360001,2.0400000,
,,,2.2370000,2.0400000,
,,,2.2380002,2.0400000,
,,,2.2390001,2.0400000,
,,,2.2400000,2.0999999,
,,,2.2410002,2.1199999,
,,,2.2420001,2.1599998,
,,,2.2430000,2.1599998,
,,,2.2440002,2.1800001,
,,,2.2450001,2.2000000,
,,,2.2460001,2.1800001,
,,,2.2470002,2.2000000,
,,,2.2480001,2.2000000,
,,,2.2490001,2.2600000,
,,,2.2500000,2.2400000,
,,,2.2510002,2.2400000,
,,,2.2520001,2.2400000,
,,,2.2530000,2.2600000,
,,,2.2540002,2.2600000,
,,,2.2550001,2.2600000,
,,,2.2560000,2.3000000,
,,,2.2570002,2.3399999,
,,,2.2580001,2.3599999,
,,,2.2590001,2.3799999,
,,,2.2600000,2.3799999,
,,,2.2610002,2.3999999,
,,,2.2620001,2.3999999,
,,,2.2630000,2.4199998,
,,,2.2640002,2.4199998,
,,,2.2650001,2.4400001,
,,,2.2660000,2.4600000,
,,,2.2670002,2.4600000,
,,,2.2680001,2.4400001,
,,,2.2690001,2.4600000,
,,,2.2700002,2.4800000,
,,,2.2710001,2.5000000,
,,,2.2720001,2.5200000,
,,,2.2730000,2.5400000,
,,,2.2740002,2.5599999,
,,,2.2750001,2.5599999,
,,,2.2760000,2.5999999,
,,,2.2770002,2.5999999,
,,,2.2780001,2.5999999,
,,,2.2790000,2.6399999,
,,,2.2800002,2.6199999,
,,,2.2810001,2.6399999,
,,,2.2820001,2.6399999,
,,,2.2830000,2.6599998,
,,,2.2840002,2.6399999,
,,,2.2850001,2.6599998,
,,,2.2860000,2.6399999,
,,,2.2870002,2.6799998,
,,,2.2880001,2.7000000,
,,,2.2890000,2.7000000,
,,,2.2900002,2.74000001,
,,,2.2910001,2.74000001,
,,,2.2920001,2.75999999,
,,,2.2930002,2.77999997,
,,,2.2940001,2.77999997,
,,,2.2950001,2.79999995,
,,,2.2960000,2.77999997,
,,,2.2970002,2.81999993,
,,,2.2980001,2.79999995,
,,,2.2990000,2.81999993,
,,,2.3000002,2.79999995,
,,,2.3010001,2.83999991,
,,,2.3020000,2.83999991,
,,,2.3030002,2.83999991,
,,,2.3040001,2.85999990,
,,,2.3050001,2.87999988,
,,,2.3060000,2.89999986,
,,,2.3070002,2.87999988,
,,,2.3080001,2.91999984,
,,,2.3090000,2.89999986,
,,,2.3100002,2.91999984,
,,,2.3110001,2.93999982,
,,,2.3120000,2.93999982,
,,,2.3130002,2.93999982,
,,,2.3140001,2.93999982,
,,,2.3150001,2.96000004,
,,,2.3160002,2.93999982,
,,,2.3170002,2.93999982,
,,,2.3180001,2.93999982,
,,,2.3190000,2.96000004,
,,,2.3200002,3.00000000,
,,,2.3210001,2.98000002,
,,,2.3220000,3.01999998,
,,,2.3230002,3.00000000,
,,,2.3240001,3.01999998,
,,,2.3250000,3.01999998,
,,,2.3260002,3.01999998,
,,,2.3270001,3.01999998,
,,,2.3280001,3.03999996,
,,,2.3290000,3.05999994,
,,,2.3300002,3.03999996,
,,,2.3310001,3.03999996,
,,,2.3320000,3.03999996,
,,,2.3330002,3.05999994,
,,,2.3340001,3.07999992,
,,,2.3350000,3.07999992,
,,,2.3360002,3.05999994,
,,,2.3370001,3.05999994,
,,,2.3380001,3.07999992,
,,,2.3390002,3.07999992,
,,,2.3400002,3.07999992,
,,,2.3410001,3.07999992,
,,,2.3420000,3.07999992,
,,,2.3430002,3.07999992,
,,,2.3440001,3.07999992,
,,,2.3450000,3.07999992,
,,,2.3460002,3.07999992,
,,,2.3470001,3.09999990,
,,,2.3480000,3.09999990,
,,,2.3490002,3.11999989,
,,,2.3500001,3.09999990,
,,,2.3510001,3.09999990,
,,,2.3520000,3.09999990,
,,,2.3530002,3.09999990,
,,,2.3540001,3.07999992,
,,,2.3550000,3.09999990,
,,,2.3560002,3.09999990,
,,,2.3570001,3.09999990,
,,,2.3580000,3.07999992,
,,,2.3590002,3.11999989,
,,,2.3600001,3.09999990,
,,,2.3610001,3.11999989,
,,,2.3620002,3.09999990,
,,,2.3630002,3.09999990,
,,,2.3640001,3.09999990,
,,,2.3650000,3.09999990,
,,,2.3660002,3.13999987,
,,,2.3670001,3.07999992,
,,,2.3680000,3.07999992,
,,,2.3690002,3.07999992,
,,,2.3700001,3.07999992,
,,,2.3710001,3.07999992,
,,,2.3720002,3.07999992,
,,,2.3730001,3.05999994,
,,,2.3740001,3.07999992,
,,,2.3750000,3.07999992,
,,,2.3760002,3.05999994,
,,,2.3770001,3.05999994,
,,,2.3780000,3.05999994,
,,,2.3790002,3.05999994,
,,,2.3800001,3.07999992,
,,,2.3810000,3.05999994,
,,,2.3820002,3.07999992,
,,,2.3830001,3.03999996,
,,,2.3840001,3.03999996,
,,,2.3850002,3.01999998,
,,,2.3860002,3.01999998,
,,,2.3870001,3.00000000,
,,,2.3880000,3.00000000,
,,,2.3890002,3.00000000,
,,,2.3900001,3.01999998,
,,,2.3910000,3.01999998,
,,,2.3920002,3.00000000,
,,,2.3930001,2.98000002,
,,,2.3940001,2.98000002,
,,,2.3950002,2.98000002,
,,,2.3960001,3.00000000,
,,,2.3970001,2.98000002,
,,,2.3980000,3.00000000,
,,,2.3990002,2.98000002,
,,,2.4000001,2.93999982,
,,,2.4010000,2.91999984,
,,,2.4020002,2.93999982,
,,,2.4030001,2.89999986,
,,,2.4040000,2.91999984,
,,,2.4050002,2.89999986,
,,,2.4060001,2.89999986,
,,,2.4070001,2.87999988,
,,,2.4080002,2.85999990,
,,,2.4090002,2.87999988,
,,,2.4100001,2.85999990,
,,,2.4110000,2.85999990,
,,,2.4120002,2.85999990,
,,,2.4130001,2.85999990,
,,,2.4140000,2.83999991,
,,,2.4150002,2.83999991,
,,,2.4160001,2.81999993,
,,,2.4170001,2.77999997,
,,,2.4180002,2.77999997,
,,,2.4190001,2.74000001,
,,,2.4200001,-479.999989271E-3,
,,,2.4210000,-479.999989271E-3,
,,,2.4220002,-479.999989271E-3,
,,,2.4230001,-479.999989271E-3,
,,,2.4240000,-479.999989271E-3,
,,,2.4250002,-479.999989271E-3,
,,,2.4260001,-479.999989271E-3,
,,,2.4270000,-479.999989271E-3,
,,,2.4280002,-479.999989271E-3,
,,,2.4290001,-479.999989271E-3,
,,,2.4300001,-479.999989271E-3,
,,,2.4310002,-479.999989271E-3,
,,,2.4320002,-479.999989271E-3,
,,,2.4330001,-479.999989271E-3,
,,,2.4340000,-479.999989271E-3,
,,,2.4350002,-479.999989271E-3,
,,,2.4360001,-479.999989271E-3,
,,,2.4370000,-479.999989271E-3,
,,,2.4380002,-479.999989271E-3,
,,,2.4390001,-479.999989271E-3,
,,,2.4400001,-479.999989271E-3,
,,,2.4410002,-479.999989271E-3,
,,,2.4420002,-479.999989271E-3,
,,,2.4430001,-479.999989271E-3,
,,,2.4440000,-479.999989271E-3,
,,,2.4450002,-479.999989271E-3,
,,,2.4460001,-479.999989271E-3,
,,,2.4470000,-479.999989271E-3,
,,,2.4480002,-479.999989271E-3,
,,,2.4490001,-479.999989271E-3,
,,,2.4500000,-479.999989271E-3,
,,,2.4510002,-479.999989271E-3,
,,,2.4520001,-479.999989271E-3,
,,,2.4530001,-479.999989271E-3,
,,,2.4540002,-479.999989271E-3,
,,,2.4550002,-479.999989271E-3,
,,,2.4560001,-479.999989271E-3,
,,,2.4570000,-479.999989271E-3,
,,,2.4580002,-479.999989271E-3,
,,,2.4590001,-479.999989271E-3,
,,,2.4600000,-479.999989271E-3,
,,,2.4610002,-479.999989271E-3,
,,,2.4620001,-479.999989271E-3,
,,,2.4630001,-479.999989271E-3,
,,,2.4640002,-479.999989271E-3,
,,,2.4650002,-479.999989271E-3,
,,,2.4660001,-479.999989271E-3,
,,,2.4670000,-479.999989271E-3,
,,,2.4680002,-479.999989271E-3,
,,,2.4690001,-479.999989271E-3,
,,,2.4700000,-479.999989271E-3,
,,,2.4710002,-479.999989271E-3,
,,,2.4720001,-479.999989271E-3,
,,,2.4730000,-479.999989271E-3,
,,,2.4740002,-479.999989271E-3,
,,,2.4750001,-479.999989271E-3,
,,,2.4760001,-479.999989271E-3,
,,,2.4770002,-479.999989271E-3,
,,,2.4780002,-479.999989271E-3,
,,,2.4790001,-479.999989271E-3,
,,,2.4800000,-479.999989271E-3,
,,,2.4810002,-479.999989271E-3,
,,,2.4820001,-479.999989271E-3,
,,,2.4830000,-479.999989271E-3,
,,,2.4840002,-479.999989271E-3,
,,,2.4850001,-479.999989271E-3,
,,,2.4860001,-479.999989271E-3,
,,,2.4870002,-479.999989271E-3,
,,,2.4880002,-479.999989271E-3,
,,,2.4890001,-479.999989271E-3,
,,,2.4900000,-479.999989271E-3,
,,,2.4910002,-479.999989271E-3,
,,,2.4920001,-479.999989271E-3,
,,,2.4930000,-479.999989271E-3,
,,,2.4940002,-479.999989271E-3,
,,,2.4950001,-479.999989271E-3,
,,,2.4960001,-479.999989271E-3,
,,,2.4970002,-479.999989271E-3,
,,,2.4980001,-479.999989271E-3,
,,,2.4990001,-479.999989271E-3,
