-0.024980000000000002,0.012,-0.64
-0.024960000000000003,0.0152,-0.6
-0.024940000000000004,0.0128,-0.6
-0.024920000000000005,0.013600000000000001,-0.6
-0.024900000000000005,0.02,-0.56
-0.024880000000000006,0.0152,-0.52
-0.024860000000000007,0.012,-0.48
-0.024840000000000008,0.0184,-0.4
-0.02482000000000001,0.010400000000000001,-0.36
-0.02480000000000001,0.012,-0.36
-0.02478000000000001,0.012,-0.24
-0.02476000000000001,0.016800000000000002,-0.2
-0.024740000000000012,0.0112,-0.08
-0.024720000000000013,0.0176,-0.04
-0.024700000000000014,0.012,0.04
-0.024680000000000014,0.0064,0.12
-0.024660000000000015,0.010400000000000001,0.2
-0.024640000000000016,0.009600000000000001,0.24
-0.024620000000000017,0.009600000000000001,0.32
-0.024600000000000018,0.0064,0.4
-0.02458000000000002,0.007200000000000001,0.44
-0.02456000000000002,0.008,0.52
-0.02454000000000002,0.0056,0.6
-0.02452000000000002,0.0048000000000000004,0.6
-0.024500000000000022,0.004,0.64
-0.024480000000000023,-0.0048000000000000004,0.64
-0.024460000000000023,-0.009600000000000001,0.68
-0.024440000000000024,-0.0024000000000000002,0.76
-0.024420000000000025,-0.010400000000000001,0.68
-0.024400000000000026,-0.0064,0.68
-0.024380000000000027,-0.0152,0.68
-0.024360000000000027,-0.014400000000000001,0.64
-0.02434000000000003,-0.0184,0.64
-0.02432000000000003,-0.010400000000000001,0.6
-0.02430000000000003,-0.014400000000000001,0.52
-0.02428000000000003,-0.0176,0.52
-0.02426000000000003,-0.014400000000000001,0.48
-0.024240000000000032,-0.02,0.44
-0.024220000000000033,-0.016,0.36
-0.024200000000000034,-0.02,0.28
-0.024180000000000035,-0.0176,0.2
-0.024160000000000036,-0.014400000000000001,0.16
-0.024140000000000036,-0.012,0.08
-0.024120000000000037,-0.0112,0.0
-0.024100000000000038,-0.010400000000000001,-0.08
-0.02408000000000004,-0.010400000000000001,-0.16
-0.02406000000000004,-0.0056,-0.24
-0.02404000000000004,-0.0032,-0.24
-0.02402000000000004,-0.0032,-0.36
-0.024000000000000042,-0.0016,-0.36
-0.023980000000000043,-0.0024000000000000002,-0.44
-0.023960000000000044,-0.004,-0.48
-0.023940000000000045,0.0056,-0.56
-0.023920000000000045,0.0064,-0.56
-0.023900000000000046,0.0048000000000000004,-0.64
-0.023880000000000047,0.008,-0.68
-0.023860000000000048,0.008,-0.64
-0.02384000000000005,0.016,-0.68
-0.02382000000000005,0.020800000000000003,-0.68
-0.02380000000000005,0.0088,-0.64
-0.02378000000000005,0.009600000000000001,-0.64
-0.023760000000000052,0.0176,-0.6
-0.023740000000000053,0.016800000000000002,-0.6
-0.023720000000000054,0.023200000000000002,-0.52
-0.023700000000000054,0.02,-0.52
-0.023680000000000055,0.019200000000000002,-0.48
-0.023660000000000056,0.014400000000000001,-0.4
-0.023640000000000057,0.014400000000000001,-0.36
-0.023620000000000058,0.02,-0.28
-0.02360000000000006,0.0184,-0.2
-0.02358000000000006,0.0184,-0.08
-0.02356000000000006,0.0184,-0.08
-0.02354000000000006,0.016,0.0
-0.02352000000000006,0.010400000000000001,0.08
-0.023500000000000063,0.0112,0.16
-0.023480000000000063,0.013600000000000001,0.24
-0.023460000000000064,0.0128,0.32
-0.023440000000000065,0.0128,0.4
-0.023420000000000066,0.0048000000000000004,0.44
-0.023400000000000067,0.0032,0.52
-0.023380000000000067,0.0048000000000000004,0.56
-0.023360000000000068,-0.008,0.6
-0.02334000000000007,-0.0048000000000000004,0.6
-0.02332000000000007,-0.0024000000000000002,0.6
-0.02330000000000007,-0.008,0.6
-0.02328000000000007,-0.0024000000000000002,0.68
-0.023260000000000072,-0.008,0.68
-0.023240000000000073,-0.0112,0.72
-0.023220000000000074,-0.0176,0.64
-0.023200000000000075,-0.0112,0.6
-0.023180000000000076,-0.014400000000000001,0.68
-0.023160000000000076,-0.010400000000000001,0.64
-0.023140000000000077,-0.008,0.6
-0.023120000000000078,-0.012,0.6
-0.02310000000000008,-0.0128,0.56
-0.02308000000000008,-0.0184,0.44
-0.02306000000000008,-0.014400000000000001,0.44
-0.02304000000000008,-0.008,0.32
-0.023020000000000082,-0.008,0.32
-0.023000000000000083,-0.0176,0.24
-0.022980000000000084,-0.013600000000000001,0.16
-0.022960000000000085,-0.0112,0.0
-0.022940000000000085,-0.014400000000000001,0.0
-0.022920000000000086,-0.004,-0.08
-0.022900000000000087,-0.0088,-0.16
-0.022880000000000088,-0.008,-0.24
-0.02286000000000009,-0.0056,-0.32
-0.02284000000000009,0.0,-0.36
-0.02282000000000009,-0.0024000000000000002,-0.44
-0.02280000000000009,0.0008,-0.56
-0.022780000000000092,0.0008,-0.52
-0.022760000000000093,-0.0008,-0.68
-0.022740000000000093,0.0016,-0.6
-0.022720000000000094,0.0064,-0.64
-0.022700000000000095,0.012,-0.64
-0.022680000000000096,0.009600000000000001,-0.64
-0.022660000000000097,0.0088,-0.64
-0.022640000000000098,0.012,-0.6
-0.0226200000000001,0.016,-0.64
-0.0226000000000001,0.012,-0.6
-0.0225800000000001,0.013600000000000001,-0.6
-0.0225600000000001,0.0112,-0.6
-0.0225400000000001,0.0128,-0.56
-0.022520000000000102,0.010400000000000001,-0.48
-0.022500000000000103,0.0128,-0.44
-0.022480000000000104,0.016,-0.4
-0.022460000000000105,0.0184,-0.32
-0.022440000000000106,0.0152,-0.28
-0.022420000000000107,0.009600000000000001,-0.24
-0.022400000000000107,0.016800000000000002,-0.2
-0.022380000000000108,0.010400000000000001,-0.08
-0.02236000000000011,0.020800000000000003,0.0
-0.02234000000000011,0.010400000000000001,0.08
-0.02232000000000011,0.009600000000000001,0.16
-0.02230000000000011,0.0112,0.2
-0.022280000000000112,0.008,0.32
-0.022260000000000113,0.0064,0.4
-0.022240000000000114,0.009600000000000001,0.44
-0.022220000000000115,0.0016,0.48
-0.022200000000000115,-0.0008,0.52
-0.022180000000000116,0.004,0.56
-0.022160000000000117,-0.0032,0.6
-0.022140000000000118,-0.0024000000000000002,0.6
-0.02212000000000012,-0.0032,0.68
-0.02210000000000012,-0.0064,0.68
-0.02208000000000012,-0.0048000000000000004,0.68
-0.02206000000000012,-0.009600000000000001,0.68
-0.022040000000000122,-0.0088,0.68
-0.022020000000000123,-0.009600000000000001,0.68
-0.022000000000000124,-0.009600000000000001,0.64
-0.021980000000000124,-0.0088,0.6
-0.021960000000000125,-0.0152,0.56
-0.021940000000000126,-0.012,0.52
-0.021920000000000127,-0.0128,0.44
-0.021900000000000128,-0.013600000000000001,0.4
-0.02188000000000013,-0.019200000000000002,0.4
-0.02186000000000013,-0.0176,0.28
-0.02184000000000013,-0.016,0.24
-0.02182000000000013,-0.0184,0.16
-0.021800000000000132,-0.0176,0.12
-0.021780000000000133,-0.008,0.04
-0.021760000000000133,-0.010400000000000001,-0.04
-0.021740000000000134,-0.0088,-0.12
-0.021720000000000135,-0.010400000000000001,-0.16
-0.021700000000000136,-0.0088,-0.24
-0.021680000000000137,-0.0024000000000000002,-0.28
-0.021660000000000137,-0.0048000000000000004,-0.4
-0.02164000000000014,-0.0056,-0.44
-0.02162000000000014,-0.007200000000000001,-0.48
-0.02160000000000014,0.0016,-0.52
-0.02158000000000014,0.0,-0.6
-0.02156000000000014,0.0056,-0.6
-0.021540000000000142,0.0048000000000000004,-0.64
-0.021520000000000143,0.0088,-0.64
-0.021500000000000144,0.004,-0.68
-0.021480000000000145,0.0064,-0.64
-0.021460000000000146,0.013600000000000001,-0.68
-0.021440000000000146,0.0128,-0.64
-0.021420000000000147,0.009600000000000001,-0.6
-0.021400000000000148,0.012,-0.6
-0.02138000000000015,0.0184,-0.56
-0.02136000000000015,0.0128,-0.52
-0.02134000000000015,0.0176,-0.44
-0.02132000000000015,0.0184,-0.4
-0.021300000000000152,0.0224,-0.4
-0.021280000000000153,0.013600000000000001,-0.32
-0.021260000000000154,0.019200000000000002,-0.28
-0.021240000000000155,0.0184,-0.2
-0.021220000000000155,0.016,-0.12
-0.021200000000000156,0.016,-0.04
-0.021180000000000157,0.013600000000000001,0.04
-0.021160000000000158,0.013600000000000001,0.08
-0.02114000000000016,0.0064,0.16
-0.02112000000000016,0.0048000000000000004,0.24
-0.02110000000000016,0.008,0.32
-0.02108000000000016,0.0056,0.4
-0.021060000000000162,0.0024000000000000002,0.44
-0.021040000000000163,0.0008,0.48
-0.021020000000000164,0.0032,0.52
-0.021000000000000164,0.0008,0.6
-0.020980000000000165,0.0008,0.6
-0.020960000000000166,-0.0048000000000000004,0.64
-0.020940000000000167,-0.008,0.64
-0.020920000000000168,-0.007200000000000001,0.68
-0.02090000000000017,-0.014400000000000001,0.68
-0.02088000000000017,-0.010400000000000001,0.64
-0.02086000000000017,-0.0056,0.72
-0.02084000000000017,-0.014400000000000001,0.64
-0.02082000000000017,-0.0152,0.6
-0.020800000000000173,-0.016,0.6
-0.020780000000000173,-0.008,0.56
-0.020760000000000174,-0.012,0.52
-0.020740000000000175,-0.012,0.44
-0.020720000000000176,-0.016800000000000002,0.4
-0.020700000000000177,-0.0152,0.36
-0.020680000000000177,-0.016800000000000002,0.28
-0.020660000000000178,-0.0176,0.24
-0.02064000000000018,-0.0112,0.16
-0.02062000000000018,-0.0112,0.12
-0.02060000000000018,-0.0112,0.04
-0.02058000000000018,-0.0128,-0.04
-0.020560000000000182,-0.010400000000000001,-0.08
-0.020540000000000183,-0.007200000000000001,-0.2
-0.020520000000000184,-0.008,-0.24
-0.020500000000000185,-0.0064,-0.32
-0.020480000000000186,-0.0024000000000000002,-0.4
-0.020460000000000186,-0.0056,-0.44
-0.020440000000000187,0.0,-0.48
-0.020420000000000188,-0.0008,-0.56
-0.02040000000000019,0.0024000000000000002,-0.6
-0.02038000000000019,0.0048000000000000004,-0.64
-0.02036000000000019,0.0016,-0.64
-0.02034000000000019,0.004,-0.64
-0.020320000000000192,0.0088,-0.64
-0.020300000000000193,0.0152,-0.64
-0.020280000000000194,0.013600000000000001,-0.68
-0.020260000000000195,0.009600000000000001,-0.64
-0.020240000000000195,0.010400000000000001,-0.6
-0.020220000000000196,0.009600000000000001,-0.6
-0.020200000000000197,0.009600000000000001,-0.56
-0.020180000000000198,0.02,-0.48
-0.0201600000000002,0.0176,-0.48
-0.0201400000000002,0.016,-0.4
-0.0201200000000002,0.016,-0.4
-0.0201000000000002,0.0184,-0.28
-0.020080000000000202,0.0216,-0.24
-0.020060000000000203,0.0216,-0.2
-0.020040000000000203,0.012,-0.12
-0.020020000000000204,0.009600000000000001,-0.08
-0.020000000000000205,0.0128,0.04
-0.019980000000000206,0.0176,0.08
-0.019960000000000207,0.013600000000000001,0.2
-0.019940000000000208,0.016800000000000002,0.28
-0.01992000000000021,0.0008,0.32
-0.01990000000000021,0.0064,0.4
-0.01988000000000021,0.0016,0.44
-0.01986000000000021,0.004,0.48
-0.01984000000000021,-0.0048000000000000004,0.52
-0.019820000000000212,-0.0048000000000000004,0.6
-0.019800000000000213,-0.0032,0.64
-0.019780000000000214,-0.0048000000000000004,0.68
-0.019760000000000215,-0.0024000000000000002,0.68
-0.019740000000000216,-0.0056,0.68
-0.019720000000000217,-0.0112,0.72
-0.019700000000000217,-0.008,0.68
-0.019680000000000218,-0.0176,0.64
-0.01966000000000022,-0.013600000000000001,0.64
-0.01964000000000022,-0.0128,0.64
-0.01962000000000022,-0.013600000000000001,0.6
-0.01960000000000022,-0.013600000000000001,0.56
-0.019580000000000222,-0.0184,0.52
-0.019560000000000223,-0.0184,0.48
-0.019540000000000224,-0.02,0.44
-0.019520000000000225,-0.014400000000000001,0.36
-0.019500000000000225,-0.012,0.28
-0.019480000000000226,-0.014400000000000001,0.24
-0.019460000000000227,-0.019200000000000002,0.12
-0.019440000000000228,-0.0152,0.08
-0.01942000000000023,-0.012,0.0
-0.01940000000000023,-0.010400000000000001,-0.08
-0.01938000000000023,-0.0112,-0.16
-0.01936000000000023,-0.0088,-0.24
-0.019340000000000232,-0.0056,-0.28
-0.019320000000000233,-0.008,-0.36
-0.019300000000000234,0.0,-0.4
-0.019280000000000234,0.0056,-0.48
-0.019260000000000235,0.0024000000000000002,-0.48
-0.019240000000000236,-0.0056,-0.56
-0.019220000000000237,0.004,-0.56
-0.019200000000000238,0.0016,-0.6
-0.01918000000000024,0.0064,-0.68
-0.01916000000000024,0.004,-0.64
-0.01914000000000024,0.009600000000000001,-0.68
-0.01912000000000024,0.009600000000000001,-0.68
-0.019100000000000242,0.007200000000000001,-0.64
-0.019080000000000243,0.0128,-0.64
-0.019060000000000243,0.016800000000000002,-0.6
-0.019040000000000244,0.0184,-0.56
-0.019020000000000245,0.014400000000000001,-0.52
-0.019000000000000246,0.016800000000000002,-0.52
-0.018980000000000247,0.014400000000000001,-0.48
-0.018960000000000247,0.016800000000000002,-0.44
-0.01894000000000025,0.0216,-0.36
-0.01892000000000025,0.02,-0.28
-0.01890000000000025,0.016,-0.24
-0.01888000000000025,0.0184,-0.16
-0.01886000000000025,0.007200000000000001,-0.08
-0.018840000000000252,0.0088,-0.04
-0.018820000000000253,0.014400000000000001,0.04
-0.018800000000000254,0.014400000000000001,0.16
-0.018780000000000255,0.0112,0.2
-0.018760000000000256,0.0008,0.28
-0.018740000000000256,0.0064,0.36
-0.018720000000000257,0.0064,0.36
-0.018700000000000258,0.0048000000000000004,0.48
-0.01868000000000026,-0.0032,0.52
-0.01866000000000026,-0.0024000000000000002,0.6
-0.01864000000000026,-0.0024000000000000002,0.6
-0.01862000000000026,-0.004,0.64
-0.018600000000000262,0.0056,0.68
-0.018580000000000263,-0.004,0.68
-0.018560000000000264,-0.007200000000000001,0.68
-0.018540000000000265,-0.0088,0.68
-0.018520000000000265,-0.0064,0.68
-0.018500000000000266,-0.0064,0.68
-0.018480000000000267,-0.014400000000000001,0.64
-0.018460000000000268,-0.014400000000000001,0.64
-0.01844000000000027,-0.0184,0.6
-0.01842000000000027,-0.02,0.56
-0.01840000000000027,-0.019200000000000002,0.52
-0.01838000000000027,-0.014400000000000001,0.44
-0.018360000000000272,-0.0152,0.4
-0.018340000000000273,-0.02,0.32
-0.018320000000000274,-0.010400000000000001,0.28
-0.018300000000000274,-0.014400000000000001,0.24
-0.018280000000000275,-0.0056,0.16
-0.018260000000000276,-0.0112,0.08
-0.018240000000000277,-0.013600000000000001,0.0
-0.018220000000000278,-0.009600000000000001,-0.08
-0.01820000000000028,-0.008,-0.16
-0.01818000000000028,-0.008,-0.24
-0.01816000000000028,-0.0056,-0.32
-0.01814000000000028,-0.0024000000000000002,-0.36
-0.01812000000000028,-0.0032,-0.4
-0.018100000000000283,-0.0016,-0.48
-0.018080000000000283,-0.0016,-0.56
-0.018060000000000284,-0.0016,-0.56
-0.018040000000000285,0.0032,-0.6
-0.018020000000000286,0.0056,-0.64
-0.018000000000000287,0.0056,-0.64
-0.017980000000000287,0.0088,-0.68
-0.017960000000000288,0.0064,-0.68
-0.01794000000000029,0.010400000000000001,-0.68
-0.01792000000000029,0.016800000000000002,-0.64
-0.01790000000000029,0.012,-0.68
-0.01788000000000029,0.013600000000000001,-0.64
-0.017860000000000292,0.0128,-0.56
-0.017840000000000293,0.014400000000000001,-0.56
-0.017820000000000294,0.016,-0.48
-0.017800000000000295,0.019200000000000002,-0.44
-0.017780000000000296,0.0152,-0.4
-0.017760000000000296,0.010400000000000001,-0.32
-0.017740000000000297,0.0112,-0.28
-0.017720000000000298,0.014400000000000001,-0.2
-0.0177000000000003,0.012,-0.12
-0.0176800000000003,0.0128,-0.08
-0.0176600000000003,0.009600000000000001,0.0
-0.0176400000000003,0.0048000000000000004,0.08
-0.017620000000000302,0.012,0.16
-0.017600000000000303,0.0128,0.24
-0.017580000000000304,0.0064,0.28
-0.017560000000000305,0.0016,0.36
-0.017540000000000305,0.0088,0.4
-0.017520000000000306,-0.0008,0.48
-0.017500000000000307,-0.0024000000000000002,0.52
-0.017480000000000308,-0.0056,0.56
-0.01746000000000031,0.0024000000000000002,0.6
-0.01744000000000031,-0.004,0.64
-0.01742000000000031,-0.0032,0.68
-0.01740000000000031,-0.009600000000000001,0.68
-0.017380000000000312,-0.0128,0.68
-0.017360000000000313,-0.0112,0.72
-0.017340000000000313,-0.0064,0.72
-0.017320000000000314,-0.0056,0.68
-0.017300000000000315,-0.016,0.64
-0.017280000000000316,-0.013600000000000001,0.64
-0.017260000000000317,-0.0176,0.6
-0.017240000000000318,-0.0176,0.52
-0.01722000000000032,-0.010400000000000001,0.52
-0.01720000000000032,-0.0176,0.44
-0.01718000000000032,-0.014400000000000001,0.36
-0.01716000000000032,-0.016800000000000002,0.32
-0.01714000000000032,-0.014400000000000001,0.24
-0.017120000000000322,-0.008,0.2
-0.017100000000000323,-0.009600000000000001,0.12
-0.017080000000000324,-0.016,0.04
-0.017060000000000325,-0.0216,-0.04
-0.017040000000000326,-0.007200000000000001,-0.12
-0.017020000000000327,-0.010400000000000001,-0.2
-0.017000000000000327,0.0008,-0.24
-0.016980000000000328,-0.0056,-0.32
-0.01696000000000033,-0.010400000000000001,-0.4
-0.01694000000000033,-0.0048000000000000004,-0.44
-0.01692000000000033,0.0008,-0.48
-0.01690000000000033,0.0064,-0.52
-0.016880000000000332,0.0064,-0.56
-0.016860000000000333,0.0024000000000000002,-0.6
-0.016840000000000334,0.0088,-0.64
-0.016820000000000335,0.0048000000000000004,-0.6
-0.016800000000000335,0.0088,-0.64
-0.016780000000000336,0.0112,-0.68
-0.016760000000000337,0.016,-0.64
-0.016740000000000338,0.013600000000000001,-0.6
-0.01672000000000034,0.0064,-0.64
-0.01670000000000034,0.0128,-0.6
-0.01668000000000034,0.0184,-0.56
-0.01666000000000034,0.0184,-0.56
-0.016640000000000342,0.02,-0.48
-0.016620000000000343,0.014400000000000001,-0.44
-0.016600000000000344,0.014400000000000001,-0.4
-0.016580000000000344,0.0128,-0.32
-0.016560000000000345,0.014400000000000001,-0.24
-0.016540000000000346,0.0176,-0.2
-0.016520000000000347,0.014400000000000001,-0.16
-0.016500000000000348,0.0128,-0.08
-0.01648000000000035,0.012,0.04
-0.01646000000000035,0.0128,0.08
-0.01644000000000035,0.012,0.2
-0.01642000000000035,0.0112,0.24
-0.016400000000000352,0.008,0.32
-0.016380000000000353,-0.0056,0.4
-0.016360000000000353,0.0048000000000000004,0.44
-0.016340000000000354,0.008,0.48
-0.016320000000000355,0.0088,0.52
-0.016300000000000356,-0.0032,0.6
-0.016280000000000357,-0.0032,0.6
-0.016260000000000358,-0.004,0.64
-0.01624000000000036,-0.0024000000000000002,0.68
-0.01622000000000036,-0.004,0.68
-0.01620000000000036,-0.0064,0.64
-0.01618000000000036,-0.0112,0.68
-0.01616000000000036,-0.0112,0.68
-0.016140000000000362,-0.009600000000000001,0.68
-0.016120000000000363,-0.0128,0.64
-0.016100000000000364,-0.0128,0.6
-0.016080000000000365,-0.02,0.56
-0.016060000000000366,-0.0176,0.56
-0.016040000000000366,-0.0176,0.48
-0.016020000000000367,-0.012,0.4
-0.016000000000000368,-0.010400000000000001,0.36
-0.01598000000000037,-0.014400000000000001,0.32
-0.01596000000000037,-0.012,0.24
-0.01594000000000037,-0.0152,0.08
-0.01592000000000037,-0.016,0.12
-0.015900000000000372,-0.014400000000000001,0.04
-0.015880000000000373,-0.0112,-0.04
-0.015860000000000374,-0.0088,-0.08
-0.015840000000000375,-0.0032,-0.2
-0.015820000000000375,-0.0008,-0.28
-0.015800000000000376,-0.0032,-0.32
-0.015780000000000377,-0.0088,-0.4
-0.015760000000000378,-0.0016,-0.44
-0.01574000000000038,0.0016,-0.48
-0.01572000000000038,0.0016,-0.52
-0.01570000000000038,0.0056,-0.52
-0.01568000000000038,0.004,-0.64
-0.015660000000000382,0.004,-0.64
-0.015640000000000383,0.0112,-0.68
-0.015620000000000384,0.009600000000000001,-0.68
-0.015600000000000384,0.0064,-0.72
-0.015580000000000385,0.0088,-0.68
-0.015560000000000386,0.010400000000000001,-0.68
-0.015540000000000387,0.0128,-0.64
-0.015520000000000388,0.0184,-0.68
-0.015500000000000388,0.0152,-0.56
-0.01548000000000039,0.0152,-0.56
-0.01546000000000039,0.023200000000000002,-0.56
-0.015440000000000391,0.0224,-0.44
-0.015420000000000392,0.0152,-0.4
-0.015400000000000393,0.0184,-0.32
-0.015380000000000393,0.0152,-0.24
-0.015360000000000394,0.013600000000000001,-0.16
-0.015340000000000395,0.02,-0.16
-0.015320000000000396,0.0112,-0.04
-0.015300000000000397,0.0128,0.04
-0.015280000000000397,0.012,0.08
-0.015260000000000398,0.0112,0.2
-0.015240000000000399,0.0048000000000000004,0.28
-0.0152200000000004,0.0088,0.32
-0.0152000000000004,0.004,0.36
-0.015180000000000402,0.0048000000000000004,0.44
-0.015160000000000402,0.004,0.44
-0.015140000000000403,-0.0016,0.56
-0.015120000000000404,-0.0024000000000000002,0.6
-0.015100000000000405,0.0008,0.64
-0.015080000000000406,0.0008,0.64
-0.015060000000000406,-0.004,0.68
-0.015040000000000407,-0.0056,0.72
-0.015020000000000408,-0.009600000000000001,0.68
-0.015000000000000409,-0.0112,0.72
-0.01498000000000041,-0.02,0.68
-0.01496000000000041,-0.007200000000000001,0.68
-0.014940000000000411,-0.012,0.64
-0.014920000000000412,-0.020800000000000003,0.64
-0.014900000000000413,-0.02,0.56
-0.014880000000000414,-0.0152,0.52
-0.014860000000000415,-0.010400000000000001,0.48
-0.014840000000000415,-0.012,0.4
-0.014820000000000416,-0.0176,0.4
-0.014800000000000417,-0.014400000000000001,0.28
-0.014780000000000418,-0.013600000000000001,0.24
-0.014760000000000419,-0.0176,0.16
-0.01474000000000042,-0.0128,0.08
-0.01472000000000042,-0.0064,0.0
-0.014700000000000421,-0.0112,-0.08
-0.014680000000000422,-0.008,-0.12
-0.014660000000000423,-0.010400000000000001,-0.16
-0.014640000000000424,-0.0128,-0.24
-0.014620000000000424,-0.0024000000000000002,-0.32
-0.014600000000000425,-0.0056,-0.4
-0.014580000000000426,-0.0032,-0.44
-0.014560000000000427,0.0008,-0.48
-0.014540000000000428,-0.0024000000000000002,-0.52
-0.014520000000000428,0.0016,-0.56
-0.01450000000000043,0.0064,-0.6
-0.01448000000000043,0.009600000000000001,-0.64
-0.01446000000000043,0.012,-0.64
-0.014440000000000432,0.0056,-0.64
-0.014420000000000432,0.013600000000000001,-0.64
-0.014400000000000433,0.0176,-0.64
-0.014380000000000434,0.0152,-0.64
-0.014360000000000435,0.0112,-0.64
-0.014340000000000436,0.016,-0.6
-0.014320000000000437,0.016,-0.56
-0.014300000000000437,0.013600000000000001,-0.52
-0.014280000000000438,0.016800000000000002,-0.52
-0.014260000000000439,0.0184,-0.4
-0.01424000000000044,0.010400000000000001,-0.32
-0.01422000000000044,0.009600000000000001,-0.32
-0.014200000000000441,0.014400000000000001,-0.24
-0.014180000000000442,0.0128,-0.16
-0.014160000000000443,0.0184,-0.12
-0.014140000000000444,0.009600000000000001,-0.04
-0.014120000000000445,0.0128,0.04
-0.014100000000000446,0.009600000000000001,0.12
-0.014080000000000446,0.016,0.24
-0.014060000000000447,0.009600000000000001,0.28
-0.014040000000000448,0.004,0.32
-0.014020000000000449,0.0088,0.44
-0.01400000000000045,0.0048000000000000004,0.48
-0.01398000000000045,-0.0024000000000000002,0.52
-0.013960000000000451,0.004,0.56
-0.013940000000000452,-0.0048000000000000004,0.6
-0.013920000000000453,-0.0056,0.64
-0.013900000000000454,-0.010400000000000001,0.64
-0.013880000000000454,-0.009600000000000001,0.64
-0.013860000000000455,-0.0048000000000000004,0.64
-0.013840000000000456,-0.0088,0.64
-0.013820000000000457,-0.009600000000000001,0.68
-0.013800000000000458,-0.014400000000000001,0.68
-0.013780000000000459,-0.013600000000000001,0.64
-0.01376000000000046,-0.0152,0.6
-0.01374000000000046,-0.016,0.6
-0.013720000000000461,-0.0112,0.52
-0.013700000000000462,-0.014400000000000001,0.52
-0.013680000000000463,-0.010400000000000001,0.44
-0.013660000000000463,-0.014400000000000001,0.4
-0.013640000000000464,-0.016,0.36
-0.013620000000000465,-0.0128,0.28
-0.013600000000000466,-0.010400000000000001,0.2
-0.013580000000000467,-0.0112,0.12
-0.013560000000000468,-0.012,0.08
-0.013540000000000468,-0.007200000000000001,0.04
-0.01352000000000047,-0.008,-0.08
-0.01350000000000047,-0.010400000000000001,-0.16
-0.01348000000000047,-0.007200000000000001,-0.24
-0.013460000000000472,-0.008,-0.32
-0.013440000000000472,-0.0064,-0.4
-0.013420000000000473,-0.0032,-0.44
-0.013400000000000474,-0.0008,-0.44
-0.013380000000000475,-0.0008,-0.48
-0.013360000000000476,0.004,-0.56
-0.013340000000000476,0.0024000000000000002,-0.6
-0.013320000000000477,0.0016,-0.6
-0.013300000000000478,0.0024000000000000002,-0.68
-0.013280000000000479,0.009600000000000001,-0.68
-0.01326000000000048,0.0128,-0.68
-0.01324000000000048,0.0112,-0.68
-0.013220000000000481,0.0064,-0.68
-0.013200000000000482,0.0128,-0.64
-0.013180000000000483,0.0128,-0.6
-0.013160000000000484,0.016800000000000002,-0.6
-0.013140000000000485,0.013600000000000001,-0.56
-0.013120000000000485,0.0184,-0.48
-0.013100000000000486,0.0176,-0.44
-0.013080000000000487,0.0128,-0.4
-0.013060000000000488,0.019200000000000002,-0.32
-0.013040000000000489,0.0184,-0.28
-0.01302000000000049,0.0112,-0.24
-0.01300000000000049,0.016,-0.16
-0.012980000000000491,0.0088,-0.08
-0.012960000000000492,0.0184,-0.04
-0.012940000000000493,0.0128,0.08
-0.012920000000000494,0.0112,0.12
-0.012900000000000494,0.013600000000000001,0.24
-0.012880000000000495,0.010400000000000001,0.28
-0.012860000000000496,0.008,0.36
-0.012840000000000497,0.009600000000000001,0.44
-0.012820000000000498,0.0064,0.52
-0.012800000000000498,0.0048000000000000004,0.56
-0.0127800000000005,-0.0024000000000000002,0.56
-0.0127600000000005,-0.0048000000000000004,0.64
-0.012740000000000501,-0.009600000000000001,0.6
-0.012720000000000502,-0.0024000000000000002,0.64
-0.012700000000000503,-0.0024000000000000002,0.68
-0.012680000000000503,-0.0024000000000000002,0.68
-0.012660000000000504,-0.0056,0.68
-0.012640000000000505,-0.0088,0.64
-0.012620000000000506,-0.013600000000000001,0.68
-0.012600000000000507,-0.013600000000000001,0.68
-0.012580000000000507,-0.009600000000000001,0.64
-0.012560000000000508,-0.014400000000000001,0.6
-0.012540000000000509,-0.0176,0.6
-0.01252000000000051,-0.014400000000000001,0.52
-0.01250000000000051,-0.016,0.48
-0.012480000000000512,-0.012,0.4
-0.012460000000000512,-0.0112,0.32
-0.012440000000000513,-0.0152,0.28
-0.012420000000000514,-0.0152,0.2
-0.012400000000000515,-0.0128,0.12
-0.012380000000000516,-0.0088,0.08
-0.012360000000000516,-0.008,-0.04
-0.012340000000000517,-0.007200000000000001,-0.08
-0.012320000000000518,-0.010400000000000001,-0.16
-0.012300000000000519,-0.0112,-0.24
-0.01228000000000052,-0.0128,-0.28
-0.01226000000000052,-0.010400000000000001,-0.36
-0.012240000000000521,-0.0064,-0.4
-0.012220000000000522,-0.007200000000000001,-0.48
-0.012200000000000523,0.0,-0.52
-0.012180000000000524,0.0064,-0.56
-0.012160000000000525,-0.0024000000000000002,-0.6
-0.012140000000000525,0.0016,-0.64
-0.012120000000000526,0.004,-0.68
-0.012100000000000527,0.004,-0.68
-0.012080000000000528,0.0112,-0.68
-0.012060000000000529,0.0112,-0.68
-0.01204000000000053,0.0152,-0.64
-0.01202000000000053,0.0128,-0.64
-0.012000000000000531,0.0128,-0.64
-0.011980000000000532,0.0184,-0.56
-0.011960000000000533,0.0152,-0.52
-0.011940000000000534,0.012,-0.48
-0.011920000000000534,0.016800000000000002,-0.44
-0.011900000000000535,0.019200000000000002,-0.4
-0.011880000000000536,0.0184,-0.32
-0.011860000000000537,0.013600000000000001,-0.24
-0.011840000000000538,0.013600000000000001,-0.2
-0.011820000000000538,0.016800000000000002,-0.12
-0.01180000000000054,0.013600000000000001,-0.04
-0.01178000000000054,0.010400000000000001,0.0
-0.01176000000000054,0.009600000000000001,0.08
-0.011740000000000542,0.012,0.16
-0.011720000000000542,0.0088,0.24
-0.011700000000000543,0.010400000000000001,0.28
-0.011680000000000544,0.010400000000000001,0.36
-0.011660000000000545,0.0064,0.4
-0.011640000000000546,0.0008,0.44
-0.011620000000000547,-0.0032,0.52
-0.011600000000000547,0.004,0.6
-0.011580000000000548,-0.009600000000000001,0.64
-0.011560000000000549,-0.0048000000000000004,0.64
-0.01154000000000055,-0.0056,0.68
-0.01152000000000055,-0.0064,0.68
-0.011500000000000551,-0.007200000000000001,0.68
-0.011480000000000552,-0.010400000000000001,0.72
-0.011460000000000553,-0.009600000000000001,0.68
-0.011440000000000554,-0.014400000000000001,0.64
-0.011420000000000555,-0.014400000000000001,0.64
-0.011400000000000556,-0.013600000000000001,0.6
-0.011380000000000556,-0.0112,0.6
-0.011360000000000557,-0.0184,0.56
-0.011340000000000558,-0.013600000000000001,0.52
-0.011320000000000559,-0.010400000000000001,0.44
-0.01130000000000056,-0.010400000000000001,0.32
-0.01128000000000056,-0.0128,0.28
-0.011260000000000561,-0.0176,0.24
-0.011240000000000562,-0.0256,0.16
-0.011220000000000563,-0.0112,0.12
-0.011200000000000564,-0.0152,0.04
-0.011180000000000564,-0.014400000000000001,-0.04
-0.011160000000000565,-0.014400000000000001,-0.12
-0.011140000000000566,-0.014400000000000001,-0.16
-0.011120000000000567,-0.0064,-0.28
-0.011100000000000568,-0.0064,-0.32
-0.011080000000000569,-0.004,-0.36
-0.01106000000000057,0.0,-0.44
-0.01104000000000057,-0.004,-0.48
-0.011020000000000571,0.0008,-0.52
-0.011000000000000572,0.008,-0.56
-0.010980000000000573,0.0128,-0.56
-0.010960000000000573,0.0064,-0.64
-0.010940000000000574,0.0056,-0.64
-0.010920000000000575,0.010400000000000001,-0.64
-0.010900000000000576,0.0112,-0.64
-0.010880000000000577,0.010400000000000001,-0.68
-0.010860000000000578,0.0128,-0.64
-0.010840000000000578,0.010400000000000001,-0.64
-0.01082000000000058,0.0176,-0.6
-0.01080000000000058,0.009600000000000001,-0.56
-0.01078000000000058,0.016800000000000002,-0.52
-0.010760000000000582,0.0128,-0.52
-0.010740000000000582,0.0128,-0.44
-0.010720000000000583,0.016,-0.4
-0.010700000000000584,0.0128,-0.32
-0.010680000000000585,0.0176,-0.28
-0.010660000000000586,0.019200000000000002,-0.16
-0.010640000000000586,0.014400000000000001,-0.12
-0.010620000000000587,0.0176,-0.04
-0.010600000000000588,0.0112,0.04
-0.010580000000000589,0.012,0.12
-0.01056000000000059,0.009600000000000001,0.2
-0.01054000000000059,0.0056,0.24
-0.010520000000000591,0.009600000000000001,0.32
-0.010500000000000592,0.008,0.4
-0.010480000000000593,0.004,0.44
-0.010460000000000594,-0.0008,0.52
-0.010440000000000595,0.0056,0.56
-0.010420000000000595,0.004,0.6
-0.010400000000000596,-0.0024000000000000002,0.64
-0.010380000000000597,-0.0064,0.64
-0.010360000000000598,-0.0048000000000000004,0.64
-0.010340000000000599,-0.0112,0.68
-0.0103200000000006,-0.0064,0.68
-0.0103000000000006,-0.008,0.64
-0.010280000000000601,-0.0088,0.64
-0.010260000000000602,-0.012,0.64
-0.010240000000000603,-0.016,0.64
-0.010220000000000604,-0.0176,0.6
-0.010200000000000604,-0.012,0.6
-0.010180000000000605,-0.0112,0.52
-0.010160000000000606,-0.0128,0.44
-0.010140000000000607,-0.016,0.44
-0.010120000000000608,-0.0216,0.4
-0.010100000000000608,-0.0128,0.32
-0.01008000000000061,-0.010400000000000001,0.24
-0.01006000000000061,-0.010400000000000001,0.16
-0.010040000000000611,-0.0176,0.08
-0.010020000000000612,-0.013600000000000001,0.04
-0.010000000000000613,-0.009600000000000001,-0.04
-0.009980000000000613,-0.0112,-0.12
-0.009960000000000614,-0.0056,-0.2
-0.009940000000000615,-0.004,-0.24
-0.009920000000000616,-0.0024000000000000002,-0.36
-0.009900000000000617,-0.0056,-0.4
-0.009880000000000617,-0.0008,-0.44
-0.009860000000000618,-0.0064,-0.48
-0.009840000000000619,0.008,-0.56
-0.00982000000000062,0.004,-0.56
-0.00980000000000062,0.0008,-0.6
-0.009780000000000622,0.0008,-0.64
-0.009760000000000622,0.0088,-0.64
-0.009740000000000623,0.0088,-0.64
-0.009720000000000624,0.012,-0.64
-0.009700000000000625,0.016,-0.64
-0.009680000000000626,0.010400000000000001,-0.64
-0.009660000000000626,0.0112,-0.64
-0.009640000000000627,0.016800000000000002,-0.56
-0.009620000000000628,0.016800000000000002,-0.56
-0.009600000000000629,0.0184,-0.52
-0.00958000000000063,0.012,-0.48
-0.00956000000000063,0.016800000000000002,-0.44
-0.009540000000000631,0.016800000000000002,-0.36
-0.009520000000000632,0.012,-0.32
-0.009500000000000633,0.0184,-0.24
-0.009480000000000634,0.016800000000000002,-0.2
-0.009460000000000635,0.0216,-0.12
-0.009440000000000635,0.009600000000000001,0.0
-0.009420000000000636,0.0112,0.08
-0.009400000000000637,0.0128,0.08
-0.009380000000000638,0.013600000000000001,0.2
-0.009360000000000639,0.007200000000000001,0.24
-0.00934000000000064,-0.0008,0.28
-0.00932000000000064,0.0048000000000000004,0.36
-0.009300000000000641,0.0056,0.44
-0.009280000000000642,-0.0056,0.52
-0.009260000000000643,0.0008,0.52
-0.009240000000000644,0.0032,0.6
-0.009220000000000644,0.0008,0.6
-0.009200000000000645,-0.0064,0.64
-0.009180000000000646,-0.0056,0.68
-0.009160000000000647,-0.0056,0.68
-0.009140000000000648,-0.0112,0.72
-0.009120000000000648,-0.012,0.72
-0.00910000000000065,-0.010400000000000001,0.72
-0.00908000000000065,-0.0112,0.68
-0.00906000000000065,-0.013600000000000001,0.64
-0.009040000000000652,-0.009600000000000001,0.64
-0.009020000000000652,-0.016800000000000002,0.6
-0.009000000000000653,-0.0176,0.52
-0.008980000000000654,-0.016,0.48
-0.008960000000000655,-0.02,0.4
-0.008940000000000656,-0.016800000000000002,0.32
-0.008920000000000657,-0.0112,0.28
-0.008900000000000657,-0.0176,0.24
-0.008880000000000658,-0.019200000000000002,0.12
-0.008860000000000659,-0.012,0.08
-0.00884000000000066,-0.016,0.0
-0.00882000000000066,-0.0064,-0.08
-0.008800000000000661,-0.010400000000000001,-0.24
-0.008780000000000662,-0.008,-0.2
-0.008760000000000663,-0.009600000000000001,-0.24
-0.008740000000000664,-0.0064,-0.32
-0.008720000000000665,-0.0032,-0.4
-0.008700000000000666,-0.0024000000000000002,-0.44
-0.008680000000000666,-0.0024000000000000002,-0.52
-0.008660000000000667,-0.0024000000000000002,-0.56
-0.008640000000000668,0.0024000000000000002,-0.6
-0.008620000000000669,0.009600000000000001,-0.64
-0.00860000000000067,0.0064,-0.64
-0.00858000000000067,0.0128,-0.64
-0.008560000000000671,0.0088,-0.68
-0.008540000000000672,0.009600000000000001,-0.68
-0.008520000000000673,0.007200000000000001,-0.64
-0.008500000000000674,0.0112,-0.68
-0.008480000000000674,0.0152,-0.6
-0.008460000000000675,0.016800000000000002,-0.6
-0.008440000000000676,0.0128,-0.52
-0.008420000000000677,0.009600000000000001,-0.48
-0.008400000000000678,0.0184,-0.48
-0.008380000000000679,0.0184,-0.4
-0.00836000000000068,0.0216,-0.36
-0.00834000000000068,0.013600000000000001,-0.32
-0.008320000000000681,0.0152,-0.24
-0.008300000000000682,0.016,-0.16
-0.008280000000000683,0.0128,-0.12
-0.008260000000000683,0.014400000000000001,0.0
-0.008240000000000684,0.020800000000000003,0.08
-0.008220000000000685,0.0088,0.16
-0.008200000000000686,0.008,0.2
-0.008180000000000687,0.007200000000000001,0.28
-0.008160000000000688,0.0088,0.36
-0.008140000000000688,0.009600000000000001,0.4
-0.00812000000000069,0.004,0.44
-0.00810000000000069,-0.0016,0.56
-0.00808000000000069,-0.004,0.6
-0.008060000000000692,-0.0056,0.56
-0.008040000000000692,0.0008,0.6
-0.008020000000000693,-0.0016,0.68
-0.008000000000000694,-0.016,0.64
-0.007980000000000695,-0.012,0.64
-0.007960000000000696,-0.009600000000000001,0.72
-0.007940000000000697,-0.008,0.72
-0.007920000000000697,-0.0112,0.72
-0.007900000000000698,-0.0088,0.64
-0.007880000000000699,-0.016,0.64
-0.0078600000000007,-0.0088,0.6
-0.0078400000000007,-0.014400000000000001,0.56
-0.007820000000000701,-0.02,0.48
-0.007800000000000702,-0.013600000000000001,0.36
-0.007780000000000703,-0.0128,0.44
-0.007760000000000704,-0.02,0.32
-0.007740000000000705,-0.0128,0.28
-0.0077200000000007055,-0.012,0.24
-0.007700000000000706,-0.008,0.2
-0.007680000000000707,-0.008,0.08
-0.007660000000000708,-0.008,0.04
-0.007640000000000709,-0.0064,-0.04
-0.0076200000000007095,-0.008,-0.16
-0.00760000000000071,-0.0088,-0.28
-0.007580000000000711,-0.0048000000000000004,-0.28
-0.007560000000000712,0.004,-0.32
-0.007540000000000713,-0.007200000000000001,-0.4
-0.007520000000000714,-0.007200000000000001,-0.44
-0.007500000000000714,-0.0024000000000000002,-0.6
-0.007480000000000715,0.0024000000000000002,-0.56
-0.007460000000000716,0.0112,-0.56
-0.007440000000000717,0.0064,-0.6
-0.007420000000000718,0.008,-0.68
-0.0074000000000007185,0.0064,-0.6
-0.007380000000000719,0.0056,-0.64
-0.00736000000000072,0.010400000000000001,-0.72
-0.007340000000000721,0.0152,-0.68
-0.007320000000000722,0.010400000000000001,-0.6
-0.007300000000000723,0.009600000000000001,-0.6
-0.007280000000000723,0.0216,-0.6
-0.007260000000000724,0.02,-0.56
-0.007240000000000725,0.02,-0.52
-0.007220000000000726,0.0184,-0.44
-0.007200000000000727,0.0184,-0.36
-0.0071800000000007275,0.019200000000000002,-0.32
-0.007160000000000728,0.0128,-0.28
-0.007140000000000729,0.0184,-0.2
-0.00712000000000073,0.019200000000000002,-0.12
-0.007100000000000731,0.016,-0.08
-0.0070800000000007315,0.0152,0.04
-0.007060000000000732,0.012,0.08
-0.007040000000000733,0.010400000000000001,0.16
-0.007020000000000734,0.0128,0.24
-0.007000000000000735,0.009600000000000001,0.32
-0.006980000000000736,0.004,0.32
-0.006960000000000736,0.0064,0.4
-0.006940000000000737,-0.0008,0.44
-0.006920000000000738,0.0008,0.48
-0.006900000000000739,0.0024000000000000002,0.56
-0.00688000000000074,0.0024000000000000002,0.6
-0.0068600000000007405,-0.0056,0.64
-0.006840000000000741,-0.0024000000000000002,0.64
-0.006820000000000742,-0.007200000000000001,0.68
-0.006800000000000743,-0.004,0.68
-0.006780000000000744,-0.008,0.72
-0.006760000000000745,-0.0064,0.68
-0.006740000000000745,-0.0112,0.68
-0.006720000000000746,-0.016,0.64
-0.006700000000000747,-0.016800000000000002,0.64
-0.006680000000000748,-0.0176,0.56
-0.006660000000000749,-0.010400000000000001,0.56
-0.0066400000000007495,-0.014400000000000001,0.48
-0.00662000000000075,-0.016800000000000002,0.4
-0.006600000000000751,-0.020800000000000003,0.4
-0.006580000000000752,-0.0112,0.36
-0.006560000000000753,-0.0152,0.28
-0.0065400000000007535,-0.014400000000000001,0.2
-0.006520000000000754,-0.014400000000000001,0.16
-0.006500000000000755,-0.016,0.04
-0.006480000000000756,-0.0056,0.0
-0.006460000000000757,-0.0088,-0.08
-0.006440000000000758,-0.008,-0.16
-0.006420000000000758,-0.008,-0.24
-0.006400000000000759,-0.0024000000000000002,-0.28
-0.00638000000000076,-0.0024000000000000002,-0.36
-0.006360000000000761,-0.0032,-0.4
-0.006340000000000762,-0.0024000000000000002,-0.44
-0.0063200000000007625,0.0008,-0.52
-0.006300000000000763,0.0,-0.56
-0.006280000000000764,0.0008,-0.64
-0.006260000000000765,0.0032,-0.6
-0.006240000000000766,0.0056,-0.6
-0.006220000000000767,0.0032,-0.68
-0.006200000000000767,0.0112,-0.64
-0.006180000000000768,0.009600000000000001,-0.72
-0.006160000000000769,0.0088,-0.64
-0.00614000000000077,0.014400000000000001,-0.64
-0.006120000000000771,0.0128,-0.6
-0.0061000000000007715,0.0128,-0.6
-0.006080000000000772,0.016,-0.52
-0.006060000000000773,0.020800000000000003,-0.52
-0.006040000000000774,0.0152,-0.44
-0.006020000000000775,0.016,-0.4
-0.0060000000000007755,0.0184,-0.32
-0.005980000000000776,0.024800000000000003,-0.24
-0.005960000000000777,0.0216,-0.16
-0.005940000000000778,0.0128,-0.12
-0.005920000000000779,0.0128,-0.04
-0.00590000000000078,0.013600000000000001,0.04
-0.0058800000000007804,0.0128,0.12
-0.005860000000000781,0.012,0.16
-0.005840000000000782,0.008,0.24
-0.005820000000000783,0.0064,0.28
-0.005800000000000784,0.0088,0.36
-0.0057800000000007845,0.0032,0.4
-0.005760000000000785,0.0064,0.52
-0.005740000000000786,0.0,0.56
-0.005720000000000787,0.0,0.56
-0.005700000000000788,0.0008,0.6
-0.005680000000000789,-0.0016,0.64
-0.005660000000000789,-0.0008,0.64
-0.00564000000000079,-0.008,0.68
-0.005620000000000791,-0.007200000000000001,0.68
-0.005600000000000792,-0.0112,0.68
-0.005580000000000793,-0.0088,0.64
-0.0055600000000007935,-0.0112,0.64
-0.005540000000000794,-0.014400000000000001,0.64
-0.005520000000000795,-0.010400000000000001,0.6
-0.005500000000000796,-0.012,0.56
-0.005480000000000797,-0.016800000000000002,0.56
-0.0054600000000007975,-0.0184,0.52
-0.005440000000000798,-0.016800000000000002,0.44
-0.005420000000000799,-0.010400000000000001,0.4
-0.0054000000000008,-0.014400000000000001,0.32
-0.005380000000000801,-0.0128,0.24
-0.005360000000000802,-0.013600000000000001,0.2
-0.0053400000000008024,-0.0112,0.16
-0.005320000000000803,-0.0112,0.0
-0.005300000000000804,-0.0056,-0.04
-0.005280000000000805,-0.008,-0.08
-0.005260000000000806,-0.008,-0.16
-0.0052400000000008065,-0.0056,-0.24
-0.005220000000000807,-0.0048000000000000004,-0.32
-0.005200000000000808,-0.004,-0.36
-0.005180000000000809,-0.0024000000000000002,-0.4
-0.00516000000000081,-0.0016,-0.48
-0.005140000000000811,-0.004,-0.56
-0.005120000000000811,-0.0008,-0.6
-0.005100000000000812,0.0008,-0.64
-0.005080000000000813,0.0064,-0.6
-0.005060000000000814,0.0112,-0.6
-0.005040000000000815,0.0088,-0.68
-0.0050200000000008155,0.009600000000000001,-0.64
-0.005000000000000816,0.013600000000000001,-0.64
-0.004980000000000817,0.009600000000000001,-0.64
-0.004960000000000818,0.010400000000000001,-0.68
-0.004940000000000819,0.0112,-0.6
-0.0049200000000008196,0.0152,-0.56
-0.00490000000000082,0.016,-0.52
-0.004880000000000821,0.0128,-0.44
-0.004860000000000822,0.020800000000000003,-0.44
-0.004840000000000823,0.020800000000000003,-0.4
-0.004820000000000824,0.0176,-0.32
-0.0048000000000008244,0.0152,-0.24
-0.004780000000000825,0.0152,-0.2
-0.004760000000000826,0.014400000000000001,-0.12
-0.004740000000000827,0.020800000000000003,-0.04
-0.004720000000000828,0.0152,0.04
-0.0047000000000008285,0.0088,0.12
-0.004680000000000829,0.012,0.2
-0.00466000000000083,0.009600000000000001,0.24
-0.004640000000000831,0.0048000000000000004,0.28
-0.004620000000000832,0.0064,0.36
-0.004600000000000833,0.0088,0.4
-0.004580000000000833,0.0016,0.48
-0.004560000000000834,-0.0024000000000000002,0.52
-0.004540000000000835,-0.0016,0.6
-0.004520000000000836,-0.0008,0.6
-0.004500000000000837,-0.0024000000000000002,0.64
-0.0044800000000008375,-0.0056,0.68
-0.004460000000000838,-0.013600000000000001,0.68
-0.004440000000000839,-0.012,0.68
-0.00442000000000084,-0.009600000000000001,0.68
-0.004400000000000841,-0.0064,0.68
-0.0043800000000008416,-0.0064,0.64
-0.004360000000000842,-0.0128,0.6
-0.004340000000000843,-0.02,0.64
-0.004320000000000844,-0.0176,0.56
-0.004300000000000845,-0.0224,0.56
-0.004280000000000846,-0.014400000000000001,0.44
-0.0042600000000008464,-0.0176,0.44
-0.004240000000000847,-0.0112,0.32
-0.004220000000000848,-0.0112,0.24
-0.004200000000000849,-0.0152,0.28
-0.00418000000000085,-0.010400000000000001,0.16
-0.0041600000000008505,-0.010400000000000001,0.08
-0.004140000000000851,-0.009600000000000001,0.04
-0.004120000000000852,-0.0128,-0.08
-0.004100000000000853,-0.0112,-0.12
-0.004080000000000854,-0.009600000000000001,-0.16
-0.004060000000000855,-0.0016,-0.24
-0.004040000000000855,-0.0064,-0.32
-0.004020000000000856,-0.0064,-0.36
-0.004000000000000857,-0.0016,-0.44
-0.003980000000000858,0.0016,-0.52
-0.003960000000000859,-0.0016,-0.56
-0.0039400000000008595,0.0,-0.56
-0.00392000000000086,0.004,-0.64
-0.003900000000000861,0.004,-0.64
-0.003880000000000862,0.004,-0.64
-0.0038600000000008627,0.0088,-0.68
-0.0038400000000008636,0.008,-0.68
-0.0038200000000008644,0.0128,-0.64
-0.003800000000000865,0.0128,-0.6
-0.003780000000000866,0.016,-0.64
-0.003760000000000867,0.0152,-0.6
-0.0037400000000008676,0.0128,-0.56
-0.0037200000000008684,0.0152,-0.52
-0.0037000000000008693,0.0184,-0.4
-0.00368000000000087,0.014400000000000001,-0.44
-0.003660000000000871,0.0088,-0.36
-0.0036400000000008717,0.009600000000000001,-0.28
-0.0036200000000008725,0.0152,-0.24
-0.0036000000000008733,0.010400000000000001,-0.2
-0.003580000000000874,0.014400000000000001,-0.08
-0.003560000000000875,0.009600000000000001,-0.04
-0.0035400000000008758,0.009600000000000001,0.04
-0.0035200000000008766,0.013600000000000001,0.16
-0.0035000000000008774,0.012,0.2
-0.0034800000000008782,0.0056,0.28
-0.003460000000000879,0.0064,0.32
-0.00344000000000088,0.007200000000000001,0.36
-0.0034200000000008807,0.0016,0.44
-0.0034000000000008815,0.004,0.52
-0.0033800000000008823,-0.0016,0.56
-0.003360000000000883,0.0008,0.6
-0.003340000000000884,-0.004,0.64
-0.0033200000000008847,-0.0056,0.64
-0.0033000000000008856,-0.0056,0.68
-0.0032800000000008864,-0.012,0.68
-0.003260000000000887,-0.010400000000000001,0.68
-0.003240000000000888,-0.009600000000000001,0.72
-0.003220000000000889,-0.012,0.68
-0.0032000000000008896,-0.019200000000000002,0.64
-0.0031800000000008904,-0.0152,0.64
-0.0031600000000008913,-0.014400000000000001,0.6
-0.003140000000000892,-0.0176,0.56
-0.003120000000000893,-0.0128,0.52
-0.0031000000000008937,-0.0216,0.44
-0.0030800000000008945,-0.016800000000000002,0.4
-0.0030600000000008953,-0.0176,0.36
-0.003040000000000896,-0.014400000000000001,0.28
-0.003020000000000897,-0.0112,0.24
-0.0030000000000008978,-0.0128,0.16
-0.0029800000000008986,-0.016800000000000002,0.08
-0.0029600000000008994,-0.0152,-0.04
-0.0029400000000009002,-0.012,-0.08
-0.002920000000000901,-0.0056,-0.16
-0.002900000000000902,-0.0088,-0.24
-0.0028800000000009027,-0.007200000000000001,-0.28
-0.0028600000000009035,-0.0048000000000000004,-0.36
-0.0028400000000009043,-0.0048000000000000004,-0.4
-0.002820000000000905,-0.004,-0.44
-0.002800000000000906,-0.0024000000000000002,-0.48
-0.0027800000000009067,0.0048000000000000004,-0.56
-0.0027600000000009076,0.0016,-0.56
-0.0027400000000009084,-0.004,-0.6
-0.002720000000000909,0.0064,-0.64
-0.00270000000000091,0.0152,-0.64
-0.002680000000000911,0.014400000000000001,-0.64
-0.0026600000000009116,0.013600000000000001,-0.68
-0.0026400000000009125,0.012,-0.64
-0.0026200000000009133,0.0152,-0.64
-0.002600000000000914,0.0184,-0.6
-0.002580000000000915,0.013600000000000001,-0.6
-0.0025600000000009157,0.0224,-0.56
-0.0025400000000009165,0.0184,-0.52
-0.0025200000000009173,0.0216,-0.44
-0.002500000000000918,0.0112,-0.4
-0.002480000000000919,0.016,-0.36
-0.00246000000000092,0.0184,-0.28
-0.0024400000000009206,0.0184,-0.16
-0.0024200000000009214,0.013600000000000001,-0.12
-0.0024000000000009222,0.014400000000000001,-0.08
-0.002380000000000923,0.009600000000000001,0.0
-0.002360000000000924,0.014400000000000001,0.08
-0.0023400000000009247,0.0152,0.16
-0.0023200000000009255,0.014400000000000001,0.24
-0.0023000000000009263,0.0064,0.28
-0.002280000000000927,0.004,0.32
-0.002260000000000928,0.0032,0.4
-0.0022400000000009287,0.0064,0.44
-0.0022200000000009296,0.0064,0.52
-0.0022000000000009304,-0.0024000000000000002,0.56
-0.002180000000000931,-0.0016,0.6
-0.002160000000000932,0.0008,0.6
-0.002140000000000933,-0.008,0.64
-0.0021200000000009336,-0.007200000000000001,0.64
-0.0021000000000009345,-0.0056,0.68
-0.0020800000000009353,-0.010400000000000001,0.68
-0.002060000000000936,-0.012,0.68
-0.002040000000000937,-0.014400000000000001,0.64
-0.0020200000000009377,-0.0112,0.64
-0.0020000000000009385,-0.010400000000000001,0.6
-0.0019800000000009393,-0.014400000000000001,0.6
-0.00196000000000094,-0.016,0.52
-0.001940000000000941,-0.009600000000000001,0.56
-0.0019200000000009418,-0.008,0.48
-0.0019000000000009426,-0.013600000000000001,0.4
-0.0018800000000009434,-0.012,0.32
-0.0018600000000009442,-0.016,0.28
-0.001840000000000945,-0.0176,0.24
-0.0018200000000009459,-0.0224,0.12
-0.0018000000000009467,-0.0112,0.08
-0.0017800000000009475,-0.009600000000000001,0.0
-0.0017600000000009483,-0.008,-0.08
-0.0017400000000009491,-0.0088,-0.12
-0.00172000000000095,-0.010400000000000001,-0.24
-0.0017000000000009508,-0.0032,-0.32
-0.0016800000000009516,-0.0024000000000000002,-0.36
-0.0016600000000009524,-0.0008,-0.4
-0.0016400000000009532,0.0008,-0.48
-0.001620000000000954,-0.0048000000000000004,-0.52
-0.0016000000000009548,-0.0024000000000000002,-0.52
-0.0015800000000009556,0.0024000000000000002,-0.56
-0.0015600000000009565,0.008,-0.64
-0.0015400000000009573,0.013600000000000001,-0.64
-0.001520000000000958,0.0088,-0.64
-0.001500000000000959,0.012,-0.64
-0.0014800000000009597,0.0128,-0.64
-0.0014600000000009605,0.0112,-0.64
-0.0014400000000009613,0.0184,-0.6
-0.0014200000000009622,0.020800000000000003,-0.6
-0.001400000000000963,0.012,-0.56
-0.0013800000000009638,0.0176,-0.52
-0.0013600000000009646,0.016,-0.44
-0.0013400000000009654,0.0216,-0.44
-0.0013200000000009662,0.020800000000000003,-0.4
-0.001300000000000967,0.019200000000000002,-0.32
-0.0012800000000009679,0.016,-0.28
-0.0012600000000009687,0.009600000000000001,-0.2
-0.0012400000000009695,0.016,-0.12
-0.0012200000000009703,0.013600000000000001,-0.08
-0.0012000000000009711,0.009600000000000001,0.0
-0.001180000000000972,0.009600000000000001,0.08
-0.0011600000000009728,0.010400000000000001,0.16
-0.0011400000000009736,0.008,0.24
-0.0011200000000009744,0.009600000000000001,0.32
-0.0011000000000009752,0.010400000000000001,0.36
-0.001080000000000976,0.007200000000000001,0.4
-0.0010600000000009768,0.0064,0.52
-0.0010400000000009776,0.0056,0.56
-0.0010200000000009785,-0.0008,0.56
-0.0010000000000009793,-0.0008,0.6
-0.00098000000000098,-0.008,0.68
-0.0009600000000009809,-0.010400000000000001,0.64
-0.0009400000000009817,-0.0088,0.72
-0.0009200000000009825,-0.007200000000000001,0.72
-0.0009000000000009833,-0.0128,0.72
-0.0008800000000009842,-0.008,0.68
-0.000860000000000985,-0.0064,0.68
-0.0008400000000009858,-0.013600000000000001,0.68
-0.0008200000000009866,-0.0112,0.64
-0.0008000000000009874,-0.0176,0.6
-0.0007800000000009882,-0.008,0.56
-0.000760000000000989,-0.012,0.44
-0.0007400000000009899,-0.010400000000000001,0.4
-0.0007200000000009907,-0.010400000000000001,0.4
-0.0007000000000009915,-0.020800000000000003,0.32
-0.0006800000000009923,-0.0128,0.24
-0.0006600000000009931,-0.014400000000000001,0.2
-0.0006400000000009939,-0.013600000000000001,0.08
-0.0006200000000009948,-0.008,0.04
-0.0006000000000009956,-0.014400000000000001,-0.04
-0.0005800000000009964,-0.013600000000000001,-0.12
-0.0005600000000009972,-0.0112,-0.2
-0.000540000000000998,-0.010400000000000001,-0.28
-0.0005200000000009988,-0.0032,-0.24
-0.0005000000000009996,-0.0024000000000000002,-0.4
-0.00048000000000100046,-0.0008,-0.4
-0.0004600000000010013,-0.0024000000000000002,-0.44
-0.0004400000000010021,-0.0024000000000000002,-0.52
-0.0004200000000010029,0.008,-0.56
-0.0004000000000010037,0.004,-0.64
-0.00038000000000100453,0.0048000000000000004,-0.64
-0.00036000000000100535,0.0088,-0.64
-0.00034000000000100616,0.0064,-0.72
-0.000320000000001007,0.0088,-0.68
-0.0003000000000010078,0.0112,-0.68
-0.0002800000000010086,0.0152,-0.68
-0.0002600000000010094,0.014400000000000001,-0.64
-0.00024000000000101024,0.014400000000000001,-0.6
-0.00022000000000101105,0.0176,-0.56
-0.00020000000000101187,0.013600000000000001,-0.56
-0.00018000000000101268,0.019200000000000002,-0.52
-0.0001600000000010135,0.019200000000000002,-0.44
-0.0001400000000010143,0.019200000000000002,-0.36
-0.00012000000000101513,0.0184,-0.32
-0.00010000000000101594,0.016800000000000002,-0.24
-8.000000000101676e-05,0.016,-0.24
-6.000000000101757e-05,0.016,-0.16
-4.000000000101839e-05,0.0184,0.0
-2.0000000001019203e-05,0.010400000000000001,0.08
-1.0200174038743626e-15,0.0128,0.08
1.9999999998979168e-05,0.013600000000000001,0.16
3.999999999897835e-05,0.0112,0.24
5.999999999897754e-05,0.009600000000000001,0.32
7.999999999897672e-05,0.007200000000000001,0.4
9.999999999897591e-05,0.007200000000000001,0.44
0.00011999999999897509,0.004,0.44
0.00013999999999897428,-0.0024000000000000002,0.56
0.00015999999999897346,-0.0048000000000000004,0.6
0.00017999999999897265,-0.0008,0.64
0.00019999999999897183,-0.009600000000000001,0.68
0.00021999999999897102,-0.016800000000000002,0.64
0.0002399999999989702,-0.0064,0.68
0.0002599999999989694,-0.0128,0.6
0.0002799999999989686,-0.014400000000000001,0.68
0.00029999999999896776,-0.016800000000000002,0.64
0.00031999999999896694,-0.008,0.64
0.00033999999999896613,-0.012,0.64
0.0003599999999989653,-0.008,0.6
0.0003799999999989645,-0.019200000000000002,0.6
0.0003999999999989637,-0.010400000000000001,0.52
0.00041999999999896287,-0.0176,0.48
0.00043999999999896205,-0.013600000000000001,0.44
0.00045999999999896124,-0.0112,0.36
0.0004799999999989604,-0.014400000000000001,0.28
0.0004999999999989596,-0.008,0.24
0.0005199999999989588,-0.014400000000000001,0.2
0.000539999999998958,-0.0152,0.08
0.0005599999999989572,-0.010400000000000001,0.0
0.0005799999999989564,-0.013600000000000001,-0.08
0.0005999999999989555,-0.0152,-0.12
0.0006199999999989547,-0.0024000000000000002,-0.2
0.0006399999999989539,-0.0056,-0.28
0.0006599999999989531,-0.010400000000000001,-0.36
0.0006799999999989523,-0.008,-0.4
0.0006999999999989515,-0.0032,-0.44
0.0007199999999989506,0.004,-0.52
0.0007399999999989498,0.004,-0.56
0.000759999999998949,0.0008,-0.6
0.0007799999999989482,0.0064,-0.6
0.0007999999999989474,0.0088,-0.6
0.0008199999999989466,0.0088,-0.68
0.0008399999999989458,0.0056,-0.64
0.0008599999999989449,0.010400000000000001,-0.64
0.0008799999999989441,0.012,-0.68
0.0008999999999989433,0.007200000000000001,-0.68
0.0009199999999989425,0.0112,-0.6
0.0009399999999989417,0.016800000000000002,-0.6
0.0009599999999989409,0.014400000000000001,-0.56
0.00097999999999894,0.008,-0.52
0.0009999999999989392,0.0112,-0.52
0.0010199999999989384,0.0176,-0.44
0.0010399999999989376,0.016,-0.36
0.0010599999999989368,0.0152,-0.28
0.001079999999998936,0.0128,-0.28
0.0010999999999989352,0.016,-0.2
0.0011199999999989343,0.013600000000000001,-0.12
0.0011399999999989335,0.010400000000000001,0.0
0.0011599999999989327,0.0128,0.08
0.001179999999998932,0.014400000000000001,0.12
0.001199999999998931,0.008,0.16
0.0012199999999989303,0.009600000000000001,0.24
0.0012399999999989295,0.0056,0.36
0.0012599999999989286,0.0048000000000000004,0.4
0.0012799999999989278,0.004,0.44
0.001299999999998927,0.007200000000000001,0.48
0.0013199999999989262,-0.0032,0.56
0.0013399999999989254,-0.008,0.6
0.0013599999999989246,-0.0024000000000000002,0.64
0.0013799999999989238,-0.008,0.64
0.001399999999998923,-0.0064,0.64
0.0014199999999989221,-0.004,0.68
0.0014399999999989213,-0.0088,0.72
0.0014599999999989205,-0.0112,0.68
0.0014799999999989197,-0.013600000000000001,0.64
0.0014999999999989189,-0.0112,0.64
0.001519999999998918,-0.0128,0.64
0.0015399999999989172,-0.010400000000000001,0.6
0.0015599999999989164,-0.0128,0.6
0.0015799999999989156,-0.0152,0.48
0.0015999999999989148,-0.0176,0.48
0.001619999999998914,-0.016,0.4
0.0016399999999989132,-0.014400000000000001,0.32
0.0016599999999989123,-0.016,0.28
0.0016799999999989115,-0.016800000000000002,0.2
0.0016999999999989107,-0.013600000000000001,0.16
0.00171999999999891,-0.0112,0.08
0.001739999999998909,-0.0128,0.0
0.0017599999999989083,-0.013600000000000001,-0.08
0.0017799999999989075,-0.0088,-0.12
0.0017999999999989066,-0.0016,-0.2
0.0018199999999989058,-0.008,-0.28
0.001839999999998905,-0.0032,-0.36
0.0018599999999989042,0.0,-0.4
0.0018799999999989034,-0.0008,-0.44
0.0018999999999989026,0.0056,-0.52
0.0019199999999989018,0.0032,-0.56
0.001939999999998901,0.0056,-0.56
0.0019599999999989,0.0056,-0.6
0.0019799999999988993,0.0128,-0.64
0.0019999999999988985,0.012,-0.64
0.0020199999999988977,0.008,-0.68
0.002039999999998897,0.009600000000000001,-0.68
0.002059999999998896,0.0128,-0.68
0.0020799999999988952,0.016800000000000002,-0.64
0.0020999999999988944,0.016,-0.6
0.0021199999999988936,0.012,-0.6
0.002139999999998893,0.016,-0.56
0.002159999999998892,0.0128,-0.52
0.002179999999998891,0.012,-0.48
0.0021999999999988903,0.019200000000000002,-0.4
0.0022199999999988895,0.0184,-0.36
0.0022399999999988887,0.0176,-0.28
0.002259999999998888,0.009600000000000001,-0.24
0.002279999999998887,0.016,-0.12
0.0022999999999988863,0.013600000000000001,-0.08
0.0023199999999988855,0.009600000000000001,0.0
0.0023399999999988846,0.0128,0.04
0.002359999999998884,0.012,0.12
0.002379999999998883,0.0088,0.24
0.002399999999998882,0.0128,0.28
0.0024199999999988814,0.008,0.32
0.0024399999999988806,0.008,0.4
0.0024599999999988797,0.0008,0.48
0.002479999999998879,0.0,0.52
0.002499999999998878,0.0,0.6
0.0025199999999988773,-0.0024000000000000002,0.6
0.0025399999999988765,-0.0032,0.68
0.0025599999999988757,-0.0056,0.64
0.002579999999998875,-0.013600000000000001,0.64
0.002599999999998874,-0.010400000000000001,0.72
0.0026199999999988732,-0.0128,0.68
0.0026399999999988724,-0.014400000000000001,0.68
0.0026599999999988716,-0.009600000000000001,0.64
0.002679999999998871,-0.0152,0.64
0.00269999999999887,-0.016,0.64
0.002719999999998869,-0.012,0.6
0.0027399999999988683,-0.016,0.52
0.0027599999999988675,-0.019200000000000002,0.48
0.0027799999999988667,-0.009600000000000001,0.44
0.002799999999998866,-0.013600000000000001,0.4
0.002819999999998865,-0.014400000000000001,0.36
0.0028399999999988643,-0.0152,0.32
0.0028599999999988635,-0.0176,0.2
0.0028799999999988626,-0.010400000000000001,0.12
0.002899999999998862,-0.0056,0.08
0.002919999999998861,-0.0088,0.0
0.00293999999999886,-0.0112,-0.08
0.0029599999999988594,-0.010400000000000001,-0.12
0.0029799999999988586,-0.0112,-0.2
0.0029999999999988577,-0.0024000000000000002,-0.28
0.003019999999998857,0.0032,-0.32
0.003039999999998856,-0.008,-0.4
0.0030599999999988553,-0.004,-0.44
0.0030799999999988545,0.0,-0.56
0.0030999999999988537,0.0056,-0.52
0.003119999999998853,0.0064,-0.56
0.003139999999998852,0.007200000000000001,-0.6
0.0031599999999988512,0.0056,-0.68
0.0031799999999988504,0.009600000000000001,-0.68
0.0031999999999988496,0.0064,-0.64
0.0032199999999988488,0.009600000000000001,-0.68
0.003239999999998848,0.0128,-0.68
0.003259999999998847,0.0128,-0.64
0.0032799999999988463,0.0128,-0.64
0.0032999999999988455,0.014400000000000001,-0.56
0.0033199999999988447,0.019200000000000002,-0.56
0.003339999999998844,0.0176,-0.52
0.003359999999998843,0.016,-0.44
0.0033799999999988423,0.013600000000000001,-0.4
0.0033999999999988414,0.012,-0.36
0.0034199999999988406,0.016800000000000002,-0.28
0.00343999999999884,0.0152,-0.2
0.003459999999998839,0.016,-0.12
0.003479999999998838,0.013600000000000001,-0.08
0.0034999999999988374,0.012,0.0
0.0035199999999988366,0.0112,0.08
0.0035399999999988357,0.016800000000000002,0.16
0.003559999999998835,0.010400000000000001,0.2
0.003579999999998834,0.010400000000000001,0.32
0.0035999999999988333,0.009600000000000001,0.32
0.0036199999999988325,0.0064,0.44
0.0036399999999988317,0.0032,0.48
0.003659999999998831,-0.0008,0.52
0.00367999999999883,0.004,0.6
0.0036999999999988292,-0.0064,0.6
0.0037199999999988284,-0.007200000000000001,0.64
0.0037399999999988276,-0.007200000000000001,0.64
0.0037599999999988268,-0.0064,0.64
0.003779999999998826,-0.008,0.68
0.003799999999998825,-0.0048000000000000004,0.68
0.0038199999999988243,-0.0112,0.64
0.0038399999999988235,-0.013600000000000001,0.68
0.0038599999999988227,-0.0176,0.64
0.003879999999998822,-0.016800000000000002,0.64
0.003899999999998821,-0.0112,0.6
0.00391999999999882,-0.010400000000000001,0.56
0.0039399999999988194,-0.0176,0.52
0.003959999999998819,-0.019200000000000002,0.44
0.003979999999998818,-0.012,0.4
0.003999999999998817,-0.0176,0.32
0.004019999999998816,-0.0112,0.28
0.004039999999998815,-0.016800000000000002,0.16
0.0040599999999988146,-0.013600000000000001,0.12
0.004079999999998814,-0.0112,0.04
0.004099999999998813,-0.016800000000000002,-0.04
0.004119999999998812,-0.013600000000000001,-0.08
0.004139999999998811,-0.0056,-0.2
0.0041599999999988105,-0.010400000000000001,-0.24
0.00417999999999881,-0.004,-0.28
0.004199999999998809,-0.004,-0.36
0.004219999999998808,-0.0056,-0.44
0.004239999999998807,0.0056,-0.48
0.004259999999998806,0.0016,-0.52
0.004279999999998806,0.008,-0.56
0.004299999999998805,0.0048000000000000004,-0.6
0.004319999999998804,0.0056,-0.6
0.004339999999998803,0.0064,-0.64
0.004359999999998802,0.009600000000000001,-0.68
0.0043799999999988015,0.0112,-0.68
0.004399999999998801,0.016,-0.64
0.0044199999999988,0.0112,-0.64
0.004439999999998799,0.0176,-0.6
0.004459999999998798,0.013600000000000001,-0.6
0.0044799999999987974,0.016800000000000002,-0.6
0.004499999999998797,0.016800000000000002,-0.52
0.004519999999998796,0.016,-0.48
0.004539999999998795,0.0176,-0.44
0.004559999999998794,0.016,-0.4
0.004579999999998793,0.016,-0.32
0.0045999999999987926,0.014400000000000001,-0.24
0.004619999999998792,0.012,-0.2
0.004639999999998791,0.009600000000000001,-0.12
0.00465999999999879,0.014400000000000001,-0.08
0.004679999999998789,0.016,0.04
0.0046999999999987885,0.014400000000000001,0.08
0.004719999999998788,0.0088,0.16
0.004739999999998787,0.007200000000000001,0.24
0.004759999999998786,0.0088,0.28
0.004779999999998785,0.0016,0.36
0.004799999999998784,0.0016,0.4
0.004819999999998784,-0.0016,0.44
0.004839999999998783,-0.0016,0.52
0.004859999999998782,0.0032,0.6
0.004879999999998781,0.0008,0.6
0.00489999999999878,-0.0056,0.64
0.0049199999999987795,-0.0024000000000000002,0.64
0.004939999999998779,-0.0032,0.68
0.004959999999998778,-0.004,0.68
0.004979999999998777,-0.0064,0.72
0.004999999999998776,-0.012,0.68
0.0050199999999987754,-0.013600000000000001,0.64
0.005039999999998775,-0.013600000000000001,0.64
0.005059999999998774,-0.012,0.6
0.005079999999998773,-0.016800000000000002,0.56
0.005099999999998772,-0.0128,0.52
0.005119999999998771,-0.020800000000000003,0.48
0.0051399999999987706,-0.0128,0.4
0.00515999999999877,-0.013600000000000001,0.36
0.005179999999998769,-0.019200000000000002,0.32
0.005199999999998768,-0.0184,0.2
0.005219999999998767,-0.013600000000000001,0.2
0.0052399999999987665,-0.0112,0.12
0.005259999999998766,-0.010400000000000001,0.04
0.005279999999998765,-0.010400000000000001,-0.04
0.005299999999998764,-0.008,-0.12
0.005319999999998763,-0.012,-0.2
0.005339999999998762,-0.0088,-0.24
0.005359999999998762,-0.0016,-0.28
0.005379999999998761,-0.0048000000000000004,-0.4
0.00539999999999876,0.0016,-0.44
0.005419999999998759,-0.0008,-0.48
0.005439999999998758,0.004,-0.52
0.0054599999999987575,0.004,-0.56
0.005479999999998757,0.0024000000000000002,-0.6
0.005499999999998756,0.008,-0.64
0.005519999999998755,0.010400000000000001,-0.68
0.005539999999998754,0.009600000000000001,-0.64
0.0055599999999987534,0.012,-0.68
0.005579999999998753,0.0088,-0.64
0.005599999999998752,0.016800000000000002,-0.68
0.005619999999998751,0.009600000000000001,-0.6
0.00563999999999875,0.016,-0.6
0.005659999999998749,0.019200000000000002,-0.56
0.0056799999999987485,0.0128,-0.56
0.005699999999998748,0.004,-0.48
0.005719999999998747,0.0176,-0.4
0.005739999999998746,0.0184,-0.36
0.005759999999998745,0.020800000000000003,-0.32
0.0057799999999987445,0.016800000000000002,-0.24
0.005799999999998744,0.009600000000000001,-0.2
0.005819999999998743,0.0184,-0.08
0.005839999999998742,0.0152,-0.04
0.005859999999998741,0.0088,0.04
0.00587999999999874,0.009600000000000001,0.12
0.00589999999999874,0.0088,0.2
0.005919999999998739,0.009600000000000001,0.24
0.005939999999998738,0.008,0.32
0.005959999999998737,0.0088,0.4
0.005979999999998736,0.0048000000000000004,0.44
0.0059999999999987355,0.0032,0.48
0.006019999999998735,-0.0056,0.52
0.006039999999998734,-0.008,0.56
0.006059999999998733,-0.0016,0.6
0.006079999999998732,-0.0064,0.6
0.0060999999999987314,-0.008,0.64
0.006119999999998731,-0.0088,0.64
0.00613999999999873,-0.0088,0.64
0.006159999999998729,-0.007200000000000001,0.68
0.006179999999998728,-0.008,0.64
0.006199999999998727,-0.010400000000000001,0.64
0.0062199999999987265,-0.014400000000000001,0.64
0.006239999999998726,-0.0224,0.6
0.006259999999998725,-0.016,0.6
0.006279999999998724,-0.010400000000000001,0.56
0.006299999999998723,-0.0128,0.48
0.0063199999999987225,-0.013600000000000001,0.44
0.006339999999998722,-0.016800000000000002,0.36
0.006359999999998721,-0.010400000000000001,0.28
0.00637999999999872,-0.0176,0.24
0.006399999999998719,-0.0152,0.16
0.006419999999998718,-0.012,0.12
0.006439999999998718,-0.012,0.0
0.006459999999998717,-0.0152,-0.08
0.006479999999998716,-0.007200000000000001,-0.12
0.006499999999998715,-0.010400000000000001,-0.24
0.006519999999998714,-0.0048000000000000004,-0.28
0.0065399999999987135,-0.0024000000000000002,-0.36
0.006559999999998713,-0.007200000000000001,-0.4
0.006579999999998712,0.0032,-0.4
0.006599999999998711,-0.0008,-0.56
0.00661999999999871,0.0024000000000000002,-0.52
0.0066399999999987094,0.0032,-0.56
0.006659999999998709,0.0088,-0.6
0.006679999999998708,0.007200000000000001,-0.64
0.006699999999998707,0.0064,-0.68
0.006719999999998706,0.013600000000000001,-0.68
0.006739999999998705,0.012,-0.64
0.0067599999999987045,0.009600000000000001,-0.68
0.006779999999998704,0.012,-0.64
0.006799999999998703,0.013600000000000001,-0.6
0.006819999999998702,0.008,-0.6
0.006839999999998701,0.016,-0.56
0.0068599999999987005,0.0184,-0.52
0.0068799999999987,0.0216,-0.48
0.006899999999998699,0.020800000000000003,-0.44
0.006919999999998698,0.016800000000000002,-0.36
0.006939999999998697,0.0176,-0.32
0.006959999999998696,0.0184,-0.24
0.006979999999998696,0.012,-0.2
0.006999999999998695,0.0176,-0.12
0.007019999999998694,0.0112,-0.04
0.007039999999998693,0.012,0.04
0.007059999999998692,0.009600000000000001,0.08
0.0070799999999986915,0.0056,0.2
0.007099999999998691,0.008,0.28
0.00711999999999869,0.0048000000000000004,0.32
0.007139999999998689,0.0064,0.4
0.007159999999998688,0.004,0.4
0.007179999999998687,0.0016,0.52
0.007199999999998687,0.004,0.6
0.007219999999998686,0.0008,0.6
0.007239999999998685,-0.008,0.6
0.007259999999998684,-0.0056,0.64
0.007279999999998683,-0.0064,0.68
0.0072999999999986825,-0.0048000000000000004,0.72
0.007319999999998682,-0.0064,0.68
0.007339999999998681,-0.0056,0.64
0.00735999999999868,-0.0128,0.64
0.007379999999998679,-0.014400000000000001,0.64
0.0073999999999986785,-0.012,0.6
0.007419999999998678,-0.0152,0.64
0.007439999999998677,-0.014400000000000001,0.6
0.007459999999998676,-0.0112,0.52
0.007479999999998675,-0.0128,0.44
0.007499999999998674,-0.02,0.4
0.007519999999998674,-0.016,0.36
0.007539999999998673,-0.014400000000000001,0.32
0.007559999999998672,-0.0128,0.2
0.007579999999998671,-0.016,0.12
0.00759999999999867,-0.014400000000000001,0.12
0.0076199999999986695,-0.0112,0.0
0.007639999999998669,-0.004,-0.04
0.007659999999998668,-0.0112,-0.16
0.007679999999998667,-0.008,-0.24
0.007699999999998666,-0.007200000000000001,-0.24
0.007719999999998665,-0.0032,-0.32
0.007739999999998665,-0.0032,-0.4
0.007759999999998664,0.0032,-0.4
0.007779999999998663,0.0032,-0.44
0.007799999999998662,0.0008,-0.44
0.007819999999998661,0.0032,-0.56
0.00783999999999866,0.0056,-0.64
0.00785999999999866,0.009600000000000001,-0.6
0.007879999999998659,0.009600000000000001,-0.64
0.007899999999998658,0.0088,-0.72
0.007919999999998657,0.0088,-0.72
0.007939999999998656,0.009600000000000001,-0.68
0.007959999999998656,0.009600000000000001,-0.64
0.007979999999998655,0.0128,-0.68
0.007999999999998654,0.0216,-0.56
0.008019999999998653,0.012,-0.6
0.008039999999998652,0.0128,-0.48
0.008059999999998652,0.014400000000000001,-0.44
0.00807999999999865,0.0128,-0.44
0.00809999999999865,0.0224,-0.4
0.008119999999998649,0.016,-0.28
0.008139999999998648,0.016800000000000002,-0.16
0.008159999999998648,0.016,-0.16
0.008179999999998647,0.0152,-0.04
0.008199999999998646,0.013600000000000001,0.0
0.008219999999998645,0.0112,0.04
0.008239999999998644,0.0128,0.2
0.008259999999998643,0.007200000000000001,0.2
0.008279999999998643,0.0048000000000000004,0.28
0.008299999999998642,0.004,0.36
0.008319999999998641,0.0056,0.44
0.00833999999999864,0.009600000000000001,0.48
0.00835999999999864,-0.0008,0.56
0.008379999999998639,-0.007200000000000001,0.6
0.008399999999998638,-0.0024000000000000002,0.64
0.008419999999998637,-0.0032,0.64
0.008439999999998636,-0.004,0.64
0.008459999999998635,-0.004,0.68
0.008479999999998634,-0.0056,0.72
0.008499999999998634,-0.0056,0.72
0.008519999999998633,-0.02,0.68
0.008539999999998632,-0.0112,0.68
0.008559999999998631,-0.0128,0.64
0.00857999999999863,-0.014400000000000001,0.64
0.00859999999999863,-0.016800000000000002,0.6
0.008619999999998629,-0.0152,0.52
0.008639999999998628,-0.02,0.52
0.008659999999998627,-0.0112,0.48
0.008679999999998626,-0.0128,0.44
0.008699999999998625,-0.0128,0.4
0.008719999999998625,-0.0128,0.28
0.008739999999998624,-0.016,0.24
0.008759999999998623,-0.0176,0.12
0.008779999999998622,-0.010400000000000001,0.04
0.008799999999998621,-0.008,0.0
0.00881999999999862,-0.010400000000000001,-0.08
0.00883999999999862,-0.0056,-0.16
0.008859999999998619,-0.014400000000000001,-0.28
0.008879999999998618,-0.0064,-0.28
0.008899999999998617,-0.0064,-0.36
0.008919999999998617,0.0008,-0.4
0.008939999999998616,0.0016,-0.44
0.008959999999998615,0.0008,-0.52
0.008979999999998614,0.0,-0.52
0.008999999999998613,0.0016,-0.56
0.009019999999998612,0.0064,-0.64
0.009039999999998612,0.0112,-0.64
0.00905999999999861,0.009600000000000001,-0.64
0.00907999999999861,0.008,-0.64
0.00909999999999861,0.014400000000000001,-0.64
0.009119999999998608,0.010400000000000001,-0.6
0.009139999999998608,0.0216,-0.64
0.009159999999998607,0.0176,-0.64
0.009179999999998606,0.016,-0.6
0.009199999999998605,0.014400000000000001,-0.56
0.009219999999998604,0.0112,-0.48
0.009239999999998603,0.012,-0.44
0.009259999999998603,0.016,-0.4
0.009279999999998602,0.0112,-0.36
0.009299999999998601,0.013600000000000001,-0.24
0.0093199999999986,0.009600000000000001,-0.24
0.0093399999999986,0.0152,-0.12
0.009359999999998599,0.0112,-0.08
0.009379999999998598,0.019200000000000002,0.0
0.009399999999998597,0.009600000000000001,0.08
0.009419999999998596,0.0128,0.16
0.009439999999998595,0.012,0.24
0.009459999999998595,0.0088,0.28
0.009479999999998594,0.0128,0.36
0.009499999999998593,0.0088,0.44
0.009519999999998592,0.009600000000000001,0.48
0.009539999999998591,0.0008,0.52
0.00955999999999859,-0.0016,0.6
0.00957999999999859,-0.0008,0.6
0.009599999999998589,0.004,0.64
0.009619999999998588,-0.0048000000000000004,0.68
0.009639999999998587,-0.0088,0.64
0.009659999999998586,-0.010400000000000001,0.68
0.009679999999998586,-0.012,0.68
0.009699999999998585,-0.010400000000000001,0.68
0.009719999999998584,-0.0056,0.64
0.009739999999998583,-0.016800000000000002,0.64
0.009759999999998582,-0.016800000000000002,0.6
0.009779999999998581,-0.0176,0.6
0.00979999999999858,-0.02,0.56
0.00981999999999858,-0.016800000000000002,0.44
0.009839999999998579,-0.0184,0.44
0.009859999999998578,-0.012,0.4
0.009879999999998577,-0.016,0.36
0.009899999999998577,-0.0112,0.28
0.009919999999998576,-0.0112,0.2
0.009939999999998575,-0.0088,0.12
0.009959999999998574,-0.016800000000000002,0.08
0.009979999999998573,-0.016,0.0
0.009999999999998573,-0.007200000000000001,-0.08
0.010019999999998572,-0.0088,-0.16
0.010039999999998571,-0.009600000000000001,-0.28
0.01005999999999857,-0.0048000000000000004,-0.32
0.01007999999999857,-0.0032,-0.4
0.010099999999998568,-0.0056,-0.44
0.010119999999998568,0.0024000000000000002,-0.48
0.010139999999998567,0.0016,-0.52
0.010159999999998566,0.0064,-0.56
0.010179999999998565,0.0,-0.6
0.010199999999998564,0.008,-0.6
0.010219999999998564,0.0064,-0.6
0.010239999999998563,0.0112,-0.64
0.010259999999998562,0.007200000000000001,-0.64
0.010279999999998561,0.02,-0.68
0.01029999999999856,0.0152,-0.64
0.01031999999999856,0.0152,-0.68
0.010339999999998559,0.010400000000000001,-0.6
0.010359999999998558,0.0184,-0.56
0.010379999999998557,0.016800000000000002,-0.56
0.010399999999998556,0.016800000000000002,-0.48
0.010419999999998555,0.013600000000000001,-0.44
0.010439999999998555,0.012,-0.4
0.010459999999998554,0.0216,-0.32
0.010479999999998553,0.019200000000000002,-0.28
0.010499999999998552,0.0152,-0.2
0.010519999999998551,0.016800000000000002,-0.16
0.01053999999999855,0.013600000000000001,0.0
0.01055999999999855,0.010400000000000001,0.04
0.010579999999998549,0.016,0.08
0.010599999999998548,0.009600000000000001,0.16
0.010619999999998547,0.012,0.24
0.010639999999998546,0.0064,0.28
0.010659999999998546,0.0048000000000000004,0.4
0.010679999999998545,0.0064,0.44
0.010699999999998544,0.0008,0.48
0.010719999999998543,0.007200000000000001,0.52
0.010739999999998542,0.004,0.56
0.010759999999998542,0.0008,0.64
0.01077999999999854,-0.008,0.64
0.01079999999999854,-0.0024000000000000002,0.68
0.010819999999998539,-0.0056,0.68
0.010839999999998538,-0.0088,0.68
0.010859999999998537,-0.008,0.68
0.010879999999998537,-0.014400000000000001,0.68
0.010899999999998536,-0.014400000000000001,0.64
0.010919999999998535,-0.0152,0.64
0.010939999999998534,-0.02,0.6
0.010959999999998533,-0.0184,0.6
0.010979999999998533,-0.014400000000000001,0.6
0.010999999999998532,-0.02,0.48
0.011019999999998531,-0.0152,0.4
0.01103999999999853,-0.0176,0.36
0.01105999999999853,-0.016800000000000002,0.32
0.011079999999998529,-0.010400000000000001,0.24
0.011099999999998528,-0.0176,0.16
0.011119999999998527,-0.013600000000000001,0.08
0.011139999999998526,-0.0088,0.04
0.011159999999998525,-0.0176,-0.04
0.011179999999998524,-0.012,-0.12
0.011199999999998524,-0.007200000000000001,-0.2
0.011219999999998523,-0.0056,-0.28
0.011239999999998522,-0.0112,-0.32
0.011259999999998521,-0.0056,-0.4
0.01127999999999852,-0.0024000000000000002,-0.4
0.01129999999999852,0.0008,-0.48
0.011319999999998519,-0.004,-0.56
0.011339999999998518,-0.004,-0.56
0.011359999999998517,0.0016,-0.6
0.011379999999998516,0.009600000000000001,-0.64
0.011399999999998515,0.0064,-0.64
0.011419999999998515,0.009600000000000001,-0.68
0.011439999999998514,0.0128,-0.68
0.011459999999998513,0.0112,-0.72
0.011479999999998512,0.012,-0.64
0.011499999999998511,0.013600000000000001,-0.6
0.01151999999999851,0.016800000000000002,-0.6
0.01153999999999851,0.016,-0.6
0.011559999999998509,0.014400000000000001,-0.52
0.011579999999998508,0.009600000000000001,-0.48
0.011599999999998507,0.019200000000000002,-0.44
0.011619999999998507,0.012,-0.36
0.011639999999998506,0.0152,-0.28
0.011659999999998505,0.0152,-0.24
0.011679999999998504,0.0184,-0.16
0.011699999999998503,0.016,-0.08
0.011719999999998502,0.0128,-0.04
0.011739999999998502,0.010400000000000001,0.04
0.0117599999999985,0.013600000000000001,0.08
0.0117799999999985,0.0088,0.2
0.0117999999999985,0.0088,0.28
0.011819999999998498,0.0064,0.32
0.011839999999998498,0.0048000000000000004,0.4
0.011859999999998497,0.008,0.44
0.011879999999998496,0.0048000000000000004,0.48
0.011899999999998495,0.0048000000000000004,0.52
0.011919999999998494,-0.0048000000000000004,0.56
0.011939999999998493,-0.0024000000000000002,0.64
0.011959999999998493,-0.010400000000000001,0.64
0.011979999999998492,-0.0032,0.68
0.011999999999998491,-0.0048000000000000004,0.68
0.01201999999999849,-0.0128,0.68
0.01203999999999849,-0.0112,0.68
0.012059999999998489,-0.0112,0.68
0.012079999999998488,-0.0176,0.68
0.012099999999998487,-0.010400000000000001,0.64
0.012119999999998486,-0.0112,0.6
0.012139999999998485,-0.016,0.56
0.012159999999998485,-0.0112,0.52
0.012179999999998484,-0.0152,0.48
0.012199999999998483,-0.009600000000000001,0.44
0.012219999999998482,-0.009600000000000001,0.4
0.012239999999998481,-0.012,0.32
0.01225999999999848,-0.0176,0.24
0.01227999999999848,-0.010400000000000001,0.16
0.012299999999998479,-0.0112,0.08
0.012319999999998478,-0.008,0.0
0.012339999999998477,-0.010400000000000001,-0.04
0.012359999999998476,-0.0056,-0.16
0.012379999999998476,-0.008,-0.24
0.012399999999998475,-0.0112,-0.28
0.012419999999998474,-0.0016,-0.36
0.012439999999998473,-0.0032,-0.4
0.012459999999998472,-0.0024000000000000002,-0.44
0.012479999999998471,-0.0008,-0.48
0.01249999999999847,-0.0008,-0.56
0.01251999999999847,0.0032,-0.56
0.012539999999998469,0.008,-0.64
0.012559999999998468,0.008,-0.64
0.012579999999998467,0.009600000000000001,-0.64
0.012599999999998467,0.009600000000000001,-0.64
0.012619999999998466,0.008,-0.72
0.012639999999998465,0.008,-0.64
0.012659999999998464,0.016,-0.64
0.012679999999998463,0.0184,-0.64
0.012699999999998463,0.0128,-0.6
0.012719999999998462,0.0112,-0.56
0.012739999999998461,0.016,-0.52
0.01275999999999846,0.019200000000000002,-0.48
0.01277999999999846,0.0184,-0.44
0.012799999999998458,0.016,-0.4
0.012819999999998458,0.010400000000000001,-0.28
0.012839999999998457,0.012,-0.24
0.012859999999998456,0.0128,-0.16
0.012879999999998455,0.02,-0.08
0.012899999999998454,0.0128,-0.04
0.012919999999998454,0.014400000000000001,0.08
0.012939999999998453,0.0112,0.12
0.012959999999998452,0.0128,0.2
0.012979999999998451,0.010400000000000001,0.28
0.01299999999999845,0.012,0.36
0.01301999999999845,0.008,0.44
0.013039999999998449,0.0064,0.48
0.013059999999998448,0.0024000000000000002,0.52
0.013079999999998447,0.0016,0.6
0.013099999999998446,-0.0016,0.6
0.013119999999998445,-0.0016,0.64
0.013139999999998445,-0.0112,0.64
0.013159999999998444,-0.0064,0.64
0.013179999999998443,-0.0112,0.68
0.013199999999998442,-0.0088,0.68
0.013219999999998441,-0.0064,0.68
0.01323999999999844,-0.0088,0.64
0.01325999999999844,-0.0112,0.64
0.013279999999998439,-0.013600000000000001,0.6
0.013299999999998438,-0.009600000000000001,0.6
0.013319999999998437,-0.0176,0.56
0.013339999999998436,-0.0112,0.48
0.013359999999998436,-0.014400000000000001,0.48
0.013379999999998435,-0.016800000000000002,0.4
0.013399999999998434,-0.0112,0.36
0.013419999999998433,-0.0176,0.28
0.013439999999998432,-0.016,0.2
0.013459999999998432,-0.0176,0.12
0.01347999999999843,-0.014400000000000001,0.08
0.01349999999999843,-0.0112,-0.04
0.013519999999998429,-0.007200000000000001,-0.08
0.013539999999998428,-0.0112,-0.12
0.013559999999998427,0.0008,-0.2
0.013579999999998427,0.0008,-0.24
0.013599999999998426,-0.0064,-0.36
0.013619999999998425,-0.0048000000000000004,-0.4
0.013639999999998424,-0.0008,-0.48
0.013659999999998423,0.0008,-0.52
0.013679999999998423,0.0008,-0.56
0.013699999999998422,0.008,-0.56
0.013719999999998421,0.0064,-0.6
0.01373999999999842,0.008,-0.64
0.01375999999999842,0.0048000000000000004,-0.64
0.013779999999998419,0.014400000000000001,-0.64
0.013799999999998418,0.016,-0.68
0.013819999999998417,0.016,-0.64
0.013839999999998416,0.012,-0.68
0.013859999999998415,0.0128,-0.64
0.013879999999998414,0.016,-0.6
0.013899999999998414,0.016,-0.52
0.013919999999998413,0.0176,-0.52
0.013939999999998412,0.020800000000000003,-0.44
0.013959999999998411,0.016,-0.4
0.01397999999999841,0.0176,-0.32
0.01399999999999841,0.0128,-0.24
0.014019999999998409,0.0184,-0.2
0.014039999999998408,0.0216,-0.16
0.014059999999998407,0.0184,-0.04
0.014079999999998406,0.016,0.04
0.014099999999998405,0.009600000000000001,0.08
0.014119999999998405,0.009600000000000001,0.2
0.014139999999998404,0.0088,0.24
0.014159999999998403,0.0112,0.28
0.014179999999998402,0.008,0.32
0.014199999999998401,0.0,0.36
0.0142199999999984,-0.0024000000000000002,0.44
0.0142399999999984,0.0032,0.52
0.014259999999998399,0.009600000000000001,0.52
0.014279999999998398,-0.0016,0.6
0.014299999999998397,-0.008,0.6
0.014319999999998397,-0.0056,0.64
0.014339999999998396,-0.008,0.64
0.014359999999998395,-0.010400000000000001,0.68
0.014379999999998394,-0.0088,0.68
0.014399999999998393,-0.0112,0.68
0.014419999999998392,-0.013600000000000001,0.68
0.014439999999998392,-0.0112,0.64
0.01445999999999839,-0.0112,0.64
0.01447999999999839,-0.010400000000000001,0.64
0.01449999999999839,-0.009600000000000001,0.6
0.014519999999998388,-0.014400000000000001,0.52
0.014539999999998388,-0.0128,0.44
0.014559999999998387,-0.014400000000000001,0.4
0.014579999999998386,-0.014400000000000001,0.32
0.014599999999998385,-0.013600000000000001,0.28
0.014619999999998384,-0.013600000000000001,0.24
0.014639999999998383,-0.0128,0.12
0.014659999999998383,-0.013600000000000001,0.08
0.014679999999998382,-0.014400000000000001,-0.04
0.014699999999998381,-0.010400000000000001,-0.12
0.01471999999999838,-0.0088,-0.2
0.01473999999999838,-0.0112,-0.24
0.014759999999998379,-0.010400000000000001,-0.32
0.014779999999998378,-0.0024000000000000002,-0.4
0.014799999999998377,-0.0016,-0.4
0.014819999999998376,-0.0032,-0.48
0.014839999999998375,0.0032,-0.52
0.014859999999998375,0.0,-0.56
0.014879999999998374,0.0,-0.6
0.014899999999998373,0.0088,-0.64
0.014919999999998372,0.007200000000000001,-0.64
0.014939999999998371,0.0128,-0.6
0.01495999999999837,0.0128,-0.64
0.01497999999999837,0.0064,-0.64
0.014999999999998369,0.0128,-0.64
0.015019999999998368,0.016800000000000002,-0.64
0.015039999999998367,0.016,-0.6
0.015059999999998366,0.0176,-0.6
0.015079999999998366,0.019200000000000002,-0.52
0.015099999999998365,0.0128,-0.52
0.015119999999998364,0.012,-0.48
0.015139999999998363,0.019200000000000002,-0.4
0.015159999999998362,0.020800000000000003,-0.32
0.015179999999998361,0.019200000000000002,-0.28
0.01519999999999836,0.013600000000000001,-0.2
0.01521999999999836,0.016,-0.16
0.015239999999998359,0.010400000000000001,-0.08
0.015259999999998358,0.014400000000000001,0.04
0.015279999999998357,0.009600000000000001,0.08
0.015299999999998357,0.0128,0.16
0.015319999999998356,0.009600000000000001,0.2
0.015339999999998355,0.007200000000000001,0.32
0.015359999999998354,0.004,0.4
0.015379999999998353,0.0032,0.4
0.015399999999998353,0.0056,0.44
0.015419999999998352,0.0024000000000000002,0.52
0.015439999999998351,-0.0024000000000000002,0.56
0.01545999999999835,0.0,0.68
0.01547999999999835,-0.0024000000000000002,0.68
0.015499999999998348,-0.010400000000000001,0.68
0.015519999999998348,-0.008,0.68
0.015539999999998347,-0.0032,0.72
0.015559999999998346,-0.012,0.68
0.015579999999998345,-0.0112,0.68
0.015599999999998344,-0.008,0.64
0.015619999999998344,-0.012,0.72
0.015639999999998343,-0.012,0.68
0.015659999999998342,-0.0224,0.6
0.01567999999999834,-0.016800000000000002,0.56
0.01569999999999834,-0.0152,0.52
0.01571999999999834,-0.016800000000000002,0.4
0.01573999999999834,-0.013600000000000001,0.44
0.015759999999998338,-0.02,0.32
0.015779999999998337,-0.0152,0.28
0.015799999999998336,-0.0256,0.24
0.015819999999998335,-0.0112,0.12
0.015839999999998335,-0.008,0.08
0.015859999999998334,-0.010400000000000001,-0.04
0.015879999999998333,-0.008,-0.08
0.015899999999998332,-0.010400000000000001,-0.2
0.01591999999999833,-0.0048000000000000004,-0.2
0.01593999999999833,-0.0024000000000000002,-0.32
0.01595999999999833,0.0,-0.28
0.01597999999999833,0.0008,-0.44
0.015999999999998328,-0.0008,-0.44
0.016019999999998327,0.0016,-0.56
0.016039999999998326,0.004,-0.56
0.016059999999998326,0.007200000000000001,-0.6
0.016079999999998325,0.007200000000000001,-0.68
0.016099999999998324,0.0088,-0.68
0.016119999999998323,0.008,-0.68
0.016139999999998322,0.0008,-0.72
0.01615999999999832,0.0128,-0.64
0.01617999999999832,0.013600000000000001,-0.72
0.01619999999999832,0.016800000000000002,-0.64
0.01621999999999832,0.0184,-0.56
0.01623999999999832,0.012,-0.64
0.016259999999998317,0.012,-0.56
0.016279999999998317,0.0176,-0.48
0.016299999999998316,0.016,-0.4
0.016319999999998315,0.019200000000000002,-0.4
0.016339999999998314,0.0152,-0.32
0.016359999999998313,0.02,-0.28
0.016379999999998313,0.016,-0.2
0.016399999999998312,0.0128,-0.12
0.01641999999999831,0.0128,-0.04
0.01643999999999831,0.016800000000000002,0.08
0.01645999999999831,0.0176,0.08
0.01647999999999831,0.004,0.2
0.016499999999998308,0.009600000000000001,0.24
0.016519999999998307,0.0064,0.28
0.016539999999998306,0.0064,0.36
0.016559999999998305,0.004,0.44
0.016579999999998304,-0.0056,0.48
0.016599999999998304,0.004,0.48
0.016619999999998303,-0.0016,0.56
0.016639999999998302,-0.0032,0.6
0.0166599999999983,-0.007200000000000001,0.64
0.0166799999999983,-0.0048000000000000004,0.64
0.0166999999999983,-0.0048000000000000004,0.68
0.0167199999999983,-0.0112,0.68
0.016739999999998298,-0.0088,0.68
0.016759999999998297,-0.007200000000000001,0.68
0.016779999999998296,-0.0128,0.64
0.016799999999998295,-0.012,0.64
0.016819999999998295,-0.024,0.6
0.016839999999998294,-0.0112,0.6
0.016859999999998293,-0.0152,0.52
0.016879999999998292,-0.0216,0.48
0.01689999999999829,-0.0216,0.44
0.01691999999999829,-0.016,0.36
0.01693999999999829,-0.0216,0.28
0.01695999999999829,-0.013600000000000001,0.24
0.016979999999998288,-0.0112,0.16
0.016999999999998287,-0.0112,0.08
0.017019999999998286,-0.0112,0.0
0.017039999999998286,-0.012,-0.08
0.017059999999998285,-0.008,-0.16
0.017079999999998284,-0.0056,-0.2
0.017099999999998283,-0.0024000000000000002,-0.28
0.017119999999998282,-0.0032,-0.32
0.01713999999999828,-0.0024000000000000002,-0.4
0.01715999999999828,-0.0016,-0.44
0.01717999999999828,0.0008,-0.52
0.01719999999999828,0.0048000000000000004,-0.52
0.01721999999999828,0.008,-0.56
0.017239999999998278,0.0056,-0.6
0.017259999999998277,-0.0024000000000000002,-0.64
0.017279999999998276,0.004,-0.64
0.017299999999998275,0.012,-0.68
0.017319999999998274,0.0128,-0.64
0.017339999999998273,0.0128,-0.68
0.017359999999998273,0.014400000000000001,-0.64
0.017379999999998272,0.010400000000000001,-0.6
0.01739999999999827,0.010400000000000001,-0.6
0.01741999999999827,0.010400000000000001,-0.56
0.01743999999999827,0.02,-0.56
0.01745999999999827,0.013600000000000001,-0.48
0.017479999999998268,0.016,-0.44
0.017499999999998267,0.0184,-0.36
0.017519999999998266,0.016,-0.32
0.017539999999998265,0.0128,-0.24
0.017559999999998264,0.0184,-0.2
0.017579999999998264,0.014400000000000001,-0.12
0.017599999999998263,0.016,-0.04
0.017619999999998262,0.0088,0.04
0.01763999999999826,0.008,0.12
0.01765999999999826,0.0064,0.16
0.01767999999999826,0.0112,0.24
0.01769999999999826,0.0064,0.32
0.017719999999998258,0.004,0.4
0.017739999999998257,0.0048000000000000004,0.48
0.017759999999998256,0.0,0.48
0.017779999999998256,0.0064,0.52
0.017799999999998255,0.0008,0.6
0.017819999999998254,-0.0016,0.6
0.017839999999998253,-0.010400000000000001,0.6
0.017859999999998252,-0.009600000000000001,0.64
0.01787999999999825,-0.0088,0.68
0.01789999999999825,-0.0032,0.68
0.01791999999999825,-0.008,0.68
0.01793999999999825,-0.0152,0.64
0.017959999999998248,-0.0152,0.68
0.017979999999998247,-0.0112,0.64
0.017999999999998247,-0.014400000000000001,0.6
0.018019999999998246,-0.0152,0.52
0.018039999999998245,-0.019200000000000002,0.52
0.018059999999998244,-0.02,0.48
0.018079999999998243,-0.0176,0.4
0.018099999999998242,-0.0176,0.36
0.01811999999999824,-0.009600000000000001,0.28
0.01813999999999824,-0.014400000000000001,0.2
0.01815999999999824,-0.0112,0.16
0.01817999999999824,-0.014400000000000001,0.08
0.01819999999999824,-0.010400000000000001,0.0
0.018219999999998238,-0.0112,-0.12
0.018239999999998237,0.0008,-0.12
0.018259999999998236,-0.004,-0.2
0.018279999999998235,-0.008,-0.24
0.018299999999998234,-0.0024000000000000002,-0.32
0.018319999999998234,-0.0016,-0.36
0.018339999999998233,0.0008,-0.44
0.018359999999998232,0.0032,-0.52
0.01837999999999823,-0.0024000000000000002,-0.56
0.01839999999999823,0.0008,-0.56
0.01841999999999823,0.0056,-0.56
0.01843999999999823,0.0088,-0.56
0.018459999999998228,0.0064,-0.64
0.018479999999998227,0.009600000000000001,-0.64
0.018499999999998226,0.013600000000000001,-0.68
0.018519999999998225,0.0088,-0.68
0.018539999999998225,0.0088,-0.64
0.018559999999998224,0.0088,-0.6
0.018579999999998223,0.0184,-0.6
0.018599999999998222,0.0184,-0.56
0.01861999999999822,0.019200000000000002,-0.52
0.01863999999999822,0.0128,-0.48
0.01865999999999822,0.0128,-0.48
0.01867999999999822,0.014400000000000001,-0.36
0.018699999999998218,0.0176,-0.28
0.018719999999998217,0.010400000000000001,-0.24
0.018739999999998216,0.0128,-0.12
0.018759999999998216,0.009600000000000001,-0.08
0.018779999999998215,0.009600000000000001,0.0
0.018799999999998214,0.016,0.08
0.018819999999998213,0.0128,0.16
0.018839999999998212,0.008,0.24
0.01885999999999821,0.0088,0.28
0.01887999999999821,0.0064,0.32
0.01889999999999821,0.0056,0.4
0.01891999999999821,0.0064,0.48
0.01893999999999821,0.004,0.48
0.018959999999998207,-0.004,0.56
0.018979999999998207,0.0008,0.6
0.018999999999998206,0.0008,0.64
0.019019999999998205,0.0,0.64
0.019039999999998204,-0.0056,0.68
0.019059999999998203,-0.0112,0.68
0.019079999999998203,-0.010400000000000001,0.68
0.019099999999998202,-0.009600000000000001,0.68
0.0191199999999982,-0.014400000000000001,0.64
0.0191399999999982,-0.0112,0.6
0.0191599999999982,-0.010400000000000001,0.6
0.0191799999999982,-0.0112,0.6
0.019199999999998198,-0.0112,0.56
0.019219999999998197,-0.0152,0.52
0.019239999999998196,-0.02,0.44
0.019259999999998195,-0.016,0.36
0.019279999999998194,-0.0112,0.36
0.019299999999998194,-0.012,0.28
0.019319999999998193,-0.014400000000000001,0.2
0.019339999999998192,-0.0112,0.16
0.01935999999999819,-0.010400000000000001,0.08
0.01937999999999819,-0.010400000000000001,0.0
0.01939999999999819,-0.0048000000000000004,-0.08
0.01941999999999819,-0.0112,-0.16
0.019439999999998188,-0.009600000000000001,-0.24
0.019459999999998187,-0.0024000000000000002,-0.32
0.019479999999998186,0.0016,-0.36
0.019499999999998185,0.0064,-0.4
0.019519999999998185,-0.0016,-0.44
0.019539999999998184,-0.0024000000000000002,-0.52
0.019559999999998183,0.004,-0.56
0.019579999999998182,0.0048000000000000004,-0.56
0.01959999999999818,0.0064,-0.6
0.01961999999999818,0.0056,-0.68
0.01963999999999818,0.007200000000000001,-0.68
0.01965999999999818,0.008,-0.68
0.019679999999998178,0.012,-0.64
0.019699999999998177,0.0128,-0.64
0.019719999999998176,0.0128,-0.64
0.019739999999998176,0.0184,-0.6
0.019759999999998175,0.016,-0.56
0.019779999999998174,0.016800000000000002,-0.52
0.019799999999998173,0.016800000000000002,-0.52
0.019819999999998172,0.0216,-0.44
0.01983999999999817,0.019200000000000002,-0.4
0.01985999999999817,0.0216,-0.36
0.01987999999999817,0.016800000000000002,-0.28
0.01989999999999817,0.013600000000000001,-0.24
0.01991999999999817,0.009600000000000001,-0.12
0.019939999999998168,0.014400000000000001,-0.08
0.019959999999998167,0.0152,0.0
0.019979999999998166,0.0088,0.08
0.019999999999998165,0.0112,0.16
0.020019999999998164,0.007200000000000001,0.24
0.020039999999998163,0.0048000000000000004,0.28
0.020059999999998163,0.009600000000000001,0.36
0.020079999999998162,0.008,0.4
0.02009999999999816,0.007200000000000001,0.48
0.02011999999999816,0.0032,0.52
0.02013999999999816,0.0008,0.56
0.02015999999999816,0.0008,0.6
0.020179999999998158,0.0024000000000000002,0.64
0.020199999999998157,-0.0056,0.68
0.020219999999998156,-0.009600000000000001,0.64
0.020239999999998155,-0.0088,0.68
0.020259999999998154,-0.010400000000000001,0.68
0.020279999999998154,-0.0088,0.64
0.020299999999998153,-0.0064,0.68
0.020319999999998152,-0.012,0.64
0.02033999999999815,-0.012,0.64
0.02035999999999815,-0.012,0.6
0.02037999999999815,-0.0152,0.56
0.02039999999999815,-0.012,0.48
0.020419999999998148,-0.014400000000000001,0.44
0.020439999999998147,-0.016,0.4
0.020459999999998146,-0.014400000000000001,0.32
0.020479999999998146,-0.0176,0.24
0.020499999999998145,-0.010400000000000001,0.2
0.020519999999998144,-0.0112,0.12
0.020539999999998143,-0.008,0.0
0.020559999999998142,-0.010400000000000001,-0.04
0.02057999999999814,-0.010400000000000001,-0.12
0.02059999999999814,-0.008,-0.2
0.02061999999999814,-0.004,-0.24
0.02063999999999814,-0.0008,-0.32
0.020659999999998138,-0.0048000000000000004,-0.4
0.020679999999998137,-0.0008,-0.4
0.020699999999998137,0.0016,-0.48
0.020719999999998136,0.0024000000000000002,-0.52
0.020739999999998135,0.0064,-0.56
0.020759999999998134,0.0056,-0.6
0.020779999999998133,0.0056,-0.64
0.020799999999998132,0.0088,-0.64
0.02081999999999813,0.0064,-0.64
0.02083999999999813,0.014400000000000001,-0.64
0.02085999999999813,0.0128,-0.68
0.02087999999999813,0.014400000000000001,-0.68
0.02089999999999813,0.012,-0.64
0.020919999999998128,0.013600000000000001,-0.64
0.020939999999998127,0.0128,-0.6
0.020959999999998126,0.016800000000000002,-0.56
0.020979999999998125,0.0216,-0.52
0.020999999999998124,0.0184,-0.44
0.021019999999998124,0.016,-0.4
0.021039999999998123,0.016800000000000002,-0.32
0.021059999999998122,0.014400000000000001,-0.28
0.02107999999999812,0.016800000000000002,-0.2
0.02109999999999812,0.019200000000000002,-0.12
0.02111999999999812,0.016,-0.08
0.02113999999999812,0.013600000000000001,0.04
0.021159999999998118,0.010400000000000001,0.08
0.021179999999998117,0.010400000000000001,0.2
0.021199999999998116,0.0056,0.24
0.021219999999998115,0.004,0.28
0.021239999999998115,0.0032,0.4
0.021259999999998114,0.008,0.44
0.021279999999998113,0.0032,0.48
0.021299999999998112,0.0,0.48
0.02131999999999811,0.004,0.56
0.02133999999999811,-0.0016,0.6
0.02135999999999811,-0.0048000000000000004,0.64
0.02137999999999811,-0.0048000000000000004,0.68
0.021399999999998108,-0.007200000000000001,0.68
0.021419999999998107,-0.007200000000000001,0.72
0.021439999999998106,-0.0128,0.64
0.021459999999998106,-0.0112,0.68
0.021479999999998105,-0.010400000000000001,0.64
0.021499999999998104,-0.019200000000000002,0.64
0.021519999999998103,-0.014400000000000001,0.6
0.021539999999998102,-0.0112,0.6
0.0215599999999981,-0.010400000000000001,0.52
0.0215799999999981,-0.024800000000000003,0.52
0.0215999999999981,-0.0184,0.44
0.0216199999999981,-0.0184,0.36
0.021639999999998098,-0.013600000000000001,0.28
0.021659999999998097,-0.0112,0.24
0.021679999999998097,-0.010400000000000001,0.2
0.021699999999998096,-0.012,0.16
0.021719999999998095,-0.010400000000000001,0.04
0.021739999999998094,-0.007200000000000001,-0.04
0.021759999999998093,-0.008,-0.08
0.021779999999998093,-0.0048000000000000004,-0.16
0.021799999999998092,-0.0128,-0.24
0.02181999999999809,-0.0088,-0.36
0.02183999999999809,-0.0008,-0.36
0.02185999999999809,0.0008,-0.44
0.02187999999999809,-0.0032,-0.48
0.021899999999998088,0.0008,-0.56
0.021919999999998087,-0.0032,-0.56
0.021939999999998086,0.0024000000000000002,-0.6
0.021959999999998085,-0.0024000000000000002,-0.64
0.021979999999998084,0.007200000000000001,-0.68
0.021999999999998084,0.0088,-0.64
0.022019999999998083,0.013600000000000001,-0.68
0.022039999999998082,0.016,-0.68
0.02205999999999808,0.016,-0.68
0.02207999999999808,0.020800000000000003,-0.64
0.02209999999999808,0.0152,-0.64
0.02211999999999808,0.019200000000000002,-0.56
0.022139999999998078,0.016,-0.52
0.022159999999998077,0.013600000000000001,-0.52
0.022179999999998076,0.016,-0.4
0.022199999999998075,0.0184,-0.36
0.022219999999998075,0.019200000000000002,-0.28
0.022239999999998074,0.0152,-0.2
0.022259999999998073,0.0112,-0.16
0.022279999999998072,0.0128,-0.08
0.02229999999999807,0.010400000000000001,-0.04
0.02231999999999807,0.0112,0.0
0.02233999999999807,0.012,0.12
0.02235999999999807,0.0088,0.16
0.022379999999998068,0.010400000000000001,0.24
0.022399999999998067,0.0064,0.28
0.022419999999998066,0.0056,0.36
0.022439999999998066,0.0088,0.4
0.022459999999998065,0.0016,0.48
0.022479999999998064,0.0024000000000000002,0.52
0.022499999999998063,-0.0056,0.56
0.022519999999998062,0.0048000000000000004,0.64
0.02253999999999806,-0.0016,0.64
0.02255999999999806,0.0,0.72
0.02257999999999806,-0.0088,0.68
0.02259999999999806,-0.0032,0.68
0.02261999999999806,-0.007200000000000001,0.68
0.022639999999998058,-0.023200000000000002,0.68
0.022659999999998057,-0.0112,0.64
0.022679999999998056,-0.016800000000000002,0.64
0.022699999999998055,-0.012,0.6
0.022719999999998054,-0.008,0.6
0.022739999999998053,-0.0128,0.56
0.022759999999998053,-0.0088,0.48
0.022779999999998052,-0.012,0.4
0.02279999999999805,-0.012,0.32
0.02281999999999805,-0.0112,0.28
0.02283999999999805,-0.014400000000000001,0.2
0.02285999999999805,-0.014400000000000001,0.16
0.022879999999998048,-0.016,0.08
0.022899999999998047,-0.0024000000000000002,0.04
0.022919999999998046,-0.0064,0.0
0.022939999999998045,-0.0048000000000000004,-0.12
0.022959999999998044,-0.0128,-0.2
0.022979999999998044,-0.0024000000000000002,-0.28
0.022999999999998043,-0.008,-0.36
0.023019999999998042,-0.0056,-0.36
0.02303999999999804,0.0064,-0.48
0.02305999999999804,-0.0032,-0.48
0.02307999999999804,0.004,-0.52
0.02309999999999804,0.0008,-0.56
0.023119999999998038,0.0032,-0.6
0.023139999999998037,0.012,-0.64
0.023159999999998036,0.004,-0.68
0.023179999999998036,0.0032,-0.68
0.023199999999998035,0.009600000000000001,-0.68
0.023219999999998034,0.0128,-0.64
0.023239999999998033,0.016,-0.64
0.023259999999998032,0.0184,-0.64
0.02327999999999803,0.0128,-0.6
0.02329999999999803,0.0128,-0.56
0.02331999999999803,0.016,-0.48
0.02333999999999803,0.012,-0.48
0.023359999999998028,0.0128,-0.44
0.023379999999998027,0.009600000000000001,-0.4
0.023399999999998027,0.0176,-0.32
0.023419999999998026,0.0112,-0.24
0.023439999999998025,0.013600000000000001,-0.2
0.023459999999998024,0.02,-0.08
0.023479999999998023,0.013600000000000001,-0.08
0.023499999999998022,0.0032,0.0
0.02351999999999802,0.014400000000000001,0.12
0.02353999999999802,0.0112,0.16
0.02355999999999802,0.0,0.2
0.02357999999999802,0.0088,0.36
0.02359999999999802,0.010400000000000001,0.4
0.023619999999998018,0.008,0.44
0.023639999999998017,0.004,0.52
0.023659999999998016,-0.0048000000000000004,0.56
0.023679999999998015,0.0008,0.6
0.023699999999998014,-0.0024000000000000002,0.6
0.023719999999998014,-0.0064,0.64
0.023739999999998013,-0.007200000000000001,0.68
0.023759999999998012,-0.0176,0.72
0.02377999999999801,-0.0112,0.72
0.02379999999999801,-0.010400000000000001,0.72
0.02381999999999801,-0.0112,0.68
0.02383999999999801,-0.008,0.68
0.023859999999998008,-0.014400000000000001,0.6
0.023879999999998007,-0.0184,0.6
0.023899999999998006,-0.010400000000000001,0.6
0.023919999999998005,-0.013600000000000001,0.52
0.023939999999998005,-0.013600000000000001,0.48
0.023959999999998004,-0.0152,0.4
0.023979999999998003,-0.014400000000000001,0.36
0.023999999999998002,-0.012,0.32
0.024019999999998,-0.0152,0.24
0.024039999999998,-0.014400000000000001,0.12
0.024059999999998,-0.013600000000000001,0.08
0.024079999999998,-0.0112,0.0
0.024099999999997998,-0.02,-0.08
0.024119999999997997,-0.0056,-0.16
0.024139999999997996,-0.007200000000000001,-0.2
0.024159999999997996,-0.0024000000000000002,-0.24
0.024179999999997995,-0.0048000000000000004,-0.36
0.024199999999997994,-0.0056,-0.44
0.024219999999997993,-0.004,-0.44
0.024239999999997992,0.0008,-0.48
0.02425999999999799,0.0032,-0.56
0.02427999999999799,0.010400000000000001,-0.56
0.02429999999999799,0.0064,-0.6
0.02431999999999799,0.0088,-0.64
0.024339999999997988,0.010400000000000001,-0.64
0.024359999999997987,0.009600000000000001,-0.68
0.024379999999997987,0.016800000000000002,-0.68
0.024399999999997986,0.0128,-0.64
0.024419999999997985,0.013600000000000001,-0.64
0.024439999999997984,0.0088,-0.64
0.024459999999997983,0.0152,-0.56
0.024479999999997983,0.012,-0.56
0.02449999999999798,0.019200000000000002,-0.52
0.02451999999999798,0.024800000000000003,-0.44
0.02453999999999798,0.0176,-0.4
0.02455999999999798,0.016,-0.36
0.02457999999999798,0.02,-0.24
0.024599999999997978,0.016,-0.24
0.024619999999997977,0.0176,-0.16
0.024639999999997976,0.012,-0.08
0.024659999999997975,0.0088,0.0
0.024679999999997974,0.012,0.08
0.024699999999997974,0.0128,0.16
0.024719999999997973,0.0128,0.2
0.024739999999997972,0.0112,0.28
0.02475999999999797,0.0064,0.36
0.02477999999999797,0.0016,0.4
0.02479999999999797,0.004,0.44
0.02481999999999797,0.004,0.52
0.024839999999997968,0.0048000000000000004,0.56
0.024859999999997967,-0.0064,0.6
0.024879999999997966,-0.0016,0.6
0.024899999999997965,-0.0056,0.68
0.024919999999997965,-0.0064,0.68
0.024939999999997964,-0.008,0.68
0.024959999999997963,-0.0088,0.72
0.024979999999997962,-0.013600000000000001,0.64
0.02499999999999796,-0.0112,0.64
