-0.049960000000000004,0.0012000000000000001
-0.049920000000000006,-0.0008
-0.04988000000000001,0.0004
-0.04984000000000001,-0.0008
-0.04980000000000001,0.0008
-0.04976000000000001,0.0016
-0.049720000000000014,0.0012000000000000001
-0.049680000000000016,0.0
-0.04964000000000002,0.0016
-0.04960000000000002,-0.0004
-0.04956000000000002,0.0012000000000000001
-0.04952000000000002,0.0008
-0.049480000000000024,0.0024000000000000002
-0.049440000000000026,-0.0004
-0.04940000000000003,0.0012000000000000001
-0.04936000000000003,0.0
-0.04932000000000003,0.0016
-0.04928000000000003,-0.0004
-0.049240000000000034,0.0016
-0.049200000000000035,0.0008
-0.04916000000000004,0.0004
-0.04912000000000004,-0.0004
-0.04908000000000004,0.0
-0.04904000000000004,0.0
-0.049000000000000044,-0.0004
-0.048960000000000045,0.0012000000000000001
-0.04892000000000005,0.0016
-0.04888000000000005,0.0004
-0.04884000000000005,0.0016
-0.04880000000000005,0.0016
-0.04876000000000005,0.0012000000000000001
-0.048720000000000055,0.002
-0.04868000000000006,0.0
-0.04864000000000006,0.0012000000000000001
-0.04860000000000006,0.002
-0.04856000000000006,0.0016
-0.04852000000000006,0.0004
-0.048480000000000065,0.0
-0.048440000000000066,0.0024000000000000002
-0.04840000000000007,0.0004
-0.04836000000000007,-0.0004
-0.04832000000000007,0.0
-0.04828000000000007,0.0
-0.048240000000000074,0.0004
-0.048200000000000076,0.0004
-0.04816000000000008,-0.0012000000000000001
-0.04812000000000008,-0.0004
-0.04808000000000008,0.0008
-0.04804000000000008,0.0004
-0.048000000000000084,0.0004
-0.047960000000000086,0.0004
-0.04792000000000009,-0.0008
-0.04788000000000009,-0.0008
-0.04784000000000009,0.0012000000000000001
-0.04780000000000009,-0.0004
-0.047760000000000094,0.0
-0.047720000000000096,0.0004
-0.0476800000000001,0.0016
-0.0476400000000001,0.0016
-0.0476000000000001,0.0004
-0.0475600000000001,0.0
-0.047520000000000104,0.0008
-0.047480000000000105,0.0012000000000000001
-0.04744000000000011,-0.0004
-0.04740000000000011,0.0
-0.04736000000000011,0.0012000000000000001
-0.04732000000000011,0.0
-0.047280000000000114,0.0008
-0.047240000000000115,0.002
-0.04720000000000012,0.0016
-0.04716000000000012,0.0008
-0.04712000000000012,0.0008
-0.04708000000000012,-0.0004
-0.04704000000000012,-0.0008
-0.047000000000000125,0.0
-0.04696000000000013,0.0008
-0.04692000000000013,0.0012000000000000001
-0.04688000000000013,0.0
-0.04684000000000013,-0.0004
-0.04680000000000013,0.0
-0.046760000000000135,0.0016
-0.046720000000000136,0.0004
-0.04668000000000014,0.0012000000000000001
-0.04664000000000014,0.0008
-0.04660000000000014,0.0008
-0.04656000000000014,0.0012000000000000001
-0.046520000000000145,-0.0008
-0.046480000000000146,-0.0008
-0.04644000000000015,0.0
-0.04640000000000015,-0.0012000000000000001
-0.04636000000000015,0.0028
-0.04632000000000015,0.0008
-0.046280000000000154,0.0
-0.046240000000000156,0.0
-0.04620000000000016,0.0
-0.04616000000000016,0.0
-0.04612000000000016,0.0
-0.04608000000000016,0.0
-0.046040000000000164,0.0
-0.046000000000000166,0.0016
-0.04596000000000017,0.0016
-0.04592000000000017,0.0004
-0.04588000000000017,0.0004
-0.04584000000000017,0.0004
-0.045800000000000174,0.0
-0.045760000000000176,0.0024000000000000002
-0.04572000000000018,0.0004
-0.04568000000000018,-0.0004
-0.04564000000000018,0.0008
-0.04560000000000018,0.0012000000000000001
-0.045560000000000184,-0.0004
-0.045520000000000185,-0.0004
-0.04548000000000019,0.0
-0.04544000000000019,0.0032
-0.04540000000000019,0.0
-0.04536000000000019,-0.0008
-0.04532000000000019,0.0004
-0.045280000000000195,0.0004
-0.0452400000000002,-0.0004
-0.0452000000000002,0.0016
-0.0451600000000002,0.0
-0.0451200000000002,-0.0004
-0.0450800000000002,0.0004
-0.045040000000000205,0.0004
-0.045000000000000207,0.002
-0.04496000000000021,-0.0012000000000000001
-0.04492000000000021,0.0004
-0.04488000000000021,0.0
-0.04484000000000021,0.002
-0.044800000000000215,0.0004
-0.044760000000000216,0.0004
-0.04472000000000022,0.0
-0.04468000000000022,0.0008
-0.04464000000000022,0.0004
-0.04460000000000022,-0.0008
-0.044560000000000224,0.0008
-0.044520000000000226,0.0008
-0.04448000000000023,0.0008
-0.04444000000000023,0.0004
-0.04440000000000023,0.0004
-0.04436000000000023,0.0004
-0.044320000000000234,0.0
-0.044280000000000236,0.002
-0.04424000000000024,-0.0004
-0.04420000000000024,0.0008
-0.04416000000000024,-0.0004
-0.04412000000000024,0.0
-0.044080000000000244,0.0004
-0.044040000000000246,0.0004
-0.04400000000000025,-0.0012000000000000001
-0.04396000000000025,-0.0004
-0.04392000000000025,0.0
-0.04388000000000025,0.0
-0.043840000000000254,0.0008
-0.043800000000000255,0.0
-0.04376000000000026,0.0008
-0.04372000000000026,0.0008
-0.04368000000000026,0.0
-0.04364000000000026,0.0012000000000000001
-0.043600000000000264,-0.0008
-0.043560000000000265,0.0
-0.04352000000000027,0.0
-0.04348000000000027,0.0004
-0.04344000000000027,0.0
-0.04340000000000027,0.0008
-0.04336000000000027,0.0
-0.043320000000000275,0.002
-0.04328000000000028,-0.0004
-0.04324000000000028,0.0004
-0.04320000000000028,0.0
-0.04316000000000028,0.0
-0.04312000000000028,0.0
-0.043080000000000285,0.0
-0.043040000000000286,0.0008
-0.04300000000000029,0.0012000000000000001
-0.04296000000000029,0.0
-0.04292000000000029,0.0016
-0.04288000000000029,0.0004
-0.042840000000000295,0.0
-0.042800000000000296,0.0
-0.0427600000000003,0.0016
-0.0427200000000003,0.0012000000000000001
-0.0426800000000003,0.0
-0.0426400000000003,-0.0004
-0.042600000000000304,0.0016
-0.042560000000000306,0.0
-0.04252000000000031,0.0008
-0.04248000000000031,-0.0004
-0.04244000000000031,0.0008
-0.04240000000000031,0.0016
-0.042360000000000314,-0.0004
-0.042320000000000316,0.0008
-0.04228000000000032,0.0012000000000000001
-0.04224000000000032,0.0
-0.04220000000000032,-0.0004
-0.04216000000000032,-0.0008
-0.042120000000000324,0.0008
-0.042080000000000325,-0.0012000000000000001
-0.04204000000000033,0.0016
-0.04200000000000033,0.0008
-0.04196000000000033,-0.0004
-0.04192000000000033,0.0004
-0.041880000000000334,0.0004
-0.041840000000000335,0.0008
-0.04180000000000034,-0.0004
-0.04176000000000034,0.0004
-0.04172000000000034,0.0
-0.04168000000000034,0.0008
-0.04164000000000034,0.0012000000000000001
-0.041600000000000345,0.0008
-0.04156000000000035,0.0016
-0.04152000000000035,-0.0004
-0.04148000000000035,-0.002
-0.04144000000000035,-0.0004
-0.04140000000000035,0.0
-0.041360000000000355,0.0008
-0.041320000000000356,0.0004
-0.04128000000000036,-0.0004
-0.04124000000000036,0.0016
-0.04120000000000036,0.0004
-0.04116000000000036,0.0004
-0.041120000000000365,0.0
-0.041080000000000366,-0.0012000000000000001
-0.04104000000000037,0.0
-0.04100000000000037,0.0008
-0.04096000000000037,0.0012000000000000001
-0.04092000000000037,0.0
-0.040880000000000374,0.0
-0.040840000000000376,0.0
-0.04080000000000038,0.0004
-0.04076000000000038,-0.0016
-0.04072000000000038,0.0004
-0.04068000000000038,0.0
-0.040640000000000384,0.0
-0.040600000000000386,-0.0008
-0.04056000000000039,-0.0012000000000000001
-0.04052000000000039,0.0
-0.04048000000000039,0.0008
-0.04044000000000039,0.0004
-0.040400000000000394,-0.0004
-0.040360000000000396,0.0
-0.0403200000000004,0.0012000000000000001
-0.0402800000000004,0.0004
-0.0402400000000004,-0.0008
-0.0402000000000004,0.0016
-0.040160000000000404,0.0016
-0.040120000000000405,-0.0004
-0.04008000000000041,0.0004
-0.04004000000000041,0.0016
-0.04000000000000041,-0.0004
-0.03996000000000041,0.0
-0.039920000000000413,0.0
-0.039880000000000415,0.002
-0.03984000000000042,0.0012000000000000001
-0.03980000000000042,0.0004
-0.03976000000000042,0.0012000000000000001
-0.03972000000000042,0.0
-0.03968000000000042,0.0012000000000000001
-0.039640000000000425,-0.0004
-0.039600000000000427,-0.0004
-0.03956000000000043,0.0008
-0.03952000000000043,0.0
-0.03948000000000043,-0.0004
-0.03944000000000043,0.0008
-0.039400000000000435,0.0016
-0.039360000000000436,0.0012000000000000001
-0.03932000000000044,0.0008
-0.03928000000000044,-0.0004
-0.03924000000000044,0.002
-0.03920000000000044,0.0
-0.039160000000000444,-0.0012000000000000001
-0.039120000000000446,0.0004
-0.03908000000000045,0.0
-0.03904000000000045,0.0
-0.03900000000000045,0.0
-0.03896000000000045,0.0012000000000000001
-0.038920000000000454,0.0
-0.038880000000000456,-0.0004
-0.03884000000000046,0.0
-0.03880000000000046,0.0012000000000000001
-0.03876000000000046,0.0016
-0.03872000000000046,0.0004
-0.038680000000000464,-0.0004
-0.038640000000000466,0.0004
-0.03860000000000047,0.0004
-0.03856000000000047,0.0
-0.03852000000000047,0.002
-0.03848000000000047,0.0012000000000000001
-0.038440000000000474,0.0008
-0.038400000000000475,0.0008
-0.03836000000000048,0.0004
-0.03832000000000048,0.0004
-0.03828000000000048,0.0016
-0.03824000000000048,-0.0004
-0.038200000000000484,0.0012000000000000001
-0.038160000000000485,0.0004
-0.03812000000000049,-0.0012000000000000001
-0.03808000000000049,0.0004
-0.03804000000000049,0.0004
-0.03800000000000049,0.0
-0.03796000000000049,0.0012000000000000001
-0.037920000000000495,-0.0004
-0.0378800000000005,0.0012000000000000001
-0.0378400000000005,-0.0008
-0.0378000000000005,0.0004
-0.0377600000000005,0.0
-0.0377200000000005,0.0008
-0.037680000000000505,0.002
-0.037640000000000506,0.0
-0.03760000000000051,-0.0004
-0.03756000000000051,-0.0016
-0.03752000000000051,-0.0004
-0.03748000000000051,-0.0004
-0.037440000000000515,0.0004
-0.037400000000000516,0.0
-0.03736000000000052,0.0008
-0.03732000000000052,0.0008
-0.03728000000000052,0.0008
-0.03724000000000052,-0.0012000000000000001
-0.037200000000000524,-0.0016
-0.037160000000000526,0.0
-0.03712000000000053,0.0004
-0.03708000000000053,0.0012000000000000001
-0.03704000000000053,0.0012000000000000001
-0.03700000000000053,0.0012000000000000001
-0.036960000000000534,-0.0008
-0.036920000000000536,0.0004
-0.03688000000000054,-0.0004
-0.03684000000000054,0.0004
-0.03680000000000054,0.0016
-0.03676000000000054,-0.0004
-0.036720000000000544,0.0012000000000000001
-0.036680000000000546,0.0004
-0.03664000000000055,0.0
-0.03660000000000055,0.0012000000000000001
-0.03656000000000055,0.0012000000000000001
-0.03652000000000055,0.0004
-0.036480000000000554,0.0012000000000000001
-0.036440000000000555,0.0004
-0.03640000000000056,0.0004
-0.03636000000000056,0.0
-0.03632000000000056,-0.0012000000000000001
-0.03628000000000056,0.0004
-0.03624000000000056,-0.0012000000000000001
-0.036200000000000565,0.0016
-0.03616000000000057,0.002
-0.03612000000000057,0.0012000000000000001
-0.03608000000000057,0.0004
-0.03604000000000057,0.0
-0.03600000000000057,0.0
-0.035960000000000575,0.0
-0.035920000000000576,0.0
-0.03588000000000058,0.0008
-0.03584000000000058,0.0
-0.03580000000000058,0.002
-0.03576000000000058,0.0
-0.035720000000000585,0.0
-0.035680000000000586,0.0012000000000000001
-0.03564000000000059,-0.0004
-0.03560000000000059,0.0004
-0.03556000000000059,0.0008
-0.03552000000000059,0.0016
-0.035480000000000594,0.002
-0.035440000000000596,0.0012000000000000001
-0.0354000000000006,0.0004
-0.0353600000000006,0.0004
-0.0353200000000006,0.0012000000000000001
-0.0352800000000006,0.0
-0.035240000000000604,0.0
-0.035200000000000606,0.0012000000000000001
-0.03516000000000061,0.0016
-0.03512000000000061,0.0004
-0.03508000000000061,0.0012000000000000001
-0.03504000000000061,0.002
-0.035000000000000614,0.0004
-0.034960000000000616,0.0004
-0.03492000000000062,-0.0008
-0.03488000000000062,0.0
-0.03484000000000062,-0.002
-0.03480000000000062,0.0016
-0.034760000000000624,0.0012000000000000001
-0.034720000000000625,0.0008
-0.03468000000000063,0.0012000000000000001
-0.03464000000000063,0.0004
-0.03460000000000063,0.0
-0.03456000000000063,0.0
-0.034520000000000634,-0.0004
-0.034480000000000635,-0.0024000000000000002
-0.03444000000000064,-0.0004
-0.03440000000000064,0.0004
-0.03436000000000064,0.0004
-0.03432000000000064,0.0008
-0.03428000000000064,0.0008
-0.034240000000000645,0.0012000000000000001
-0.03420000000000065,-0.0008
-0.03416000000000065,0.0016
-0.03412000000000065,0.0008
-0.03408000000000065,0.0008
-0.03404000000000065,0.0008
-0.034000000000000655,0.0004
-0.033960000000000656,0.0016
-0.03392000000000066,0.0008
-0.03388000000000066,0.0032
-0.03384000000000066,0.0
-0.03380000000000066,0.0
-0.033760000000000664,-0.0008
-0.033720000000000666,0.0004
-0.03368000000000067,0.0
-0.03364000000000067,0.0008
-0.03360000000000067,0.0
-0.03356000000000067,0.0008
-0.033520000000000674,0.0
-0.033480000000000676,0.0008
-0.03344000000000068,0.0016
-0.03340000000000068,0.0004
-0.03336000000000068,-0.0004
-0.03332000000000068,0.0008
-0.033280000000000684,0.0004
-0.033240000000000686,0.0004
-0.03320000000000069,0.0008
-0.03316000000000069,0.0
-0.03312000000000069,0.0012000000000000001
-0.03308000000000069,0.0008
-0.033040000000000694,0.0
-0.033000000000000695,0.0012000000000000001
-0.0329600000000007,0.0
-0.0329200000000007,-0.0004
-0.0328800000000007,0.0008
-0.0328400000000007,0.002
-0.032800000000000704,0.0
-0.032760000000000705,0.0012000000000000001
-0.03272000000000071,0.0008
-0.03268000000000071,0.0
-0.03264000000000071,0.0008
-0.03260000000000071,0.0008
-0.03256000000000071,0.0008
-0.032520000000000715,0.0012000000000000001
-0.03248000000000072,0.0012000000000000001
-0.03244000000000072,-0.0012000000000000001
-0.03240000000000072,0.0012000000000000001
-0.03236000000000072,0.0028
-0.03232000000000072,0.0
-0.032280000000000725,0.0012000000000000001
-0.032240000000000726,0.0004
-0.03220000000000073,-0.0004
-0.03216000000000073,0.0008
-0.03212000000000073,0.0008
-0.03208000000000073,-0.0004
-0.032040000000000735,0.0008
-0.032000000000000736,-0.0008
-0.03196000000000074,0.0008
-0.03192000000000074,0.0004
-0.03188000000000074,0.0
-0.03184000000000074,0.0012000000000000001
-0.031800000000000744,0.0016
-0.031760000000000746,0.0016
-0.03172000000000075,0.0004
-0.03168000000000075,0.0
-0.03164000000000075,0.0004
-0.03160000000000075,0.0016
-0.031560000000000754,0.0012000000000000001
-0.031520000000000756,0.0
-0.03148000000000076,0.0004
-0.03144000000000076,0.002
-0.03140000000000076,0.0004
-0.03136000000000076,0.0
-0.031320000000000764,0.0008
-0.031280000000000766,-0.0012000000000000001
-0.031240000000000767,0.0024000000000000002
-0.03120000000000077,0.0004
-0.03116000000000077,0.0
-0.031120000000000772,0.0012000000000000001
-0.031080000000000774,0.0008
-0.031040000000000775,0.0
-0.031000000000000777,0.0004
-0.03096000000000078,0.0012000000000000001
-0.03092000000000078,0.0016
-0.030880000000000782,0.0012000000000000001
-0.030840000000000783,0.0
-0.030800000000000785,0.0008
-0.030760000000000787,0.0
-0.03072000000000079,0.0016
-0.03068000000000079,0.0016
-0.03064000000000079,0.0
-0.030600000000000793,0.0
-0.030560000000000795,-0.0004
-0.030520000000000796,0.0016
-0.030480000000000798,0.0012000000000000001
-0.0304400000000008,0.0012000000000000001
-0.0304000000000008,-0.0024000000000000002
-0.030360000000000803,0.0008
-0.030320000000000805,0.0004
-0.030280000000000806,0.0008
-0.030240000000000808,0.0008
-0.03020000000000081,0.0008
-0.03016000000000081,0.0
-0.030120000000000813,0.0024000000000000002
-0.030080000000000814,0.0
-0.030040000000000816,0.0
-0.030000000000000818,0.0
-0.02996000000000082,0.0004
-0.02992000000000082,0.0
-0.029880000000000823,0.0016
-0.029840000000000824,0.0004
-0.029800000000000826,0.0004
-0.029760000000000827,0.0
-0.02972000000000083,0.0008
-0.02968000000000083,0.0
-0.029640000000000832,0.0016
-0.029600000000000834,0.0004
-0.029560000000000836,0.0008
-0.029520000000000837,0.0016
-0.02948000000000084,0.0012000000000000001
-0.02944000000000084,0.0
-0.029400000000000842,0.0012000000000000001
-0.029360000000000844,0.0
-0.029320000000000845,0.0008
-0.029280000000000847,0.0012000000000000001
-0.02924000000000085,0.0012000000000000001
-0.02920000000000085,0.0024000000000000002
-0.029160000000000852,0.0008
-0.029120000000000854,0.0008
-0.029080000000000855,0.0004
-0.029040000000000857,0.0008
-0.02900000000000086,0.0012000000000000001
-0.02896000000000086,0.0004
-0.02892000000000086,0.0016
-0.028880000000000863,0.0012000000000000001
-0.028840000000000865,0.0012000000000000001
-0.028800000000000867,-0.0004
-0.028760000000000868,-0.0016
-0.02872000000000087,0.0008
-0.02868000000000087,-0.0004
-0.028640000000000873,0.002
-0.028600000000000875,-0.0012000000000000001
-0.028560000000000876,0.0012000000000000001
-0.028520000000000878,0.0012000000000000001
-0.02848000000000088,0.0
-0.02844000000000088,0.0004
-0.028400000000000883,0.0012000000000000001
-0.028360000000000885,0.0
-0.028320000000000886,-0.0004
-0.028280000000000888,0.0008
-0.02824000000000089,0.0012000000000000001
-0.02820000000000089,0.0016
-0.028160000000000893,0.0008
-0.028120000000000894,0.0008
-0.028080000000000896,0.002
-0.028040000000000898,0.0012000000000000001
-0.0280000000000009,0.0004
-0.0279600000000009,0.0008
-0.027920000000000902,0.0012000000000000001
-0.027880000000000904,-0.0004
-0.027840000000000906,0.0
-0.027800000000000907,0.0004
-0.02776000000000091,0.0012000000000000001
-0.02772000000000091,0.0016
-0.027680000000000912,0.0016
-0.027640000000000914,0.0004
-0.027600000000000915,0.0008
-0.027560000000000917,0.0008
-0.02752000000000092,0.0
-0.02748000000000092,0.0004
-0.027440000000000922,0.0004
-0.027400000000000924,0.0004
-0.027360000000000925,0.002
-0.027320000000000927,0.0008
-0.02728000000000093,0.0008
-0.02724000000000093,-0.0008
-0.027200000000000932,-0.0008
-0.027160000000000933,0.0008
-0.027120000000000935,0.0012000000000000001
-0.027080000000000937,0.0
-0.02704000000000094,-0.0004
-0.02700000000000094,0.0004
-0.02696000000000094,0.0
-0.026920000000000943,0.0
-0.026880000000000945,0.0012000000000000001
-0.026840000000000946,0.0008
-0.026800000000000948,0.0016
-0.02676000000000095,0.0016
-0.02672000000000095,0.0008
-0.026680000000000953,0.0004
-0.026640000000000955,0.0
-0.026600000000000956,0.002
-0.026560000000000958,0.0016
-0.02652000000000096,0.0
-0.02648000000000096,0.0004
-0.026440000000000963,-0.0008
-0.026400000000000964,0.0004
-0.026360000000000966,0.0016
-0.026320000000000968,0.0004
-0.02628000000000097,0.0
-0.02624000000000097,0.0004
-0.026200000000000973,0.0004
-0.026160000000000974,0.0008
-0.026120000000000976,0.0004
-0.026080000000000977,0.0004
-0.02604000000000098,0.0004
-0.02600000000000098,0.0012000000000000001
-0.025960000000000982,0.0008
-0.025920000000000984,0.0004
-0.025880000000000986,0.0008
-0.025840000000000987,0.0004
-0.02580000000000099,0.0
-0.02576000000000099,-0.0008
-0.025720000000000992,0.0016
-0.025680000000000994,0.0016
-0.025640000000000995,0.0012000000000000001
-0.025600000000000997,-0.0012000000000000001
-0.025560000000001,0.0024000000000000002
-0.025520000000001,0.0004
-0.025480000000001002,0.0012000000000000001
-0.025440000000001003,-0.0016
-0.025400000000001005,0.0
-0.025360000000001007,-0.0004
-0.02532000000000101,0.0008
-0.02528000000000101,0.0012000000000000001
-0.02524000000000101,0.0008
-0.025200000000001013,0.0
-0.025160000000001015,0.0004
-0.025120000000001017,0.0012000000000000001
-0.025080000000001018,-0.0004
-0.02504000000000102,-0.0012000000000000001
-0.02500000000000102,0.0004
-0.024960000000001023,0.0004
-0.024920000000001025,0.0008
-0.024880000000001026,0.0028
-0.024840000000001028,0.0004
-0.02480000000000103,0.0004
-0.02476000000000103,0.0008
-0.024720000000001033,0.0004
-0.024680000000001034,0.0012000000000000001
-0.024640000000001036,-0.0012000000000000001
-0.024600000000001038,0.0004
-0.02456000000000104,0.002
-0.02452000000000104,0.0008
-0.024480000000001043,0.0012000000000000001
-0.024440000000001044,0.0004
-0.024400000000001046,0.0012000000000000001
-0.024360000000001047,0.0008
-0.02432000000000105,0.0004
-0.02428000000000105,0.002
-0.024240000000001052,0.0008
-0.024200000000001054,0.0004
-0.024160000000001056,0.0016
-0.024120000000001057,0.0008
-0.02408000000000106,0.0016
-0.02404000000000106,-0.0004
-0.024000000000001062,0.0004
-0.023960000000001064,-0.0004
-0.023920000000001065,-0.0004
-0.023880000000001067,0.0
-0.02384000000000107,0.0012000000000000001
-0.02380000000000107,0.0004
-0.023760000000001072,0.0008
-0.023720000000001074,0.0008
-0.023680000000001075,0.0012000000000000001
-0.023640000000001077,0.0004
-0.02360000000000108,0.0012000000000000001
-0.02356000000000108,0.0008
-0.02352000000000108,0.0012000000000000001
-0.023480000000001083,0.0004
-0.023440000000001085,0.0
-0.023400000000001087,0.0012000000000000001
-0.023360000000001088,0.0004
-0.02332000000000109,0.0016
-0.02328000000000109,0.0
-0.023240000000001093,-0.0008
-0.023200000000001095,-0.0008
-0.023160000000001096,0.0004
-0.023120000000001098,0.0
-0.0230800000000011,0.0024000000000000002
-0.0230400000000011,-0.0008
-0.023000000000001103,0.0
-0.022960000000001105,0.0008
-0.022920000000001106,0.0016
-0.022880000000001108,0.0008
-0.02284000000000111,-0.0004
-0.02280000000000111,-0.0008
-0.022760000000001113,0.0008
-0.022720000000001114,0.0008
-0.022680000000001116,-0.0008
-0.022640000000001118,-0.0008
-0.02260000000000112,-0.0004
-0.02256000000000112,0.0008
-0.022520000000001122,-0.0004
-0.022480000000001124,0.0016
-0.022440000000001126,-0.002
-0.022400000000001127,0.0008
-0.02236000000000113,0.0
-0.02232000000000113,0.0
-0.022280000000001132,-0.0004
-0.022240000000001134,-0.0012000000000000001
-0.022200000000001135,0.002
-0.022160000000001137,0.0012000000000000001
-0.02212000000000114,0.0004
-0.02208000000000114,0.0
-0.022040000000001142,0.0012000000000000001
-0.022000000000001144,0.0012000000000000001
-0.021960000000001145,0.0
-0.021920000000001147,0.0
-0.02188000000000115,-0.0008
-0.02184000000000115,0.002
-0.021800000000001152,0.0004
-0.021760000000001153,0.0004
-0.021720000000001155,0.0012000000000000001
-0.021680000000001157,0.0024000000000000002
-0.02164000000000116,0.0012000000000000001
-0.02160000000000116,0.0004
-0.02156000000000116,-0.0008
-0.021520000000001163,-0.0004
-0.021480000000001165,0.0024000000000000002
-0.021440000000001166,-0.0004
-0.021400000000001168,0.002
-0.02136000000000117,0.0004
-0.02132000000000117,0.0008
-0.021280000000001173,0.0008
-0.021240000000001175,0.0032
-0.021200000000001176,-0.0004
-0.021160000000001178,0.0012000000000000001
-0.02112000000000118,0.0
-0.02108000000000118,0.0
-0.021040000000001183,0.0004
-0.021000000000001184,-0.0004
-0.020960000000001186,0.0
-0.020920000000001188,-0.0004
-0.02088000000000119,0.0008
-0.02084000000000119,0.0008
-0.020800000000001193,0.0008
-0.020760000000001194,0.0004
-0.020720000000001196,0.0008
-0.020680000000001197,0.0016
-0.0206400000000012,0.0
-0.0206000000000012,0.0004
-0.020560000000001202,0.0004
-0.020520000000001204,0.0016
-0.020480000000001206,-0.0008
-0.020440000000001207,0.0
-0.02040000000000121,-0.0004
-0.02036000000000121,0.0012000000000000001
-0.020320000000001212,0.0016
-0.020280000000001214,-0.0016
-0.020240000000001215,0.0
-0.020200000000001217,0.0
-0.02016000000000122,0.002
-0.02012000000000122,0.0032
-0.020080000000001222,-0.0004
-0.020040000000001224,0.0016
-0.020000000000001225,0.0024000000000000002
-0.019960000000001227,0.0004
-0.01992000000000123,0.0004
-0.01988000000000123,-0.0008
-0.01984000000000123,0.0016
-0.019800000000001233,-0.0012000000000000001
-0.019760000000001235,0.0
-0.019720000000001237,0.0012000000000000001
-0.019680000000001238,-0.0004
-0.01964000000000124,0.0008
-0.01960000000000124,0.0
-0.019560000000001243,0.0012000000000000001
-0.019520000000001245,0.0008
-0.019480000000001246,0.0
-0.019440000000001248,0.0004
-0.01940000000000125,0.0004
-0.01936000000000125,0.0004
-0.019320000000001253,0.0
-0.019280000000001254,0.0016
-0.019240000000001256,0.0
-0.019200000000001258,0.0004
-0.01916000000000126,0.0
-0.01912000000000126,0.0004
-0.019080000000001263,0.0
-0.019040000000001264,0.0008
-0.019000000000001266,0.0004
-0.018960000000001268,0.0012000000000000001
-0.01892000000000127,-0.0004
-0.01888000000000127,0.0012000000000000001
-0.018840000000001272,0.0008
-0.018800000000001274,-0.0012000000000000001
-0.018760000000001276,0.0024000000000000002
-0.018720000000001277,0.0012000000000000001
-0.01868000000000128,0.0004
-0.01864000000000128,0.0012000000000000001
-0.018600000000001282,0.0004
-0.018560000000001284,-0.0008
-0.018520000000001285,-0.0004
-0.018480000000001287,0.0
-0.01844000000000129,-0.0008
-0.01840000000000129,0.0004
-0.018360000000001292,0.0004
-0.018320000000001294,0.0008
-0.018280000000001295,0.0008
-0.018240000000001297,0.0
-0.0182000000000013,0.0004
-0.0181600000000013,0.0012000000000000001
-0.0181200000000013,0.0004
-0.018080000000001303,0.0012000000000000001
-0.018040000000001305,-0.0004
-0.018000000000001307,-0.0004
-0.017960000000001308,0.0016
-0.01792000000000131,0.0012000000000000001
-0.01788000000000131,0.0004
-0.017840000000001313,0.0012000000000000001
-0.017800000000001315,-0.0016
-0.017760000000001316,0.0004
-0.017720000000001318,0.0012000000000000001
-0.01768000000000132,0.002
-0.01764000000000132,0.0
-0.017600000000001323,0.0004
-0.017560000000001325,0.0
-0.017520000000001326,-0.0012000000000000001
-0.017480000000001328,-0.0004
-0.01744000000000133,0.0004
-0.01740000000000133,0.0
-0.017360000000001333,0.0008
-0.017320000000001334,0.0016
-0.017280000000001336,0.0
-0.017240000000001338,0.0
-0.01720000000000134,-0.0004
-0.01716000000000134,0.0016
-0.017120000000001342,0.0012000000000000001
-0.017080000000001344,-0.0012000000000000001
-0.017040000000001346,-0.0004
-0.017000000000001347,-0.0004
-0.01696000000000135,-0.0008
-0.01692000000000135,0.0008
-0.016880000000001352,0.0016
-0.016840000000001354,0.0
-0.016800000000001356,0.0016
-0.016760000000001357,-0.0004
-0.01672000000000136,0.0012000000000000001
-0.01668000000000136,0.0
-0.016640000000001362,-0.0008
-0.016600000000001364,0.0008
-0.016560000000001365,-0.0012000000000000001
-0.016520000000001367,0.0
-0.01648000000000137,0.0
-0.01644000000000137,0.0008
-0.016400000000001372,-0.0008
-0.016360000000001373,0.0
-0.016320000000001375,-0.0004
-0.016280000000001377,0.0012000000000000001
-0.01624000000000138,-0.0008
-0.01620000000000138,0.0
-0.01616000000000138,0.0008
-0.016120000000001383,0.0012000000000000001
-0.016080000000001385,-0.0004
-0.016040000000001386,-0.0004
-0.016000000000001388,0.002
-0.01596000000000139,0.0012000000000000001
-0.01592000000000139,0.0008
-0.015880000000001393,0.0
-0.015840000000001395,-0.0008
-0.015800000000001396,-0.0008
-0.015760000000001398,0.0016
-0.0157200000000014,0.0004
-0.0156800000000014,0.0004
-0.015640000000001403,0.0004
-0.015600000000001404,0.0
-0.015560000000001406,0.0
-0.015520000000001408,-0.0012000000000000001
-0.01548000000000141,-0.0004
-0.015440000000001411,0.0008
-0.015400000000001413,-0.0004
-0.015360000000001414,-0.0008
-0.015320000000001416,0.0004
-0.015280000000001417,0.0016
-0.015240000000001419,0.0004
-0.01520000000000142,0.0012000000000000001
-0.015160000000001422,-0.0004
-0.015120000000001424,0.0012000000000000001
-0.015080000000001426,0.002
-0.015040000000001427,0.0
-0.015000000000001429,0.0008
-0.01496000000000143,0.002
-0.014920000000001432,0.0
-0.014880000000001434,0.0
-0.014840000000001435,0.0004
-0.014800000000001437,0.0
-0.014760000000001439,0.0
-0.01472000000000144,0.0016
-0.014680000000001442,0.0
-0.014640000000001444,0.0028
-0.014600000000001445,0.0004
-0.014560000000001447,-0.0004
-0.014520000000001448,0.0012000000000000001
-0.01448000000000145,-0.0008
-0.014440000000001452,0.0008
-0.014400000000001453,0.0004
-0.014360000000001455,-0.0004
-0.014320000000001457,-0.0008
-0.014280000000001458,0.0004
-0.01424000000000146,0.0
-0.014200000000001461,0.0
-0.014160000000001463,0.0004
-0.014120000000001465,0.0012000000000000001
-0.014080000000001466,0.0008
-0.014040000000001468,-0.0004
-0.01400000000000147,0.0016
-0.013960000000001471,0.0008
-0.013920000000001473,-0.0004
-0.013880000000001474,0.0
-0.013840000000001476,-0.0008
-0.013800000000001478,-0.0012000000000000001
-0.01376000000000148,0.0
-0.013720000000001481,0.0004
-0.013680000000001483,0.0
-0.013640000000001484,-0.0008
-0.013600000000001486,0.0012000000000000001
-0.013560000000001488,0.0012000000000000001
-0.01352000000000149,0.0008
-0.01348000000000149,0.0012000000000000001
-0.013440000000001492,0.0008
-0.013400000000001494,0.0004
-0.013360000000001496,0.0012000000000000001
-0.013320000000001497,0.0004
-0.013280000000001499,0.0008
-0.0132400000000015,0.0012000000000000001
-0.013200000000001502,0.0
-0.013160000000001504,0.0004
-0.013120000000001505,0.0
-0.013080000000001507,0.0
-0.013040000000001509,0.0028
-0.01300000000000151,0.0
-0.012960000000001512,0.0012000000000000001
-0.012920000000001514,-0.0004
-0.012880000000001515,0.0
-0.012840000000001517,-0.0004
-0.012800000000001518,0.0016
-0.01276000000000152,-0.0004
-0.012720000000001522,0.0
-0.012680000000001523,-0.0012000000000000001
-0.012640000000001525,0.0008
-0.012600000000001527,0.0008
-0.012560000000001528,0.0012000000000000001
-0.01252000000000153,0.0004
-0.012480000000001532,-0.0008
-0.012440000000001533,-0.0004
-0.012400000000001535,0.0004
-0.012360000000001536,0.0
-0.012320000000001538,0.0
-0.01228000000000154,0.0
-0.012240000000001541,-0.0004
-0.012200000000001543,0.0
-0.012160000000001545,-0.0008
-0.012120000000001546,-0.0004
-0.012080000000001548,0.0004
-0.01204000000000155,-0.0008
-0.012000000000001551,0.0004
-0.011960000000001553,0.0004
-0.011920000000001554,-0.0004
-0.011880000000001556,-0.0008
-0.011840000000001558,0.0008
-0.01180000000000156,0.0016
-0.011760000000001561,0.0
-0.011720000000001563,0.0016
-0.011680000000001564,-0.0016
-0.011640000000001566,0.0016
-0.011600000000001567,0.0
-0.011560000000001569,0.002
-0.01152000000000157,0.0
-0.011480000000001572,0.0016
-0.011440000000001574,0.0004
-0.011400000000001576,-0.0012000000000000001
-0.011360000000001577,-0.0004
-0.011320000000001579,0.0008
-0.01128000000000158,0.0016
-0.011240000000001582,0.0012000000000000001
-0.011200000000001584,0.0
-0.011160000000001585,-0.0012000000000000001
-0.011120000000001587,0.0008
-0.011080000000001589,0.0
-0.01104000000000159,0.0012000000000000001
-0.011000000000001592,0.0
-0.010960000000001593,0.0008
-0.010920000000001595,0.0012000000000000001
-0.010880000000001597,0.0004
-0.010840000000001598,-0.0008
-0.0108000000000016,0.0008
-0.010760000000001602,-0.0004
-0.010720000000001603,0.0
-0.010680000000001605,-0.0004
-0.010640000000001607,0.0
-0.010600000000001608,0.0
-0.01056000000000161,0.0012000000000000001
-0.010520000000001611,0.002
-0.010480000000001613,-0.0004
-0.010440000000001615,0.0
-0.010400000000001616,-0.0008
-0.010360000000001618,0.0008
-0.01032000000000162,0.0016
-0.010280000000001621,0.0004
-0.010240000000001623,-0.0012000000000000001
-0.010200000000001624,0.0012000000000000001
-0.010160000000001626,0.002
-0.010120000000001628,0.0004
-0.01008000000000163,-0.0004
-0.010040000000001631,0.0
-0.010000000000001633,0.0
-0.009960000000001634,0.0008
-0.009920000000001636,0.0004
-0.009880000000001637,0.0008
-0.009840000000001639,0.0
-0.00980000000000164,0.0012000000000000001
-0.009760000000001642,0.0004
-0.009720000000001644,0.0
-0.009680000000001646,0.0
-0.009640000000001647,0.0004
-0.009600000000001649,0.0
-0.00956000000000165,0.0008
-0.009520000000001652,-0.0004
-0.009480000000001654,0.0
-0.009440000000001655,0.0012000000000000001
-0.009400000000001657,-0.0004
-0.009360000000001659,-0.0004
-0.00932000000000166,-0.0004
-0.009280000000001662,0.0008
-0.009240000000001664,0.0008
-0.009200000000001665,0.0012000000000000001
-0.009160000000001667,-0.0012000000000000001
-0.009120000000001668,0.0008
-0.00908000000000167,0.0004
-0.009040000000001672,0.0008
-0.009000000000001673,0.0012000000000000001
-0.008960000000001675,-0.0004
-0.008920000000001677,0.0008
-0.008880000000001678,0.0
-0.00884000000000168,0.0008
-0.008800000000001681,0.0004
-0.008760000000001683,-0.0004
-0.008720000000001685,-0.0004
-0.008680000000001686,-0.0004
-0.008640000000001688,0.0004
-0.00860000000000169,0.0
-0.008560000000001691,0.0012000000000000001
-0.008520000000001693,0.0
-0.008480000000001695,0.0
-0.008440000000001696,0.0016
-0.008400000000001698,0.0
-0.0083600000000017,-0.0004
-0.008320000000001701,0.0
-0.008280000000001703,0.0008
-0.008240000000001704,0.0004
-0.008200000000001706,-0.002
-0.008160000000001708,0.0016
-0.00812000000000171,0.0
-0.00808000000000171,-0.0004
-0.008040000000001712,0.0012000000000000001
-0.008000000000001714,0.0
-0.007960000000001716,0.0008
-0.007920000000001717,0.0016
-0.007880000000001719,0.0008
-0.00784000000000172,-0.0008
-0.007800000000001722,0.0016
-0.007760000000001724,0.0004
-0.0077200000000017255,0.0008
-0.007680000000001727,0.0004
-0.007640000000001729,-0.0004
-0.00760000000000173,0.0
-0.007560000000001732,0.0
-0.007520000000001734,-0.0004
-0.007480000000001735,-0.0012000000000000001
-0.007440000000001737,-0.0004
-0.0074000000000017385,0.0008
-0.00736000000000174,0.0004
-0.007320000000001742,0.0012000000000000001
-0.007280000000001743,0.0004
-0.007240000000001745,-0.0004
-0.007200000000001747,-0.0008
-0.007160000000001748,0.0
-0.00712000000000175,-0.0008
-0.0070800000000017516,-0.0008
-0.007040000000001753,0.0004
-0.007000000000001755,-0.0004
-0.0069600000000017564,-0.0008
-0.006920000000001758,0.0
-0.00688000000000176,0.0004
-0.006840000000001761,0.0
-0.006800000000001763,0.0004
-0.006760000000001765,0.0004
-0.006720000000001766,0.0008
-0.006680000000001768,0.0
-0.0066400000000017695,0.0008
-0.006600000000001771,-0.0008
-0.006560000000001773,0.0016
-0.006520000000001774,0.0
-0.006480000000001776,-0.0012000000000000001
-0.006440000000001778,-0.0012000000000000001
-0.006400000000001779,0.0008
-0.006360000000001781,-0.0012000000000000001
-0.0063200000000017825,0.0004
-0.006280000000001784,-0.0008
-0.006240000000001786,0.0024000000000000002
-0.006200000000001787,0.0
-0.006160000000001789,0.0016
-0.006120000000001791,0.0
-0.006080000000001792,0.0
-0.006040000000001794,0.0012000000000000001
-0.0060000000000017956,-0.0024000000000000002
-0.005960000000001797,0.0004
-0.005920000000001799,-0.0008
-0.0058800000000018005,0.0016
-0.005840000000001802,0.0004
-0.005800000000001804,0.0
-0.005760000000001805,0.0
-0.005720000000001807,0.0004
-0.005680000000001809,-0.0004
-0.00564000000000181,0.0
-0.005600000000001812,0.0004
-0.0055600000000018135,-0.0008
-0.005520000000001815,0.0008
-0.005480000000001817,0.0004
-0.005440000000001818,0.0008
-0.00540000000000182,-0.002
-0.005360000000001822,0.0016
-0.005320000000001823,0.0
-0.005280000000001825,0.0012000000000000001
-0.0052400000000018265,0.0008
-0.005200000000001828,0.002
-0.00516000000000183,-0.0004
-0.005120000000001831,0.0004
-0.005080000000001833,0.0016
-0.005040000000001835,0.0
-0.005000000000001836,0.0012000000000000001
-0.004960000000001838,-0.0024000000000000002
-0.00492000000000184,0.0
-0.004880000000001841,0.0008
-0.004840000000001843,0.0
-0.0048000000000018445,0.0012000000000000001
-0.004760000000001846,0.0004
-0.004720000000001848,0.0
-0.004680000000001849,0.0012000000000000001
-0.004640000000001851,0.0008
-0.004600000000001853,0.0
-0.004560000000001854,0.0
-0.004520000000001856,-0.0012000000000000001
-0.0044800000000018575,0.0008
-0.004440000000001859,-0.0004
-0.004400000000001861,0.0012000000000000001
-0.004360000000001862,0.0
-0.004320000000001864,0.0016
-0.004280000000001866,0.0
-0.004240000000001867,0.0
-0.004200000000001869,0.0004
-0.0041600000000018705,0.0016
-0.004120000000001872,0.0012000000000000001
-0.004080000000001874,0.0016
-0.004040000000001875,-0.0004
-0.004000000000001877,-0.0004
-0.003960000000001879,0.0016
-0.00392000000000188,0.0
-0.003880000000001882,0.0008
-0.0038400000000018836,0.0008
-0.003800000000001885,0.0
-0.003760000000001887,0.0
-0.0037200000000018885,-0.0016
-0.00368000000000189,-0.0008
-0.0036400000000018917,0.0
-0.0036000000000018934,-0.0016
-0.003560000000001895,0.0
-0.0035200000000018966,-0.0004
-0.0034800000000018982,0.0004
-0.0034400000000019,0.0
-0.0034000000000019015,0.0
-0.003360000000001903,0.0
-0.0033200000000019048,0.0004
-0.0032800000000019064,-0.0012000000000000001
-0.003240000000001908,0.0012000000000000001
-0.0032000000000019097,0.0
-0.0031600000000019113,-0.0016
-0.003120000000001913,0.0
-0.0030800000000019145,0.0
-0.003040000000001916,0.0008
-0.003000000000001918,-0.0012000000000000001
-0.0029600000000019194,0.0
-0.002920000000001921,0.0008
-0.0028800000000019227,0.0008
-0.0028400000000019243,0.002
-0.002800000000001926,0.0008
-0.0027600000000019276,0.0004
-0.002720000000001929,-0.0004
-0.002680000000001931,-0.0008
-0.0026400000000019325,0.0004
-0.002600000000001934,0.0012000000000000001
-0.0025600000000019357,0.0
-0.0025200000000019374,-0.0008
-0.002480000000001939,0.0008
-0.0024400000000019406,-0.0016
-0.0024000000000019422,0.0004
-0.002360000000001944,0.0008
-0.0023200000000019455,0.0008
-0.002280000000001947,-0.0004
-0.0022400000000019488,0.0
-0.0022000000000019504,0.0
-0.002160000000001952,0.0
-0.0021200000000019537,0.0008
-0.0020800000000019553,0.0008
-0.002040000000001957,0.0012000000000000001
-0.0020000000000019585,0.0004
-0.00196000000000196,-0.0008
-0.0019200000000019618,0.0004
-0.0018800000000019634,-0.0004
-0.001840000000001965,0.0016
-0.0018000000000019667,0.0008
-0.0017600000000019683,0.0004
-0.00172000000000197,0.0012000000000000001
-0.0016800000000019716,0.0012000000000000001
-0.0016400000000019732,0.0008
-0.0016000000000019748,0.0008
-0.0015600000000019765,0.0016
-0.001520000000001978,-0.0004
-0.0014800000000019797,0.0004
-0.0014400000000019814,0.0016
-0.001400000000001983,0.0
-0.0013600000000019846,0.0004
-0.0013200000000019863,0.0
-0.0012800000000019879,0.0
-0.0012400000000019895,0.0
-0.0012000000000019911,-0.0012000000000000001
-0.0011600000000019928,0.0
-0.0011200000000019944,0.0
-0.001080000000001996,0.0008
-0.0010400000000019977,-0.0012000000000000001
-0.0010000000000019993,-0.0008
-0.0009600000000020009,-0.0004
-0.0009200000000020025,0.0
-0.0008800000000020042,0.0012000000000000001
-0.0008400000000020058,-0.0008
-0.0008000000000020074,-0.0004
-0.0007600000000020091,-0.0004
-0.0007200000000020107,0.0
-0.0006800000000020123,-0.0004
-0.000640000000002014,0.0012000000000000001
-0.0006000000000020156,-0.0012000000000000001
-0.0005600000000020172,0.0
-0.0005200000000020188,-0.0004
-0.0004800000000020205,0.0008
-0.0004400000000020221,-0.0004
-0.00040000000000202374,0.0016
-0.00036000000000202537,0.0004
-0.000320000000002027,0.002
-0.0002800000000020286,-0.0004
-0.00024000000000203026,0.0044
-0.00020000000000203189,0.0012000000000000001
-0.00016000000000203352,0.002
-0.00012000000000203515,-0.0004
-8.000000000203678e-05,0.0008
-4.0000000002038405e-05,0.0012000000000000001
-2.040034807748725e-15,-0.0032
3.9999999997958335e-05,-0.004
7.99999999979567e-05,-0.0028
0.00011999999999795508,-0.0004
0.00015999999999795345,0.0004
0.00019999999999795182,0.0008
0.00023999999999795019,0.0004
0.00027999999999794856,0.0
0.0003199999999979469,0.0004
0.0003599999999979453,0.0016
0.00039999999999794367,0.0016
0.00043999999999794204,-0.0004
0.0004799999999979404,0.0004
0.0005199999999979388,-0.0004
0.0005599999999979371,0.0004
0.0005999999999979355,0.0016
0.0006399999999979339,0.0012000000000000001
0.0006799999999979323,0.0004
0.0007199999999979306,0.0
0.000759999999997929,0.0004
0.0007999999999979274,0.0008
0.0008399999999979257,0.0
0.0008799999999979241,-0.0008
0.0009199999999979225,-0.0016
0.0009599999999979208,0.0
0.0009999999999979192,0.0008
0.0010399999999979176,0.0004
0.001079999999997916,-0.0004
0.0011199999999979143,0.0
0.0011599999999979127,0.0004
0.001199999999997911,-0.0008
0.0012399999999979094,-0.0012000000000000001
0.0012799999999979078,0.0008
0.0013199999999979062,0.0
0.0013599999999979046,0.0004
0.001399999999997903,0.002
0.0014399999999979013,0.0004
0.0014799999999978997,0.0
0.001519999999997898,0.0004
0.0015599999999978964,0.0016
0.0015999999999978948,-0.0012000000000000001
0.0016399999999978931,0.0
0.0016799999999978915,0.0
0.0017199999999978899,0.0024000000000000002
0.0017599999999978883,0.0004
0.0017999999999978866,0.0
0.001839999999997885,0.0012000000000000001
0.0018799999999978834,-0.0008
0.0019199999999978817,0.0004
0.00195999999999788,0.0
0.0019999999999978785,0.0008
0.002039999999997877,-0.0004
0.002079999999997875,0.0008
0.0021199999999978736,0.0
0.002159999999997872,0.0016
0.0021999999999978703,0.0004
0.0022399999999978687,0.0004
0.002279999999997867,-0.0004
0.0023199999999978654,0.0004
0.002359999999997864,0.0
0.002399999999997862,-0.0008
0.0024399999999978605,0.0008
0.002479999999997859,0.0008
0.0025199999999978573,0.0
0.0025599999999978557,0.0016
0.002599999999997854,0.0
0.0026399999999978524,0.0008
0.0026799999999978508,0.0
0.002719999999997849,-0.0004
0.0027599999999978475,0.0008
0.002799999999997846,0.0
0.0028399999999978442,0.0
0.0028799999999978426,0.0004
0.002919999999997841,0.002
0.0029599999999978394,0.0004
0.0029999999999978377,0.0012000000000000001
0.003039999999997836,0.002
0.0030799999999978345,0.0016
0.003119999999997833,0.0004
0.003159999999997831,0.0
0.0031999999999978296,0.0
0.003239999999997828,0.0012000000000000001
0.0032799999999978263,0.0016
0.0033199999999978247,-0.0012000000000000001
0.003359999999997823,0.0
0.0033999999999978214,0.0008
0.00343999999999782,0.0
0.003479999999997818,-0.0008
0.0035199999999978165,-0.0008
0.003559999999997815,0.0004
0.0035999999999978133,0.0004
0.0036399999999978117,-0.0004
0.00367999999999781,-0.0004
0.0037199999999978084,0.0004
0.0037599999999978068,0.0008
0.003799999999997805,0.0008
0.0038399999999978035,0.0016
0.003879999999997802,-0.0012000000000000001
0.0039199999999978,0.0008
0.003959999999997799,0.0008
0.003999999999997797,0.0012000000000000001
0.004039999999997795,-0.0008
0.004079999999997794,-0.0008
0.004119999999997792,0.0008
0.0041599999999977905,0.0004
0.004199999999997789,0.002
0.004239999999997787,0.0008
0.004279999999997786,0.0
0.004319999999997784,0.0012000000000000001
0.004359999999997782,0.0004
0.004399999999997781,0.0008
0.004439999999997779,0.0
0.004479999999997777,0.0004
0.004519999999997776,0.0
0.004559999999997774,0.002
0.0045999999999977725,0.0
0.004639999999997771,-0.0004
0.004679999999997769,0.0
0.004719999999997768,0.0016
0.004759999999997766,0.0016
0.004799999999997764,-0.0004
0.004839999999997763,0.0004
0.004879999999997761,-0.0016
0.0049199999999977595,0.0008
0.004959999999997758,-0.0012000000000000001
0.004999999999997756,-0.0016
0.005039999999997755,0.0004
0.005079999999997753,0.0
0.005119999999997751,0.0016
0.00515999999999775,0.0
0.005199999999997748,-0.0004
0.0052399999999977465,0.0
0.005279999999997745,0.0012000000000000001
0.005319999999997743,0.0008
0.005359999999997742,0.0
0.00539999999999774,0.0004
0.005439999999997738,0.0004
0.005479999999997737,0.0008
0.005519999999997735,0.0008
0.005559999999997733,0.0016
0.005599999999997732,-0.0004
0.00563999999999773,0.0012000000000000001
0.0056799999999977285,-0.0008
0.005719999999997727,-0.0004
0.005759999999997725,0.0004
0.005799999999997724,0.0008
0.005839999999997722,-0.0008
0.00587999999999772,0.0004
0.005919999999997719,0.0008
0.005959999999997717,0.0016
0.0059999999999977155,0.0012000000000000001
0.006039999999997714,0.0004
0.006079999999997712,0.0
0.006119999999997711,0.0004
0.006159999999997709,0.0
0.006199999999997707,-0.0004
0.006239999999997706,-0.0004
0.006279999999997704,0.0016
0.0063199999999977025,0.0012000000000000001
0.006359999999997701,0.0
0.006399999999997699,0.0012000000000000001
0.0064399999999976976,0.0016
0.006479999999997696,0.0012000000000000001
0.006519999999997694,0.0004
0.006559999999997693,0.0008
0.006599999999997691,0.0012000000000000001
0.006639999999997689,0.0
0.006679999999997688,0.0
0.006719999999997686,0.0016
0.0067599999999976845,0.0012000000000000001
0.006799999999997683,0.0
0.006839999999997681,0.0012000000000000001
0.00687999999999768,0.0012000000000000001
0.006919999999997678,0.0016
0.006959999999997676,0.0008
0.006999999999997675,0.0
0.007039999999997673,-0.0004
0.0070799999999976715,0.0004
0.00711999999999767,-0.0004
0.007159999999997668,0.0016
0.007199999999997667,-0.0004
0.007239999999997665,0.0016
0.007279999999997663,0.0008
0.007319999999997662,0.0004
0.00735999999999766,0.0004
0.0073999999999976585,0.0004
0.007439999999997657,0.0012000000000000001
0.007479999999997655,0.0008
0.0075199999999976536,0.002
0.007559999999997652,0.0016
0.00759999999999765,0.0008
0.007639999999997649,0.0004
0.007679999999997647,0.0004
0.007719999999997645,0.0016
0.007759999999997644,0.0008
0.007799999999997642,0.0
0.00783999999999764,0.0004
0.007879999999997639,0.0016
0.007919999999997637,0.0
0.007959999999997636,0.0012000000000000001
0.007999999999997634,-0.0004
0.008039999999997632,0.0004
0.00807999999999763,0.002
0.008119999999997629,-0.0008
0.008159999999997627,0.0012000000000000001
0.008199999999997626,0.0004
0.008239999999997624,-0.0004
0.008279999999997623,0.0004
0.008319999999997621,-0.0004
0.00835999999999762,-0.0004
0.008399999999997618,0.0004
0.008439999999997616,0.0008
0.008479999999997614,0.0
0.008519999999997613,0.0004
0.008559999999997611,0.0016
0.00859999999999761,0.0012000000000000001
0.008639999999997608,0.0008
0.008679999999997606,-0.0004
0.008719999999997605,0.0016
0.008759999999997603,0.0008
0.008799999999997601,0.0012000000000000001
0.0088399999999976,0.0012000000000000001
0.008879999999997598,0.0
0.008919999999997597,0.0008
0.008959999999997595,0.0
0.008999999999997593,0.0004
0.009039999999997592,0.002
0.00907999999999759,0.0008
0.009119999999997588,0.0008
0.009159999999997587,0.0
0.009199999999997585,0.0008
0.009239999999997583,0.0008
0.009279999999997582,0.0008
0.00931999999999758,-0.0004
0.009359999999997579,0.0
0.009399999999997577,0.0004
0.009439999999997575,0.0
0.009479999999997574,0.0
0.009519999999997572,0.0008
0.00955999999999757,0.0016
0.009599999999997569,0.0004
0.009639999999997567,0.0008
0.009679999999997566,0.0012000000000000001
0.009719999999997564,0.0016
0.009759999999997562,0.0012000000000000001
0.00979999999999756,0.002
0.009839999999997559,-0.0004
0.009879999999997557,0.0012000000000000001
0.009919999999997556,0.0012000000000000001
0.009959999999997554,-0.0004
0.009999999999997553,0.0012000000000000001
0.010039999999997551,0.0012000000000000001
0.01007999999999755,0.0008
0.010119999999997548,0.0
0.010159999999997546,0.0012000000000000001
0.010199999999997544,0.0004
0.010239999999997543,0.0024000000000000002
0.010279999999997541,0.0012000000000000001
0.01031999999999754,0.0004
0.010359999999997538,0.0
0.010399999999997536,0.0004
0.010439999999997535,0.0012000000000000001
0.010479999999997533,0.002
0.010519999999997531,0.0012000000000000001
0.01055999999999753,0.002
0.010599999999997528,0.002
0.010639999999997526,0.0
0.010679999999997525,0.0008
0.010719999999997523,0.0012000000000000001
0.010759999999997522,0.0004
0.01079999999999752,0.0004
0.010839999999997518,-0.0004
0.010879999999997517,0.0024000000000000002
0.010919999999997515,0.0008
0.010959999999997513,0.0024000000000000002
0.010999999999997512,0.0008
0.01103999999999751,0.0012000000000000001
0.011079999999997509,0.0004
0.011119999999997507,0.0016
0.011159999999997505,0.0008
0.011199999999997504,0.0
0.011239999999997502,0.0004
0.0112799999999975,-0.0012000000000000001
0.011319999999997499,0.0004
0.011359999999997497,0.0032
0.011399999999997495,0.0
0.011439999999997494,0.0004
0.011479999999997492,0.0012000000000000001
0.01151999999999749,-0.0004
0.011559999999997489,0.0016
0.011599999999997487,0.0
0.011639999999997486,0.0008
0.011679999999997484,0.0012000000000000001
0.011719999999997482,0.0008
0.01175999999999748,-0.0004
0.01179999999999748,0.0024000000000000002
0.011839999999997478,-0.0004
0.011879999999997476,0.0024000000000000002
0.011919999999997474,0.0004
0.011959999999997473,0.0
0.011999999999997471,0.0
0.01203999999999747,0.0016
0.012079999999997468,0.0
0.012119999999997466,0.0
0.012159999999997465,0.0008
0.012199999999997463,0.0008
0.012239999999997461,0.0004
0.01227999999999746,0.0016
0.012319999999997458,0.0012000000000000001
0.012359999999997456,0.0004
0.012399999999997455,0.0
0.012439999999997453,-0.0004
0.012479999999997451,-0.0004
0.01251999999999745,0.0012000000000000001
0.012559999999997448,0.0
0.012599999999997447,0.0
0.012639999999997445,0.0004
0.012679999999997443,-0.0004
0.012719999999997442,0.0004
0.01275999999999744,0.0012000000000000001
0.012799999999997438,0.0004
0.012839999999997437,0.0004
0.012879999999997435,0.0
0.012919999999997434,-0.0008
0.012959999999997432,0.0012000000000000001
0.01299999999999743,0.0016
0.013039999999997429,0.0
0.013079999999997427,0.0008
0.013119999999997425,0.0004
0.013159999999997424,0.0016
0.013199999999997422,0.002
0.01323999999999742,0.0004
0.013279999999997419,0.0012000000000000001
0.013319999999997417,0.0012000000000000001
0.013359999999997416,-0.0008
0.013399999999997414,0.0016
0.013439999999997412,0.0016
0.01347999999999741,0.0004
0.013519999999997409,0.0016
0.013559999999997407,0.002
0.013599999999997406,-0.0008
0.013639999999997404,0.0
0.013679999999997403,-0.0008
0.013719999999997401,0.0
0.0137599999999974,0.0004
0.013799999999997398,0.0016
0.013839999999997396,0.0008
0.013879999999997394,0.0016
0.013919999999997393,0.0
0.013959999999997391,0.0
0.01399999999999739,0.002
0.014039999999997388,0.0008
0.014079999999997386,-0.0008
0.014119999999997385,-0.0004
0.014159999999997383,0.0
0.014199999999997381,-0.0008
0.01423999999999738,0.0016
0.014279999999997378,0.0
0.014319999999997376,0.0016
0.014359999999997375,-0.0008
0.014399999999997373,0.0008
0.014439999999997372,0.0004
0.01447999999999737,0.0012000000000000001
0.014519999999997368,0.0
0.014559999999997367,0.0
0.014599999999997365,0.0012000000000000001
0.014639999999997363,0.0012000000000000001
0.014679999999997362,0.0016
0.01471999999999736,0.0016
0.014759999999997359,0.0
0.014799999999997357,0.002
0.014839999999997355,-0.0008
0.014879999999997354,0.0004
0.014919999999997352,0.0
0.01495999999999735,0.0016
0.014999999999997349,-0.0012000000000000001
0.015039999999997347,0.0004
0.015079999999997346,-0.0008
0.015119999999997344,0.0016
0.015159999999997342,0.0
0.01519999999999734,0.0016
0.015239999999997339,0.0
0.015279999999997337,0.0016
0.015319999999997336,-0.0012000000000000001
0.015359999999997334,-0.0004
0.015399999999997332,0.0004
0.01543999999999733,0.0004
0.01547999999999733,0.0004
0.015519999999997328,0.0008
0.015559999999997326,0.0
0.015599999999997324,0.0
0.015639999999997323,0.0
0.01567999999999732,0.0
0.01571999999999732,0.0008
0.015759999999997318,0.0004
0.015799999999997316,0.0
0.015839999999997315,0.0008
0.015879999999997313,-0.0004
0.01591999999999731,0.0004
0.01595999999999731,0.0
0.015999999999997308,0.0008
0.016039999999997306,0.0
0.016079999999997305,0.0012000000000000001
0.016119999999997303,0.0004
0.0161599999999973,-0.0008
0.0161999999999973,0.0012000000000000001
0.016239999999997298,-0.0008
0.016279999999997297,0.0
0.016319999999997295,-0.0008
0.016359999999997293,0.0008
0.016399999999997292,-0.0004
0.01643999999999729,0.0016
0.01647999999999729,0.0008
0.016519999999997287,0.0
0.016559999999997285,0.0012000000000000001
0.016599999999997284,0.0004
0.016639999999997282,0.0012000000000000001
0.01667999999999728,0.0016
0.01671999999999728,0.0
0.016759999999997277,0.0004
0.016799999999997275,0.0
0.016839999999997274,0.0012000000000000001
0.016879999999997272,0.0008
0.01691999999999727,-0.0012000000000000001
0.01695999999999727,0.0012000000000000001
0.016999999999997267,0.0008
0.017039999999997266,-0.0004
0.017079999999997264,0.0028
0.017119999999997262,-0.002
0.01715999999999726,0.0024000000000000002
0.01719999999999726,0.0004
0.017239999999997258,0.0008
0.017279999999997256,0.0
0.017319999999997254,0.0004
0.017359999999997253,-0.0004
0.01739999999999725,0.0016
0.01743999999999725,0.002
0.017479999999997248,0.0012000000000000001
0.017519999999997246,0.0012000000000000001
0.017559999999997244,0.0008
0.017599999999997243,0.0008
0.01763999999999724,0.0004
0.01767999999999724,0.0012000000000000001
0.017719999999997238,0.0004
0.017759999999997236,0.0012000000000000001
0.017799999999997235,0.0
0.017839999999997233,0.0012000000000000001
0.01787999999999723,0.0012000000000000001
0.01791999999999723,0.0008
0.017959999999997228,-0.0004
0.017999999999997227,-0.0004
0.018039999999997225,0.002
0.018079999999997223,0.0004
0.01811999999999722,-0.0004
0.01815999999999722,0.0004
0.01819999999999722,-0.0008
0.018239999999997217,-0.0004
0.018279999999997215,0.0008
0.018319999999997214,0.0016
0.018359999999997212,0.0
0.01839999999999721,0.0
0.01843999999999721,-0.0004
0.018479999999997207,-0.0004
0.018519999999997205,0.0008
0.018559999999997204,-0.0004
0.018599999999997202,-0.0004
0.0186399999999972,-0.0016
0.0186799999999972,0.002
0.018719999999997197,0.0
0.018759999999997196,0.0016
0.018799999999997194,-0.0004
0.018839999999997192,0.0008
0.01887999999999719,0.0008
0.01891999999999719,0.0012000000000000001
0.018959999999997187,-0.0012000000000000001
0.018999999999997186,0.0004
0.019039999999997184,0.0004
0.019079999999997183,0.0012000000000000001
0.01911999999999718,-0.0004
0.01915999999999718,0.0
0.019199999999997178,0.0008
0.019239999999997176,0.0012000000000000001
0.019279999999997174,0.0008
0.019319999999997173,0.0012000000000000001
0.01935999999999717,0.0016
0.01939999999999717,-0.0008
0.019439999999997168,0.0008
0.019479999999997166,0.0016
0.019519999999997165,0.0
0.019559999999997163,0.0016
0.01959999999999716,0.0012000000000000001
0.01963999999999716,0.0
0.019679999999997158,0.0012000000000000001
0.019719999999997156,-0.0004
0.019759999999997155,0.0008
0.019799999999997153,-0.0012000000000000001
0.01983999999999715,0.0012000000000000001
0.01987999999999715,0.0
0.01991999999999715,0.0008
0.019959999999997147,0.0012000000000000001
0.019999999999997145,0.0016
0.020039999999997143,0.0004
0.020079999999997142,0.0008
0.02011999999999714,-0.0008
0.02015999999999714,-0.0008
0.020199999999997137,0.0
0.020239999999997135,0.0004
0.020279999999997134,0.0012000000000000001
0.020319999999997132,0.0012000000000000001
0.02035999999999713,0.0012000000000000001
0.02039999999999713,0.0016
0.020439999999997127,0.0
0.020479999999997126,0.0008
0.020519999999997124,-0.0004
0.020559999999997122,-0.0004
0.02059999999999712,0.0012000000000000001
0.02063999999999712,0.0008
0.020679999999997117,0.002
0.020719999999997116,0.0008
0.020759999999997114,0.0012000000000000001
0.020799999999997112,0.002
0.02083999999999711,-0.0016
0.02087999999999711,0.0016
0.020919999999997108,0.002
0.020959999999997106,0.0012000000000000001
0.020999999999997104,0.0008
0.021039999999997103,0.0008
0.0210799999999971,0.0008
0.0211199999999971,0.0016
0.021159999999997098,-0.0004
0.021199999999997096,0.0
0.021239999999997095,0.0
0.021279999999997093,0.0016
0.02131999999999709,0.0012000000000000001
0.02135999999999709,0.0012000000000000001
0.021399999999997088,0.0
0.021439999999997086,0.0008
0.021479999999997085,0.0
0.021519999999997083,-0.0004
0.02155999999999708,-0.0004
0.02159999999999708,0.0008
0.021639999999997078,0.0004
0.021679999999997077,0.0004
0.021719999999997075,0.0024000000000000002
0.021759999999997073,0.0008
0.02179999999999707,0.0012000000000000001
0.02183999999999707,0.0008
0.02187999999999707,0.0024000000000000002
0.021919999999997067,0.0008
0.021959999999997065,0.0
0.021999999999997064,0.002
0.022039999999997062,0.0008
0.02207999999999706,0.0004
0.02211999999999706,0.0
0.022159999999997057,0.002
0.022199999999997055,0.0008
0.022239999999997054,0.002
0.022279999999997052,0.002
0.02231999999999705,0.0024000000000000002
0.02235999999999705,-0.0008
0.022399999999997047,0.0004
0.022439999999997046,0.0004
0.022479999999997044,0.0008
0.022519999999997042,0.0008
0.02255999999999704,0.0
0.02259999999999704,0.0008
0.022639999999997037,0.0
0.022679999999997036,0.002
0.022719999999997034,0.0004
0.022759999999997033,0.0004
0.02279999999999703,-0.0008
0.02283999999999703,0.0008
0.022879999999997028,0.0008
0.022919999999997026,0.0004
0.022959999999997024,0.0004
0.022999999999997023,-0.0004
0.02303999999999702,-0.0004
0.02307999999999702,-0.0012000000000000001
0.023119999999997018,0.0
0.023159999999997016,-0.0004
0.023199999999997015,0.0008
0.023239999999997013,0.0008
0.02327999999999701,0.0
0.02331999999999701,0.0008
0.023359999999997008,0.0008
0.023399999999997007,0.0012000000000000001
0.023439999999997005,-0.0012000000000000001
0.023479999999997003,0.0008
0.023519999999997,-0.0012000000000000001
0.023559999999997,0.0
0.023599999999997,0.0008
0.023639999999996997,-0.0012000000000000001
0.023679999999996995,0.0
0.023719999999996993,0.0012000000000000001
0.023759999999996992,0.0008
0.02379999999999699,0.0008
0.02383999999999699,0.0
0.023879999999996987,0.0
0.023919999999996985,0.0
0.023959999999996984,-0.0008
0.023999999999996982,0.0012000000000000001
0.02403999999999698,0.0004
0.02407999999999698,0.0008
0.024119999999996977,-0.0012000000000000001
0.024159999999996976,0.0004
0.024199999999996974,-0.0004
0.024239999999996972,0.0
0.02427999999999697,0.0016
0.02431999999999697,-0.0012000000000000001
0.024359999999996967,-0.0008
0.024399999999996966,-0.0008
0.024439999999996964,-0.0012000000000000001
0.024479999999996963,-0.0012000000000000001
0.02451999999999696,0.0004
0.02455999999999696,-0.0004
0.024599999999996958,-0.0004
0.024639999999996956,0.0
0.024679999999996954,0.0
0.024719999999996953,0.0004
0.02475999999999695,0.0
0.02479999999999695,-0.0004
0.024839999999996948,0.0
0.024879999999996946,0.0004
0.024919999999996945,-0.0004
0.024959999999996943,-0.0008
0.02499999999999694,-0.0004
0.02503999999999694,0.0
0.025079999999996938,0.0008
0.025119999999996936,0.0
0.025159999999996935,0.0
0.025199999999996933,-0.0012000000000000001
0.02523999999999693,0.0004
0.02527999999999693,0.0
0.02531999999999693,-0.0016
0.025359999999996927,-0.0008
0.025399999999996925,-0.0004
0.025439999999996923,-0.0004
0.025479999999996922,0.0
0.02551999999999692,-0.0012000000000000001
0.02555999999999692,-0.0012000000000000001
0.025599999999996917,-0.0004
0.025639999999996915,-0.0004
0.025679999999996914,0.0
0.025719999999996912,0.0004
0.02575999999999691,0.0004
0.02579999999999691,0.0008
0.025839999999996907,-0.0008
0.025879999999996905,0.0
0.025919999999996904,-0.0016
0.025959999999996902,-0.0012000000000000001
0.0259999999999969,-0.0004
0.0260399999999969,0.0004
0.026079999999996897,-0.0008
0.026119999999996896,-0.0008
0.026159999999996894,-0.0016
0.026199999999996892,0.0
0.02623999999999689,0.0
0.02627999999999689,-0.0008
0.026319999999996888,-0.0004
0.026359999999996886,-0.0012000000000000001
0.026399999999996884,-0.0008
0.026439999999996883,-0.0012000000000000001
0.02647999999999688,0.0004
0.02651999999999688,-0.0004
0.026559999999996878,0.0004
0.026599999999996876,-0.0012000000000000001
0.026639999999996875,0.0016
0.026679999999996873,-0.0012000000000000001
0.02671999999999687,-0.0008
0.02675999999999687,-0.0012000000000000001
0.026799999999996868,-0.0024000000000000002
0.026839999999996866,0.0016
0.026879999999996865,0.0
0.026919999999996863,0.0
0.02695999999999686,-0.0004
0.02699999999999686,0.0012000000000000001
0.027039999999996858,-0.0004
0.027079999999996857,-0.0008
0.027119999999996855,-0.0004
0.027159999999996853,0.0004
0.02719999999999685,0.0004
0.02723999999999685,0.0
0.02727999999999685,0.0012000000000000001
0.027319999999996847,0.0004
0.027359999999996845,0.0012000000000000001
0.027399999999996844,-0.0012000000000000001
0.027439999999996842,0.0004
0.02747999999999684,0.0
0.02751999999999684,0.0016
0.027559999999996837,0.0
0.027599999999996835,0.0008
0.027639999999996834,0.0008
0.027679999999996832,-0.0012000000000000001
0.02771999999999683,0.0004
0.02775999999999683,0.0004
0.027799999999996827,0.0012000000000000001
0.027839999999996826,0.0
0.027879999999996824,-0.0004
0.027919999999996822,-0.0012000000000000001
0.02795999999999682,0.0
0.02799999999999682,0.0016
0.028039999999996817,0.0004
0.028079999999996816,0.0008
0.028119999999996814,0.0
0.028159999999996813,0.0
0.02819999999999681,0.0016
0.02823999999999681,0.002
0.028279999999996808,0.0
0.028319999999996806,0.0012000000000000001
0.028359999999996804,0.0012000000000000001
0.028399999999996803,0.0012000000000000001
0.0284399999999968,0.0004
0.0284799999999968,0.0
0.028519999999996798,0.0012000000000000001
0.028559999999996796,0.0
0.028599999999996795,0.0024000000000000002
0.028639999999996793,0.0004
0.02867999999999679,0.0016
0.02871999999999679,0.0004
0.028759999999996788,-0.0008
0.028799999999996787,0.0012000000000000001
0.028839999999996785,0.0008
0.028879999999996783,0.0012000000000000001
0.02891999999999678,0.0024000000000000002
0.02895999999999678,0.0008
0.02899999999999678,0.0016
0.029039999999996777,0.0008
0.029079999999996775,0.0012000000000000001
0.029119999999996773,0.0004
0.029159999999996772,0.0024000000000000002
0.02919999999999677,-0.0004
0.02923999999999677,0.0004
0.029279999999996767,0.0
0.029319999999996765,0.002
0.029359999999996764,0.0012000000000000001
0.029399999999996762,0.0008
0.02943999999999676,0.0012000000000000001
0.02947999999999676,0.0008
0.029519999999996757,0.0
0.029559999999996756,0.0004
0.029599999999996754,0.0004
0.029639999999996752,0.0
0.02967999999999675,0.0016
0.02971999999999675,0.0016
0.029759999999996747,0.002
0.029799999999996746,0.0024000000000000002
0.029839999999996744,0.0012000000000000001
0.029879999999996742,0.0008
0.02991999999999674,0.0016
0.02995999999999674,0.0016
0.029999999999996738,0.0004
0.030039999999996736,0.0012000000000000001
0.030079999999996734,0.0012000000000000001
0.030119999999996733,0.002
0.03015999999999673,0.0024000000000000002
0.03019999999999673,0.0008
0.030239999999996728,0.0012000000000000001
0.030279999999996726,-0.0004
0.030319999999996725,0.0
0.030359999999996723,0.0012000000000000001
0.03039999999999672,0.0016
0.03043999999999672,0.0008
0.030479999999996718,0.0
0.030519999999996716,0.0008
0.030559999999996715,0.0016
0.030599999999996713,0.0
0.03063999999999671,0.002
0.03067999999999671,0.0004
0.03071999999999671,0.0016
0.030759999999996707,0.002
0.030799999999996705,-0.0012000000000000001
0.030839999999996703,0.0012000000000000001
0.030879999999996702,0.0016
0.0309199999999967,0.0008
0.0309599999999967,0.0024000000000000002
0.030999999999996697,0.0004
0.031039999999996695,0.0004
0.031079999999996694,0.0008
0.031119999999996692,0.0004
0.03115999999999669,0.0024000000000000002
0.03119999999999669,0.0012000000000000001
0.031239999999996687,-0.0004
0.031279999999996685,0.0004
0.031319999999996684,0.0
0.03135999999999668,0.0008
0.03139999999999668,0.0012000000000000001
0.03143999999999668,0.0012000000000000001
0.03147999999999668,0.0008
0.031519999999996676,0.0008
0.031559999999996674,0.0016
0.03159999999999667,0.0
0.03163999999999667,-0.0008
0.03167999999999667,0.002
0.03171999999999667,0.0016
0.031759999999996666,0.0
0.031799999999996664,-0.0004
0.03183999999999666,0.002
0.03187999999999666,0.0
0.03191999999999666,-0.0016
0.03195999999999666,0.0012000000000000001
0.031999999999996656,0.0016
0.032039999999996654,-0.0008
0.03207999999999665,0.0
0.03211999999999665,-0.0004
0.03215999999999665,-0.0012000000000000001
0.03219999999999665,0.0
0.032239999999996646,0.0
0.032279999999996645,-0.0028
0.03231999999999664,0.0004
0.03235999999999664,0.0
0.03239999999999664,0.0004
0.03243999999999664,0.0
0.03247999999999664,0.0
0.032519999999996635,0.0004
0.03255999999999663,0.0008
0.03259999999999663,-0.0004
0.03263999999999663,0.0004
0.03267999999999663,0.0
0.03271999999999663,-0.0012000000000000001
0.032759999999996625,0.0008
0.032799999999996624,-0.0008
0.03283999999999662,-0.0004
0.03287999999999662,0.0
0.03291999999999662,0.0004
0.03295999999999662,-0.0012000000000000001
0.032999999999996615,-0.0008
0.033039999999996614,-0.0004
0.03307999999999661,-0.0004
0.03311999999999661,-0.0012000000000000001
0.03315999999999661,-0.0004
0.03319999999999661,-0.0008
0.033239999999996606,-0.0004
0.033279999999996604,-0.0016
0.0333199999999966,0.0
0.0333599999999966,-0.0012000000000000001
0.0333999999999966,-0.0008
0.0334399999999966,0.0
0.033479999999996596,-0.0028
0.033519999999996594,0.0004
0.03355999999999659,-0.0012000000000000001
0.03359999999999659,-0.0004
0.03363999999999659,0.0
0.03367999999999659,0.0008
0.033719999999996586,0.0004
0.033759999999996584,-0.0008
0.03379999999999658,-0.0004
0.03383999999999658,0.0
0.03387999999999658,0.0
0.03391999999999658,-0.0012000000000000001
0.033959999999996576,0.0
0.033999999999996575,0.0004
0.03403999999999657,0.0
0.03407999999999657,-0.0004
0.03411999999999657,0.0
0.03415999999999657,0.0004
0.034199999999996566,0.0008
0.034239999999996565,-0.0008
0.03427999999999656,0.0004
0.03431999999999656,-0.0004
0.03435999999999656,0.0004
0.03439999999999656,-0.0012000000000000001
0.03443999999999656,-0.0012000000000000001
0.034479999999996555,0.0008
0.03451999999999655,0.0008
0.03455999999999655,0.0
0.03459999999999655,0.0004
0.03463999999999655,-0.0012000000000000001
0.03467999999999655,-0.0008
0.034719999999996545,0.0004
0.034759999999996544,-0.0004
0.03479999999999654,-0.0004
0.03483999999999654,-0.0008
0.03487999999999654,-0.0012000000000000001
0.03491999999999654,-0.0012000000000000001
0.034959999999996536,0.0004
0.034999999999996534,0.0004
0.03503999999999653,-0.0016
0.03507999999999653,0.0012000000000000001
0.03511999999999653,-0.0004
0.03515999999999653,0.0012000000000000001
0.035199999999996526,0.0004
0.035239999999996524,-0.0004
0.03527999999999652,-0.0016
0.03531999999999652,0.0004
0.03535999999999652,-0.0004
0.03539999999999652,0.0008
0.035439999999996516,0.0004
0.035479999999996514,0.0016
0.03551999999999651,0.0008
0.03555999999999651,0.0
0.03559999999999651,0.0004
0.03563999999999651,-0.0004
0.035679999999996506,0.0008
0.035719999999996505,0.0004
0.0357599999999965,0.0
0.0357999999999965,0.0004
0.0358399999999965,0.0
0.0358799999999965,0.0008
0.035919999999996496,0.0008
0.035959999999996495,-0.0008
0.03599999999999649,-0.0008
0.03603999999999649,-0.0012000000000000001
0.03607999999999649,0.0
0.03611999999999649,-0.0004
0.03615999999999649,0.0008
0.036199999999996485,0.0
0.03623999999999648,0.0
0.03627999999999648,-0.0004
0.03631999999999648,-0.0008
0.03635999999999648,-0.0012000000000000001
0.03639999999999648,0.0
0.036439999999996475,0.0012000000000000001
0.036479999999996474,0.0
0.03651999999999647,-0.0008
0.03655999999999647,0.0012000000000000001
0.03659999999999647,0.0008
0.03663999999999647,0.0008
0.036679999999996465,0.0
0.036719999999996464,0.0
0.03675999999999646,-0.0004
0.03679999999999646,-0.0004
0.03683999999999646,-0.0008
0.03687999999999646,0.0004
0.036919999999996456,-0.0004
0.036959999999996454,0.0004
0.03699999999999645,0.0004
0.03703999999999645,0.002
0.03707999999999645,0.0
0.03711999999999645,0.0008
0.037159999999996446,0.0004
0.037199999999996444,0.0012000000000000001
0.03723999999999644,-0.0004
0.03727999999999644,0.0004
0.03731999999999644,-0.0008
0.03735999999999644,0.0008
0.037399999999996436,0.0
0.037439999999996434,0.0
0.03747999999999643,-0.0004
0.03751999999999643,-0.0004
0.03755999999999643,-0.0012000000000000001
0.03759999999999643,0.0004
0.037639999999996426,-0.0008
0.037679999999996425,-0.0008
0.03771999999999642,-0.0008
0.03775999999999642,0.0016
0.03779999999999642,0.0012000000000000001
0.03783999999999642,0.0016
0.03787999999999642,0.0008
0.037919999999996415,0.0
0.03795999999999641,0.0004
0.03799999999999641,0.0016
0.03803999999999641,-0.0004
0.03807999999999641,0.0
0.03811999999999641,0.0016
0.038159999999996405,-0.0004
0.038199999999996403,0.002
0.0382399999999964,0.0012000000000000001
0.0382799999999964,-0.0004
0.0383199999999964,0.0016
0.0383599999999964,0.0
0.038399999999996395,0.0
0.038439999999996394,0.0012000000000000001
0.03847999999999639,0.0004
0.03851999999999639,0.0012000000000000001
0.03855999999999639,0.0
0.03859999999999639,0.0004
0.038639999999996386,0.0016
0.038679999999996384,-0.0008
0.03871999999999638,0.0008
0.03875999999999638,-0.0004
0.03879999999999638,-0.0008
0.03883999999999638,0.0016
0.038879999999996376,-0.0004
0.038919999999996374,0.0
0.03895999999999637,0.0012000000000000001
0.03899999999999637,-0.0012000000000000001
0.03903999999999637,-0.0004
0.03907999999999637,0.0
0.039119999999996366,0.002
0.039159999999996364,0.0
0.03919999999999636,-0.0004
0.03923999999999636,0.0008
0.03927999999999636,0.0
0.03931999999999636,0.0
0.039359999999996356,-0.0012000000000000001
0.039399999999996355,0.0008
0.03943999999999635,0.0
0.03947999999999635,0.0012000000000000001
0.03951999999999635,-0.0004
0.03955999999999635,0.0008
0.039599999999996346,0.0008
0.039639999999996345,0.0008
0.03967999999999634,-0.0004
0.03971999999999634,0.0016
0.03975999999999634,0.0
0.03979999999999634,-0.0004
0.03983999999999634,-0.0008
0.039879999999996335,-0.0004
0.03991999999999633,0.0008
0.03995999999999633,0.0
0.03999999999999633,0.0004
0.04003999999999633,0.0008
0.04007999999999633,-0.0008
0.040119999999996325,0.0004
0.040159999999996324,-0.0004
0.04019999999999632,-0.0004
0.04023999999999632,0.0
0.04027999999999632,0.0
0.04031999999999632,-0.0004
0.040359999999996315,-0.0004
0.040399999999996314,0.0004
0.04043999999999631,0.0016
0.04047999999999631,-0.0012000000000000001
0.04051999999999631,0.0
0.04055999999999631,-0.0004
0.040599999999996306,0.0012000000000000001
0.040639999999996304,-0.0008
0.0406799999999963,0.0004
0.0407199999999963,0.0004
0.0407599999999963,0.0008
0.0407999999999963,-0.0008
0.040839999999996296,0.0004
0.040879999999996294,0.0004
0.04091999999999629,0.0
0.04095999999999629,0.0
0.04099999999999629,-0.0004
0.04103999999999629,0.0
0.041079999999996286,0.0008
0.041119999999996285,0.0012000000000000001
0.04115999999999628,0.0
0.04119999999999628,0.0
0.04123999999999628,0.0
0.04127999999999628,0.0008
0.041319999999996276,0.0004
0.041359999999996275,0.0004
0.04139999999999627,0.0004
0.04143999999999627,-0.0004
0.04147999999999627,0.0004
0.04151999999999627,0.0
0.04155999999999627,-0.0004
0.041599999999996265,-0.0012000000000000001
0.04163999999999626,0.0008
0.04167999999999626,-0.0012000000000000001
0.04171999999999626,0.0016
0.04175999999999626,0.0008
0.04179999999999626,0.0
0.041839999999996255,0.0008
0.041879999999996254,0.0
0.04191999999999625,-0.0008
0.04195999999999625,0.0012000000000000001
0.04199999999999625,0.0
0.04203999999999625,0.0
0.042079999999996245,0.0012000000000000001
0.042119999999996244,-0.0016
0.04215999999999624,-0.0008
0.04219999999999624,0.0004
0.04223999999999624,-0.0004
0.04227999999999624,-0.0008
0.042319999999996236,0.0004
0.042359999999996234,0.0
0.04239999999999623,0.0008
0.04243999999999623,0.0
0.04247999999999623,0.0008
0.04251999999999623,0.0004
0.042559999999996226,-0.0004
0.042599999999996224,0.0004
0.04263999999999622,0.0004
0.04267999999999622,-0.0004
0.04271999999999622,0.0004
0.04275999999999622,-0.0004
0.042799999999996216,0.0016
0.042839999999996214,-0.0012000000000000001
0.04287999999999621,-0.0004
0.04291999999999621,0.0
0.04295999999999621,0.0004
0.04299999999999621,0.0012000000000000001
0.043039999999996206,0.0004
0.043079999999996205,0.0008
0.0431199999999962,0.0
0.0431599999999962,0.0
0.0431999999999962,0.0
0.0432399999999962,-0.0004
0.043279999999996197,0.0004
0.043319999999996195,0.0016
0.04335999999999619,-0.0004
0.04339999999999619,0.0016
0.04343999999999619,-0.0008
0.04347999999999619,-0.0004
0.04351999999999619,0.0
0.043559999999996185,0.0012000000000000001
0.043599999999996183,0.0012000000000000001
0.04363999999999618,-0.0004
0.04367999999999618,0.0008
0.04371999999999618,-0.0004
0.04375999999999618,0.0016
0.043799999999996175,-0.0016
0.043839999999996174,-0.0008
0.04387999999999617,-0.0008
0.04391999999999617,0.0004
0.04395999999999617,0.0004
0.04399999999999617,0.0008
0.044039999999996166,-0.0012000000000000001
0.044079999999996164,0.0
0.04411999999999616,0.0012000000000000001
0.04415999999999616,0.0004
0.04419999999999616,-0.0008
0.04423999999999616,0.0012000000000000001
0.044279999999996156,0.0
0.044319999999996154,0.0004
0.04435999999999615,0.0004
0.04439999999999615,0.0
0.04443999999999615,0.0008
0.04447999999999615,0.0
0.044519999999996146,0.0008
0.044559999999996144,0.0008
0.04459999999999614,0.0004
0.04463999999999614,0.0008
0.04467999999999614,0.0
0.04471999999999614,0.0
0.044759999999996136,0.0012000000000000001
0.044799999999996135,0.0004
0.04483999999999613,0.0
0.04487999999999613,-0.0004
0.04491999999999613,0.0008
0.04495999999999613,0.0012000000000000001
0.044999999999996126,-0.0012000000000000001
0.045039999999996125,0.0
0.04507999999999612,-0.0012000000000000001
0.04511999999999612,-0.0008
0.04515999999999612,0.0016
0.04519999999999612,-0.0012000000000000001
0.04523999999999612,-0.0004
0.045279999999996115,0.0004
0.04531999999999611,-0.0012000000000000001
0.04535999999999611,0.0008
0.04539999999999611,0.0004
0.04543999999999611,0.0008
0.04547999999999611,0.0016
0.045519999999996105,0.0004
0.045559999999996104,0.0
0.0455999999999961,0.0008
0.0456399999999961,0.0012000000000000001
0.0456799999999961,0.0008
0.0457199999999961,0.0028
0.045759999999996095,0.0004
0.045799999999996094,0.0012000000000000001
0.04583999999999609,0.0004
0.04587999999999609,0.0008
0.04591999999999609,0.0
0.04595999999999609,0.0016
0.045999999999996086,0.0
0.046039999999996084,-0.0004
0.04607999999999608,0.0004
0.04611999999999608,0.0008
0.04615999999999608,0.0004
0.04619999999999608,0.0004
0.046239999999996076,0.0004
0.046279999999996074,-0.0008
0.04631999999999607,0.0004
0.04635999999999607,0.0
0.04639999999999607,0.0
0.04643999999999607,0.0
0.046479999999996066,0.0008
0.046519999999996064,0.0012000000000000001
0.04655999999999606,-0.0004
0.04659999999999606,-0.0012000000000000001
0.04663999999999606,0.0016
0.04667999999999606,-0.0004
0.046719999999996056,-0.0016
0.046759999999996055,-0.0004
0.04679999999999605,0.0004
0.04683999999999605,0.0008
0.04687999999999605,0.0
0.04691999999999605,-0.0004
0.04695999999999605,0.002
0.046999999999996045,0.0012000000000000001
0.04703999999999604,0.0004
0.04707999999999604,-0.0004
0.04711999999999604,0.0012000000000000001
0.04715999999999604,0.0012000000000000001
0.04719999999999604,0.0016
0.047239999999996035,0.0004
0.047279999999996034,-0.0008
0.04731999999999603,0.0012000000000000001
0.04735999999999603,0.0008
0.04739999999999603,0.0
0.04743999999999603,0.0004
0.047479999999996025,0.0
0.047519999999996024,0.0004
0.04755999999999602,0.0004
0.04759999999999602,-0.0016
0.04763999999999602,0.0004
0.04767999999999602,0.0008
0.047719999999996016,-0.0012000000000000001
0.047759999999996014,0.0004
0.04779999999999601,-0.0012000000000000001
0.04783999999999601,0.0004
0.04787999999999601,-0.0008
0.04791999999999601,0.0
0.047959999999996006,-0.0016
0.047999999999996004,0.0004
0.048039999999996,-0.0004
0.048079999999996,0.0016
0.048119999999996,0.0016
0.048159999999996,-0.0008
0.048199999999995996,-0.0004
0.048239999999995994,-0.0008
0.04827999999999599,0.0
0.04831999999999599,0.0016
0.04835999999999599,0.0
0.04839999999999599,0.0
0.048439999999995986,0.002
0.048479999999995985,0.0012000000000000001
0.04851999999999598,0.0004
0.04855999999999598,0.0012000000000000001
0.04859999999999598,0.0004
0.04863999999999598,0.0004
0.048679999999995976,0.002
0.048719999999995975,0.0008
0.04875999999999597,0.002
0.04879999999999597,0.0008
0.04883999999999597,0.0008
0.04887999999999597,0.0008
0.04891999999999597,0.0
0.048959999999995965,0.0008
0.04899999999999596,0.0008
0.04903999999999596,0.0004
0.04907999999999596,0.0008
0.04911999999999596,0.0004
0.04915999999999596,-0.0004
0.049199999999995955,-0.0004
0.049239999999995954,0.0008
0.04927999999999595,0.0004
0.04931999999999595,-0.0008
0.04935999999999595,-0.0004
0.04939999999999595,0.0
0.049439999999995946,-0.0008
0.049479999999995944,0.0012000000000000001
0.04951999999999594,0.0004
0.04955999999999594,-0.0008
0.04959999999999594,0.0012000000000000001
0.04963999999999594,-0.0008
0.049679999999995936,0.0024000000000000002
0.049719999999995934,0.0008
0.04975999999999593,0.0
0.04979999999999593,-0.0004
0.04983999999999593,0.0004
0.04987999999999593,0.0
0.049919999999995926,0.0008
0.049959999999995924,0.0004
0.04999999999999592,-0.0004
